trial_id,title,status,phase,sponsor,sponsor_class,intervention_names,intervention_types,countries,regions,last_update_posted,has_results,source_url
NCT00000416,Prevention of Arthritis-Related Work Disability,COMPLETED,N/A,Boston University Charles River Campus,OTHER,Rehabilitation counseling,other,United States,North America,2017-07-26,False,https://clinicaltrials.gov/study/NCT00000416
NCT00000417,Psychoeducational Approach to Improve Health in Lupus,COMPLETED,Phase 2,Brigham and Women's Hospital,OTHER,Counseling intervention; Informational film,device; procedure,United States,North America,2013-12-24,False,https://clinicaltrials.gov/study/NCT00000417
NCT00000419,Safety of Estrogens in Lupus: Hormone Replacement Therapy,TERMINATED,Phase 3,NYU Langone Health,OTHER,Premarin and Provera,drug,United States,North America,2013-05-03,False,https://clinicaltrials.gov/study/NCT00000419
NCT00000420,Safety of Estrogens in Lupus: Birth Control Pills,COMPLETED,Phase 3,NYU Langone Health,OTHER,Ortho-Novum 777,drug,United States,North America,2013-05-03,False,https://clinicaltrials.gov/study/NCT00000420
NCT00000421,"Serologically Active, Clinically Stable Systemic Lupus Erythematosus",COMPLETED,Phase 2,NYU Langone Health,OTHER,Placebo; Prednisone,drug,United States,North America,2016-03-04,False,https://clinicaltrials.gov/study/NCT00000421
NCT00001212,Drug Therapy in Lupus Nephropathy,COMPLETED,Phase 2,National Institute of Diabetes and Digestive and Kidney Diseases (NIDDK),NIH,cyclophosphamide; cyclosporin A; prednisone,drug,United States,North America,2008-04-09,False,https://clinicaltrials.gov/study/NCT00001212
NCT00001372,Study of Systemic Lupus Erythematosus,RECRUITING,N/A,National Institute of Arthritis and Musculoskeletal and Skin Diseases (NIAMS),NIH,,,United States,North America,2026-05-01,False,https://clinicaltrials.gov/study/NCT00001372
NCT00001676,Cyclophosphamide and Fludarabine to Treat Lupus Nephritis,COMPLETED,Phase 1,National Institute of Arthritis and Musculoskeletal and Skin Diseases (NIAMS),NIH,SQ Fludarabine,drug,United States,North America,2008-03-04,False,https://clinicaltrials.gov/study/NCT00001676
NCT00001789,BG9588 (Anti-CD40L Antibody) to Treat Lupus Nephritis,COMPLETED,Phase 2,National Institute of Arthritis and Musculoskeletal and Skin Diseases (NIAMS),NIH,BG9588,drug,United States,North America,2008-03-04,False,https://clinicaltrials.gov/study/NCT00001789
NCT00004375,Ultraviolet Light Therapy for Systemic Lupus Erythematosus,UNKNOWN,Phase 2,National Center for Research Resources (NCRR),NIH,ultraviolet A-1 light treatment,procedure,United States,North America,2005-06-24,False,https://clinicaltrials.gov/study/NCT00004375
NCT00004643,Phase II Pilot Study of Cytarabine for Refractory Systemic Lupus Erythematosus,COMPLETED,Phase 2,National Center for Research Resources (NCRR),NIH,cytarabine,drug,,,2005-06-24,False,https://clinicaltrials.gov/study/NCT00004643
NCT00004662,"Phase III Randomized, Double-Blind, Placebo-Controlled Study of Dehydroepiandrosterone in Women With Active Systemic Lupus Erythematosus",COMPLETED,Phase 3,National Center for Research Resources (NCRR),NIH,dehydroepiandrosterone,drug,,,2005-06-24,False,https://clinicaltrials.gov/study/NCT00004662
NCT00004663,Epidemiologic Study of Reproductive Outcome in Women With Systemic Lupus Erythematosus,COMPLETED,N/A,National Center for Research Resources (NCRR),NIH,,,,,2005-06-24,False,https://clinicaltrials.gov/study/NCT00004663
NCT00004665,Phase II Study of Long-Term Dehydroepiandrosterone for Systemic Lupus Erythematosus,COMPLETED,Phase 2,National Center for Research Resources (NCRR),NIH,dehydroepiandrosterone,drug,,,2005-06-24,False,https://clinicaltrials.gov/study/NCT00004665
NCT00004756,Study of Individualized Instruction Versus Pamphlet in Systemic Lupus Erythematosus,COMPLETED,N/A,National Center for Research Resources (NCRR),NIH,Educational materials; Tailored educational program,procedure,,,2005-06-24,False,https://clinicaltrials.gov/study/NCT00004756
NCT00004795,"Phase II/III Randomized, Double-Blind, Placebo-Controlled Study of Dehydroepiandrosterone in Women With Mild to Moderate Systemic Lupus Erythematosus",COMPLETED,"Phase 2, Phase 3",National Center for Research Resources (NCRR),NIH,dehydroepiandrosterone,drug,,,2005-06-24,False,https://clinicaltrials.gov/study/NCT00004795
NCT00005436,Lupus Cohort--Thrombotic Events and Coronary Artery Disease,COMPLETED,N/A,"National Heart, Lung, and Blood Institute (NHLBI)",NIH,,,,,2016-02-18,False,https://clinicaltrials.gov/study/NCT00005436
NCT00005778,High-Dose Intravenous (IV) Cyclophosphamide Versus Monthly IV Cyclophosphamide,COMPLETED,Phase 3,National Institute of Arthritis and Musculoskeletal and Skin Diseases (NIAMS),NIH,High-dose immunoablative therapy,drug,United States,North America,2008-11-06,False,https://clinicaltrials.gov/study/NCT00005778
NCT00006055,Autologous Peripheral Blood Stem Cell Transplantation in Patients With Life Threatening Autoimmune Diseases,UNKNOWN,N/A,Fairview University Medical Center,OTHER,Autologous Peripheral Blood Stem Cell Transplantation; anti-thymocyte globulin; cyclophosphamide; cyclosporine; filgrastim; methylprednisolone; prednisone,drug; procedure,United States,North America,2005-06-24,False,https://clinicaltrials.gov/study/NCT00006055
NCT00006133,Randomized Study of Oral Contraceptives or Hormone Replacement Therapy in Women With Systemic Lupus Erythematosus,COMPLETED,N/A,National Center for Research Resources (NCRR),NIH,estradiol; ethinyl estradiol; medroxyprogesterone; norethindrone,drug,United States,North America,2005-06-24,False,https://clinicaltrials.gov/study/NCT00006133
NCT00006134,Study of the Predictors of the Course and Early Outcome of Patients With Systemic Lupus Erythematosus: Nature Versus Nurture,COMPLETED,N/A,National Center for Research Resources (NCRR),NIH,,,United States,North America,2005-06-24,False,https://clinicaltrials.gov/study/NCT00006134
NCT00007358,Dexamethasone Treatment for Congenital Heart Block (CHB) in Newborns With Lupus,COMPLETED,N/A,NYU Langone Health,OTHER,Dexamethasone or other corticosteroid,drug,United States,North America,2016-03-11,False,https://clinicaltrials.gov/study/NCT00007358
NCT00008749,Role of Altered CD40-Ligand Gene Transcription in Systemic Lupus Erythematosus,UNKNOWN,N/A,National Center for Research Resources (NCRR),NIH,,,United States,North America,2005-06-24,False,https://clinicaltrials.gov/study/NCT00008749
NCT00010335,"Pilot Study of Total Body Irradiation in Combination With Cyclophosphamide, Anti-thymocyte Globulin, and Autologous CD34-Selected Peripheral Blood Stem Cell Transplantation in Children With Refractory Autoimmune Disorders",COMPLETED,Phase 1,Fred Hutchinson Cancer Center,OTHER,CD34 selection; Stem Cell Transplantation,device; procedure,United States,North America,2015-03-06,False,https://clinicaltrials.gov/study/NCT00010335
NCT00010400,Pilot Study of Cyclophosphamide in Patients With Life-Threatening Systemic Lupus Erythematosus or Antiphospholipid Antibody Syndrome,COMPLETED,N/A,Johns Hopkins University,OTHER,Cyclophosphamide; filgrastim,drug,United States,North America,2005-06-24,False,https://clinicaltrials.gov/study/NCT00010400
NCT00011908,Humanized LL2IGG to Treat Systemic Lupus Erythematosus,COMPLETED,Phase 1,National Institute of Arthritis and Musculoskeletal and Skin Diseases (NIAMS),NIH,hLL2 (Epratuzumab),drug,United States,North America,2008-03-04,False,https://clinicaltrials.gov/study/NCT00011908
NCT00017641,Phase I Study of Immune Ablation and CD34+ Peripheral Blood Stem Cell Support in Patients With Systemic Lupus Erythematosus,UNKNOWN,Phase 1,Northwestern Memorial Hospital,OTHER,CD34+ Peripheral Blood Stem Cell Reinfusion; anti-thymocyte globulin; cyclophosphamide; filgrastim,drug; procedure,United States,North America,2005-06-24,False,https://clinicaltrials.gov/study/NCT00017641
NCT00025818,Six Month Clinical Research Study for Patients With Moderate or Severe Dry Eye Syndrome,COMPLETED,Phase 3,Allergan,INDUSTRY,Ophthalmic Emulsion,drug,United States,North America,2011-05-30,False,https://clinicaltrials.gov/study/NCT00025818
NCT00029926,Positron Emission Tomography (PET) to Locate Areas of White Blood Cell Activity,COMPLETED,N/A,National Institute of Arthritis and Musculoskeletal and Skin Diseases (NIAMS),NIH,2-deoxy-2 [F-18] fluoro-2-d-glucose,drug,United States,North America,2008-03-04,False,https://clinicaltrials.gov/study/NCT00029926
NCT00035308,Safety and Efficacy Study of LJP 394 (Abetimus Sodium) to Treat Lupus Kidney Disease,COMPLETED,Phase 3,La Jolla Pharmaceutical Company,INDUSTRY,Abetimus sodium (LJP 394),drug,Austria; Canada; France; Germany; Italy; Mexico; Spain; Sweden; United Kingdom; United States,Europe; North America,2006-09-25,False,https://clinicaltrials.gov/study/NCT00035308
NCT00036491,Anti-CD20 in Systemic Lupus Erythematosus,COMPLETED,"Phase 1, Phase 2",National Institute of Allergy and Infectious Diseases (NIAID),NIH,Rituximab,drug,United States,North America,2017-11-06,False,https://clinicaltrials.gov/study/NCT00036491
NCT00037128,Study of GL701 in Men With Systemic Lupus Erythematosus,UNKNOWN,Phase 3,Genelabs Technologies,INDUSTRY,GL701,drug,United States,North America,2005-06-24,False,https://clinicaltrials.gov/study/NCT00037128
NCT00042523,Role of Antibodies in Cognitive Dysfunction in Patients With Systemic Lupus Erythematosus,COMPLETED,N/A,National Institute of Arthritis and Musculoskeletal and Skin Diseases (NIAMS),NIH,,,United States,North America,2008-03-04,False,https://clinicaltrials.gov/study/NCT00042523
NCT00046774,Monoclonal Antibody Treatment for Systemic Lupus Erythematosus,COMPLETED,Phase 1,National Institute of Arthritis and Musculoskeletal and Skin Diseases (NIAMS),NIH,MRA 003 US,drug,United States,North America,2019-12-12,False,https://clinicaltrials.gov/study/NCT00046774
NCT00050713,Sirolimus Therapy for Idiopathic and Lupus Membranous Nephropathy,COMPLETED,Phase 2,National Institute of Diabetes and Digestive and Kidney Diseases (NIDDK),NIH,Sirolimus,drug,United States,North America,2017-10-06,False,https://clinicaltrials.gov/study/NCT00050713
NCT00053560,To Assess Prevention of Bone Loss in Women With Lupus Receiving Treatment With Glucocorticoids,UNKNOWN,Phase 3,Genelabs Technologies,INDUSTRY,Prasterone (GL701),drug,Mexico; United States,North America,2008-01-07,False,https://clinicaltrials.gov/study/NCT00053560
NCT00054938,Prevention of Atherosclerosis and Heart Disease in Patients With Systemic Lupus Erythematosis (SLE),COMPLETED,Phase 2,Brigham and Women's Hospital,OTHER,"Vitamins: B6, B12, and folate; aspirin; heart health educational program; pravastatin; ramipril",behavioral; drug,United States,North America,2013-12-24,False,https://clinicaltrials.gov/study/NCT00054938
NCT00055055,Study of Families With Twins or Siblings Discordant for Rheumatic Disorders,COMPLETED,N/A,National Institute of Environmental Health Sciences (NIEHS),NIH,,,United States,North America,2026-05-06,False,https://clinicaltrials.gov/study/NCT00055055
NCT00065806,Atherosclerosis Prevention in Pediatric Lupus Erythematosus (APPLE),COMPLETED,Phase 3,Laura Schanberg,OTHER,Atorvastatin; Placebo atorvastatin,drug,United States,North America,2013-08-15,True,https://clinicaltrials.gov/study/NCT00065806
NCT00069342,Health Beliefs and Health Behaviors Among Minorities With Rheumatic Diseases,COMPLETED,N/A,National Institutes of Health Clinical Center (CC),NIH,,,United States,North America,2018-04-17,False,https://clinicaltrials.gov/study/NCT00069342
NCT00071175,Lupus Genetics Studies,COMPLETED,N/A,Oklahoma Medical Research Foundation,OTHER,,,United States,North America,2017-09-18,False,https://clinicaltrials.gov/study/NCT00071175
NCT00071487,Safety and Efficacy Study of LymphoStat-B (Belimumab) in Subjects With Systemic Lupus Erythematosus (SLE),COMPLETED,Phase 2,Human Genome Sciences Inc.,INDUSTRY,Belimumab 1 mg/kg; Belimumab 10 mg/kg; Belimumab 4 mg/kg; Placebo,drug,Canada; United States,North America,2013-08-07,True,https://clinicaltrials.gov/study/NCT00071487
NCT00074373,The Research Registry for Neonatal Lupus,COMPLETED,N/A,NYU Langone Health,OTHER,No intervention; observational,other,United States,North America,2023-08-03,False,https://clinicaltrials.gov/study/NCT00074373
NCT00076752,Lymphocyte Depletion and Stem Cell Transplantation to Treat Severe Systemic Lupus Erythematosus,COMPLETED,Phase 2,National Cancer Institute (NCI),NIH,Diphenhydramine; Mesna; Rituxan (rituximab); autologous hematopoietic stem cell transplantation; cyclophosphamide; filgrastim; fludarabine phosphate; immunologic technique; laboratory biomarker analysis; methylprednisolone,biological; drug; other; procedure,United States,North America,2021-01-05,True,https://clinicaltrials.gov/study/NCT00076752
NCT00082511,GL701 (Prestara™) in Women With Systemic Lupus Erythematosus Receiving Treatment With Glucocorticoids,COMPLETED,Phase 3,Genelabs Technologies,INDUSTRY,Prasterone (GL701),drug,Mexico; United States,North America,2008-01-14,False,https://clinicaltrials.gov/study/NCT00082511
NCT00089804,Study of LJP 394 in Lupus Patients With History of Renal Disease,TERMINATED,Phase 3,La Jolla Pharmaceutical Company,INDUSTRY,Phosphate-buffered saline; abetimus sodium (LJP 394); abetimus sodium (LJP 394) and/or placebo solution,drug,Argentina; Australia; Belarus; Brazil; Bulgaria; Czechia; Georgia; Germany; Hong Kong; Hungary; India; Indonesia; Italy; Lebanon; Malaysia; Mexico; Philippines; Poland; Portugal; Puerto Rico; Romania; Serbia; Slovakia; South Korea; Spain; Sri Lanka; Taiwan; Thailand; Ukraine; United States,East Asia; Europe; Latin America; North America; Oceania; Other / Global; South Asia; Southeast Asia,2009-04-01,False,https://clinicaltrials.gov/study/NCT00089804
NCT00094380,Treating Systemic Lupus Erythematosus (SLE) Patients With CTLA4-IgG4m (RG2077),COMPLETED,"Phase 1, Phase 2",National Institute of Allergy and Infectious Diseases (NIAID),NIH,CTLA4-IgG4m (RG2077); Cyclophosphamide,drug,United States,North America,2017-01-11,False,https://clinicaltrials.gov/study/NCT00094380
NCT00111306,Study of Epratuzumab in Systemic Lupus Erythematosus,TERMINATED,Phase 3,UCB Pharma,INDUSTRY,epratuzumab,drug,Belgium; Hungary; Netherlands; Spain; United Kingdom; United States,Europe; North America,2011-11-08,False,https://clinicaltrials.gov/study/NCT00111306
NCT00113971,Pharmacokinetics Study of Epratuzumab in Systemic Lupus Erythematosus (SLE),TERMINATED,Phase 2,UCB Pharma,INDUSTRY,epratuzumab,drug,United States,North America,2012-04-03,False,https://clinicaltrials.gov/study/NCT00113971
NCT00119678,Abatacept in the Treatment and Prevention of Active Systemic Lupus Erythematosus (SLE) Flares in Combination With Prednisone,COMPLETED,Phase 2,Bristol-Myers Squibb,INDUSTRY,Abatacept; Placebo; Prednisone,drug,Australia; Austria; Belgium; Brazil; Canada; France; Germany; Italy; Mexico; Puerto Rico; South Africa; South Korea; Taiwan; United Kingdom; United States,Africa; East Asia; Europe; Latin America; North America; Oceania; Other / Global,2014-09-22,True,https://clinicaltrials.gov/study/NCT00119678
NCT00120887,Lupus Atherosclerosis Prevention Study,COMPLETED,Phase 4,Johns Hopkins University,OTHER,Atorvastatin,drug,United States,North America,2007-04-05,False,https://clinicaltrials.gov/study/NCT00120887
NCT00124514,Triptorelin for Ovary Protection in Childhood Onset Lupus,COMPLETED,Phase 2,"Children's Hospital Medical Center, Cincinnati",OTHER,Triptorelin Pamoate; Triptorelin pamoate; placebo,drug; other,Brazil; United States,Latin America; North America,2021-01-05,True,https://clinicaltrials.gov/study/NCT00124514
NCT00125307,Tacrolimus for the Treatment of Systemic Lupus Erythematosus With Membranous Nephritis,COMPLETED,Phase 4,Chinese University of Hong Kong,OTHER,tacrolimus,drug,Hong Kong,East Asia,2015-08-03,False,https://clinicaltrials.gov/study/NCT00125307
NCT00137969,A Study to Evaluate the Safety of Rituximab Retreatment in Subjects With Systemic Lupus Erythematosus,COMPLETED,"Phase 2, Phase 3","Genentech, Inc.",INDUSTRY,Acetaminophen; Diphenhydramine; Placebo; Prednisone; Rituximab,drug,Canada; United States,North America,2019-08-20,True,https://clinicaltrials.gov/study/NCT00137969
NCT00152555,Physical Therapy for Systemic Lupus Erythematosus (SLE),TERMINATED,N/A,University of Chicago,OTHER,Physical Therapy or Relaxation Therapy,behavioral,United States,North America,2013-06-12,False,https://clinicaltrials.gov/study/NCT00152555
NCT00155532,Skin Denervation in Systemic Lupus Erythematosus,COMPLETED,Phase 1,National Taiwan University Hospital,OTHER,3 mm-punch biopsies of the skin,procedure,Taiwan,East Asia,2005-09-12,False,https://clinicaltrials.gov/study/NCT00155532
NCT00172666,Decoy Receptor 3 (DcR3) Polymorphisms in Rheumatoid Arthritis (RA) and Systemic Lupus Erythematosus (SLE),UNKNOWN,N/A,National Taiwan University Hospital,OTHER,,,Taiwan,East Asia,2006-03-30,False,https://clinicaltrials.gov/study/NCT00172666
NCT00181298,Memantine in Systemic Lupus Erythematosus,COMPLETED,N/A,Johns Hopkins University,OTHER,Memantine; Placebo,drug,United States,North America,2008-03-07,False,https://clinicaltrials.gov/study/NCT00181298
NCT00188188,Study of Endothelial Dysfunction in Systemic Lupus and Its Role in Heart Disease,UNKNOWN,Phase 4,"University Health Network, Toronto",OTHER,quinipril,drug,Canada,North America,2005-12-29,False,https://clinicaltrials.gov/study/NCT00188188
NCT00188357,HIPP Learning to Live Better With Lupus: The Health Improvement and Prevention Program in Systemic Lupus Erythematosus,UNKNOWN,N/A,"University Health Network, Toronto",OTHER,Education,behavioral,Canada,North America,2007-02-14,False,https://clinicaltrials.gov/study/NCT00188357
NCT00189124,Dehydroepiandrosterone (DHEA) in Systemic Lupus Erythematosus (SLE) for Coronary Artery Disease (CAD) Prevention,COMPLETED,"Phase 2, Phase 3",University of Michigan,OTHER,Dehydroepiandrosterone (DHEA),drug,United States,North America,2016-05-18,False,https://clinicaltrials.gov/study/NCT00189124
NCT00198068,Predictors of Pregnancy Outcome in Systemic Lupus Erythematosus (SLE) and Antiphospholipid Syndrome (APS),RECRUITING,N/A,"Hospital for Special Surgery, New York",OTHER,,,Canada; United Kingdom; United States,Europe; North America,2026-04-28,False,https://clinicaltrials.gov/study/NCT00198068
NCT00203151,"A Study to Evaluate the Tolerability, Safety and Effectiveness of Edratide in the Treatment of Lupus",TERMINATED,Phase 2,"Teva Branded Pharmaceutical Products R&D, Inc.",INDUSTRY,edratide,drug,,,2011-04-12,False,https://clinicaltrials.gov/study/NCT00203151
NCT00204022,Mycophenolate Mofetil Versus Azathioprine for Maintenance Therapy of Lupus Nephritis.,COMPLETED,Phase 3,"Frédéric A. Houssiau, MD, PhD",OTHER,Azathioprine; Mycophenolate mofetil,drug,Belgium,Europe,2011-10-14,False,https://clinicaltrials.gov/study/NCT00204022
NCT00230035,Lupus Immunosuppressive/Immunomodulatory Therapy or Stem Cell Transplant (LIST),WITHDRAWN,Phase 2,National Institute of Allergy and Infectious Diseases (NIAID),NIH,Autologous CD34+HPC transplantation (HSCT); Azathioprine; Corticosteroids; Growth colony stimulating factor (G-CSF); Intravenous immunoglobulin; Leflunomide; Leukapheresis; Methotrexate; Methylprednisolone; Mycophenolate mofetil; Non-myeloablative high dose immunosuppressive therapy conditioning (HDIT); Plasmapheresis; Rabbit anti-thymocyte globulin; Rituximab,drug; procedure,United States,North America,2013-02-01,False,https://clinicaltrials.gov/study/NCT00230035
NCT00235378,Genetic Study of Lupus Patients and Their Families,COMPLETED,N/A,Oklahoma Medical Research Foundation,OTHER,,,United States,North America,2015-10-15,False,https://clinicaltrials.gov/study/NCT00235378
NCT00268567,Induction Treatment of Proliferative Lupus Nephritis With Leflunomide Combined With Prednisone,COMPLETED,"Phase 2, Phase 3",Peking University,OTHER,leflunomide combined with prednisone,drug,China,East Asia,2005-12-22,False,https://clinicaltrials.gov/study/NCT00268567
NCT00271934,Immune Ablation and Hematopoietic Stem Cell Support in Patients With Systemic Lupus Erythematosus: A Phase II Study,COMPLETED,Phase 2,Northwestern University,OTHER,Immune ablation and hematopoietic stem cell support.,biological,United States,North America,2023-11-09,False,https://clinicaltrials.gov/study/NCT00271934
NCT00277251,Alendronate Osteoporosis Study,COMPLETED,"Phase 2, Phase 3",Boston Children's Hospital,OTHER,Alendronate,drug,,,2017-04-11,False,https://clinicaltrials.gov/study/NCT00277251
NCT00278538,Cyclophosphamide and Rabbit Antithymocyte Globulin (rATG)/Rituximab in Patients With Systemic Lupus Erythematosus,COMPLETED,Phase 2,Northwestern University,OTHER,Hematopoietic stem cell transplantation,biological,United States,North America,2020-02-28,True,https://clinicaltrials.gov/study/NCT00278538
NCT00278590,Allogeneic Stem Cell Transplantation in Systemic Lupus Erythematosus,WITHDRAWN,Phase 1,Northwestern University,OTHER,Allogeneic Stem Cell Transplantation,biological,United States,North America,2017-01-13,False,https://clinicaltrials.gov/study/NCT00278590
NCT00280137,Health-related Quality of Life Measure in Pediatric Lupus,COMPLETED,N/A,"Rutgers, The State University of New Jersey",OTHER,,,United States,North America,2016-04-11,False,https://clinicaltrials.gov/study/NCT00280137
NCT00282347,A Study to Evaluate the Efficacy and Safety of Rituximab in Subjects With International Society of Nephrology/Renal Pathology Society (ISN/RPS) 2003 Class III or IV Lupus Nephritis,COMPLETED,Phase 3,"Genentech, Inc.",INDUSTRY,Acetaminophen; Diphenhydramine; Methylprednisolone; Mycophenolate mofetil; Placebo; Prednisone; Rituximab,drug,,,2015-01-15,True,https://clinicaltrials.gov/study/NCT00282347
NCT00293072,Pilot Study of Rituximab Therapy for Systemic Lupus Erythematosus (SLE) and Vasculitis,COMPLETED,Phase 2,Cambridge University Hospitals NHS Foundation Trust,OTHER,Rituximab,drug,United Kingdom,Europe,2006-02-17,False,https://clinicaltrials.gov/study/NCT00293072
NCT00297284,Memory and Attention Problems in Lupus: New Treatment Trial With Modafinil,TERMINATED,N/A,"Hospital for Special Surgery, New York",OTHER,Modafinil,drug,United States,North America,2009-01-28,False,https://clinicaltrials.gov/study/NCT00297284
NCT00298506,Study to Assess the Efficacy and Safety of FK506 Combined With Mycophenolate Mofetil (MMF) in Lupus Nephritis (III/IV/V),COMPLETED,N/A,Nanjing University School of Medicine,OTHER,Multitherapy,drug,China,East Asia,2011-09-29,False,https://clinicaltrials.gov/study/NCT00298506
NCT00299819,Safety and Tolerability of MEDI-545 in Patients Who Have Systemic Lupus Erythematosus (SLE),COMPLETED,Phase 1,MedImmune LLC,INDUSTRY,MEDI 545; MEDI-545,biological,Canada; United States,North America,2007-12-18,False,https://clinicaltrials.gov/study/NCT00299819
NCT00302549,To Compare the Efficacy and Safety of FK506 vs IVC in the Treatment of Class III-IV LN,COMPLETED,N/A,Nanjing University School of Medicine,OTHER,FK506,drug,China,East Asia,2010-05-27,False,https://clinicaltrials.gov/study/NCT00302549
NCT00325741,Allogeneic Blood Stem Cell Transplantation for Patients With Life-Threatening Systemic Lupus Erythematosus,TERMINATED,Phase 1,Stanford University,OTHER,Hematopoietic Cell Transplantation,drug,United States,North America,2023-08-15,False,https://clinicaltrials.gov/study/NCT00325741
NCT00336414,Five-Year Actively Controlled Clinical Trial in New Onset Juvenile Systemic Lupus Erythematosus Nephritis,WITHDRAWN,Phase 3,Istituto Giannina Gaslini,OTHER,cyclophosphamide-prednisone-azathioprine,drug,Italy,Europe,2018-03-20,False,https://clinicaltrials.gov/study/NCT00336414
NCT00339261,Disease Progression and Activity in Patients With Systemic Lupus Erythematosus,COMPLETED,N/A,National Institute of Environmental Health Sciences (NIEHS),NIH,,,United States,North America,2017-07-02,False,https://clinicaltrials.gov/study/NCT00339261
NCT00342095,Hormonal and Environmental Risk Factors for Developing Systemic Lupus Erythematosus: The Carolina Lupus (CLU) Study,COMPLETED,N/A,National Institute of Environmental Health Sciences (NIEHS),NIH,,,United States,North America,2017-07-02,False,https://clinicaltrials.gov/study/NCT00342095
NCT00342329,Lupus Nephritis: Role of Environmental and Occupational Exposures,COMPLETED,N/A,National Institute of Environmental Health Sciences (NIEHS),NIH,,,United States,North America,2017-07-02,False,https://clinicaltrials.gov/study/NCT00342329
NCT00368264,TNF Blockade With Remicade in Active Lupus Nephritis WHO Class V (TRIAL ),TERMINATED,"Phase 2, Phase 3",Medical University of Vienna,OTHER,infliximab; placebo,drug,Austria; Germany; Netherlands,Europe,2009-10-05,False,https://clinicaltrials.gov/study/NCT00368264
NCT00371319,Comparing the Efficacy of Tacrolimus and Mycophenolate Mofetil for the Initial Therapy of Active Lupus Nephritis,COMPLETED,Phase 4,Tuen Mun Hospital,OTHER_GOV,mycophenolate mofetil; tacrolimus,drug,China,East Asia,2014-07-02,False,https://clinicaltrials.gov/study/NCT00371319
NCT00371501,Aspirin and Statins for Prevention of Atherosclerosis and Arterial Thromboembolism in Systemic Lupus Erythematosus,COMPLETED,Phase 4,Tuen Mun Hospital,OTHER_GOV,Rosuvastatin; aspirin; placebo,drug,Hong Kong,East Asia,2010-09-16,False,https://clinicaltrials.gov/study/NCT00371501
NCT00377637,A Study of Mycophenolate Mofetil (CellCept) in Management of Patients With Lupus Nephritis.,COMPLETED,Phase 3,Hoffmann-La Roche,INDUSTRY,Azathioprine; Corticosteroid; Cyclophosphamide; Mycophenolate mofetil (MMF); Placebo to Azathioprine; Placebo to Mycophenolate mofetil,drug,Argentina; Australia; Belgium; Brazil; Canada; China; Czechia; France; Germany; Greece; Hungary; Italy; Mexico; Portugal; Spain; United Kingdom; United States,East Asia; Europe; Latin America; North America; Oceania,2011-12-06,True,https://clinicaltrials.gov/study/NCT00377637
NCT00381810,A Study to Evaluate the Safety of Rituximab Retreatment in Subjects With Systemic Lupus Erythematosus,TERMINATED,Phase 3,"Genentech, Inc.",INDUSTRY,Acetaminophen; Diphenhydramine; Methylprednisolone; Rituximab,drug,United States,North America,2017-08-01,True,https://clinicaltrials.gov/study/NCT00381810
NCT00382837,Study of Epratuzumab in Systemic Lupus Erythematosus,WITHDRAWN,Phase 3,UCB Pharma,INDUSTRY,Epratuzumab,drug,Belgium; Brazil; Canada; Czechia; France; Germany; Hungary; Italy; Netherlands; Slovakia; Spain; United Kingdom; United States,Europe; Latin America; North America,2014-05-21,False,https://clinicaltrials.gov/study/NCT00382837
NCT00383214,Study of Epratuzumab in Systemic Lupus Erythematosus (SLE),TERMINATED,Phase 3,UCB Pharma,INDUSTRY,Epratuzumab; Placebo,drug; other,Belgium; Brazil; Canada; Czechia; France; Germany; Italy; Netherlands; Spain; United Kingdom; United States,Europe; Latin America; North America,2012-06-07,False,https://clinicaltrials.gov/study/NCT00383214
NCT00383513,Study of Epratuzumab in Systemic Lupus Erythematosus,COMPLETED,Phase 2,UCB Pharma,INDUSTRY,Epratuzumab,biological,United States,North America,2012-07-12,False,https://clinicaltrials.gov/study/NCT00383513
NCT00390091,Study of LJP 394 (Abetimus Sodium) in Lupus Patients,WITHDRAWN,Phase 2,La Jolla Pharmaceutical Company,INDUSTRY,abetimus sodium (LJP 394),drug,United States,North America,2015-09-01,False,https://clinicaltrials.gov/study/NCT00390091
NCT00391924,Dehydroepiandrosterone Administration in Women With Systemic Lupus Erythematosus or Primary Sjögren's Syndrome,COMPLETED,Phase 2,UMC Utrecht,OTHER,Dehydroepiandrosterone,drug,Netherlands,Europe,2006-10-25,False,https://clinicaltrials.gov/study/NCT00391924
NCT00392093,Effect of Hormone Replacement Therapy on Lupus Activity,COMPLETED,Phase 4,Instituto Nacional de Ciencias Medicas y Nutricion Salvador Zubiran,OTHER,Conjugated equine estrogens 0.625 mg/d + MPA 5 mg/d/10d,drug,Mexico,North America,2006-10-25,False,https://clinicaltrials.gov/study/NCT00392093
NCT00392951,Sirolimus for Autoimmune Disease of Blood Cells,COMPLETED,"Phase 1, Phase 2",Children's Hospital of Philadelphia,OTHER,sirolimus,drug,United States,North America,2019-11-19,True,https://clinicaltrials.gov/study/NCT00392951
NCT00401141,Abnormalities of B Lymphocytes During Systemic Lupus,COMPLETED,N/A,"University Hospital, Strasbourg, France",OTHER,Blood samples,procedure,France,Europe,2025-12-22,False,https://clinicaltrials.gov/study/NCT00401141
NCT00404157,A Study to Evaluate the Safety of Rituximab Retreatment in Subjects With Lupus Nephritis Previously Enrolled in Study U2970g,WITHDRAWN,Phase 3,"Genentech, Inc.",INDUSTRY,Rituximab,drug,,,2017-04-12,False,https://clinicaltrials.gov/study/NCT00404157
NCT00404794,A Study to Compare Mycophenolate Mofetil and Tacrolimus in the Treatment of Membranous Lupus Nephritis,COMPLETED,Phase 3,"Hospital Authority, Hong Kong",OTHER_GOV,prednisolone and mycophenolate mofetil; prednisolone and tacrolimus,drug,China,East Asia,2013-10-23,False,https://clinicaltrials.gov/study/NCT00404794
NCT00410384,A Study of Belimumab in Subjects With Systemic Lupus Erythematosus,COMPLETED,Phase 3,Human Genome Sciences Inc.,INDUSTRY,Belimumab 1 mg/kg; Belimumab 10 mg/kg; Placebo,drug,Austria; Belgium; Canada; Costa Rica; Czechia; France; Germany; Israel; Italy; Mexico; Netherlands; Poland; Puerto Rico; Romania; Slovakia; Spain; Sweden; United Kingdom; United States,Europe; Middle East; North America; Other / Global,2017-02-01,True,https://clinicaltrials.gov/study/NCT00410384
NCT00412841,Atorvastatin to Prevent Avascular Necrosis of Bone in Steroid Treated Exacerbated Systemic Lupus Erythematosus,TERMINATED,Phase 2,NYU Langone Health,OTHER,"Atorvastatin; MRI, Venipuncture; Placebo",drug; procedure,United States,North America,2018-11-23,True,https://clinicaltrials.gov/study/NCT00412841
NCT00413361,The Reduction of Systemic Lupus Erythematosus Flares :Study PLUS,COMPLETED,Phase 4,Assistance Publique - Hôpitaux de Paris,OTHER,versus hydroxychloroquine,drug,France,Europe,2011-01-27,False,https://clinicaltrials.gov/study/NCT00413361
NCT00417430,"Efficacy of Faslodex in Treatment of SLE Clinical, Serologic, and Molecular Studies",COMPLETED,Phase 2,"The Center for Rheumatic Disease, Allergy, & Immunology",OTHER,"ICI 182,780 (Faslodex)",drug,United States,North America,2009-09-22,False,https://clinicaltrials.gov/study/NCT00417430
NCT00418587,Vitamin D Therapy in Patients With Systemic Lupus Erythematosus (SLE),COMPLETED,Phase 1,Medical University of South Carolina,OTHER,Cholecalciferol,drug,United States,North America,2018-06-18,False,https://clinicaltrials.gov/study/NCT00418587
NCT00420121,European Society of Cutaneous Lupus Erythematosus (EUSCLE),UNKNOWN,N/A,European Society of Cutaneous Lupus Erythematosus e.V.,OTHER,laboratory analysis,procedure,Germany,Europe,2017-02-08,False,https://clinicaltrials.gov/study/NCT00420121
NCT00423098,Efficacy and Safety of Enteric-coated Mycophenolate Sodium in Combination With Two Corticosteroid Regimens for the Treatment of Lupus Nephritis Flare,COMPLETED,Phase 2,Novartis Pharmaceuticals,INDUSTRY,Methylprednisolone; Mycophenolate sodium; Prednisone,drug,Colombia; France; Germany; Greece; Hungary; Italy; Spain; Taiwan; United Kingdom,East Asia; Europe; Latin America,2011-06-28,True,https://clinicaltrials.gov/study/NCT00423098
NCT00424476,A Study of Belimumab in Subjects With Systemic Lupus Erythematosus (SLE),COMPLETED,Phase 3,Human Genome Sciences Inc.,INDUSTRY,Belimumab 1 mg/kg; Belimumab 10 mg/kg; Placebo,drug,Argentina; Australia; Brazil; Chile; Colombia; Hong Kong; India; Peru; Philippines; Romania; Russia; South Korea; Taiwan,East Asia; Europe; Latin America; Oceania; Other / Global; South Asia; Southeast Asia,2016-12-12,True,https://clinicaltrials.gov/study/NCT00424476
NCT00425438,A Study of CellCept (Mycophenolate Mofetil) in Patients With Lupus Nephritis.,TERMINATED,Phase 3,Hoffmann-La Roche,INDUSTRY,Azathioprine; Corticosteroids; Cyclophosphamide; Mycophenolate Mofetil,drug,China,East Asia,2014-09-25,True,https://clinicaltrials.gov/study/NCT00425438
NCT00429377,"Phase 3 Study of Tacrolimus (FK506) for Lupus Nephritis: A Placebo Controlled, Double-Blind Multicenter, Comparative Study",COMPLETED,Phase 3,Astellas Pharma Inc,INDUSTRY,tacrolimus,drug,Japan,East Asia,2007-01-31,False,https://clinicaltrials.gov/study/NCT00429377
NCT00430677,Efficacy and Safety Study of Abatacept to Treat Lupus Nephritis,TERMINATED,"Phase 2, Phase 3",Bristol-Myers Squibb,INDUSTRY,Abatacept; Corticosteroids (prednisone or prednisolone); Mycophenolate mofetil (MMF),drug,Argentina; Australia; Belgium; Brazil; Canada; China; France; Hong Kong; India; Mexico; Poland; Russia; South Africa; South Korea; Taiwan; Turkey (Türkiye); United Kingdom; United States,Africa; East Asia; Europe; Latin America; North America; Oceania; Other / Global; South Asia,2015-03-20,True,https://clinicaltrials.gov/study/NCT00430677
NCT00432354,An Open Labeled Pilot Study of Atorvastatin in Systemic Lupus Erythematosus,UNKNOWN,"Phase 2, Phase 3",Buddhist Tzu Chi General Hospital,OTHER,atorvastatin,drug,Taiwan,East Asia,2007-03-20,False,https://clinicaltrials.gov/study/NCT00432354
NCT00441220,Cyclophosphamide in Lupus Nephritis,UNKNOWN,N/A,"University of Auckland, New Zealand",OTHER,,,New Zealand,Oceania,2009-03-05,False,https://clinicaltrials.gov/study/NCT00441220
NCT00447265,Etanercept for the Treatment of Lupus Nephritis,TERMINATED,Phase 2,National Institute of Allergy and Infectious Diseases (NIAID),NIH,Etanercept; Lupus Treatment- Standard of Care; Placebo,drug,United States,North America,2013-02-12,True,https://clinicaltrials.gov/study/NCT00447265
NCT00460928,Preventive IVIG Therapy for Congenital Heart Block,COMPLETED,Early Phase 1,NYU Langone Health,OTHER,intravenous immune globulin (IVIG),drug,United States,North America,2019-09-30,False,https://clinicaltrials.gov/study/NCT00460928
NCT00470522,Study of Methotrexate in Lupus Erythematosus,COMPLETED,Phase 3,"University Health Network, Toronto",OTHER,Methotrexate and folic acid,drug,Canada,North America,2007-05-07,False,https://clinicaltrials.gov/study/NCT00470522
NCT00479622,Study of TRU-015 in Subjects With Membranous Nephropathy Secondary to Systemic Lupus Erythematosus,TERMINATED,Phase 1,Wyeth is now a wholly owned subsidiary of Pfizer,INDUSTRY,TRU-015,drug,United States,North America,2008-05-08,False,https://clinicaltrials.gov/study/NCT00479622
NCT00482989,A Study to Evaluate the Safety and Tolerability of Multiple Intravenous Doses of MEDI 545 in Patients With Systemic Lupus Erythematosus,COMPLETED,Phase 1,MedImmune LLC,INDUSTRY,MEDI 545; Placebo,biological; other,Argentina; Brazil; Chile; United States,Latin America; North America,2012-07-11,False,https://clinicaltrials.gov/study/NCT00482989
NCT00483613,Effects of Treatment of Chronic Stress in Patients With Lupus,COMPLETED,N/A,University Hospital Virgen de las Nieves,OTHER,Cognitive-behavioral therapy of Meichenbaum,behavioral,Spain,Europe,2007-06-07,False,https://clinicaltrials.gov/study/NCT00483613
NCT00493753,Feasibility and Safety of Acupuncture for Systemic Lupus,COMPLETED,N/A,University of Pittsburgh,OTHER,Acupuncture,procedure,United States,North America,2007-06-28,False,https://clinicaltrials.gov/study/NCT00493753
NCT00504244,Myfortic Versus Azathioprine in Systemic Lupus Erythematosus,TERMINATED,Phase 3,Erasmus Medical Center,OTHER,continuation of azathioprine; switch to Myfortic,drug,Netherlands,Europe,2010-11-16,False,https://clinicaltrials.gov/study/NCT00504244
NCT00508898,The Efficacy and Safety of Calcitriol for the Treatment of Lupus Nephritis and Persistent Proteinuria,WITHDRAWN,Phase 4,Chinese University of Hong Kong,OTHER,Calcitriol; Multivitamin,drug,,,2015-08-04,False,https://clinicaltrials.gov/study/NCT00508898
NCT00512694,Duke Lupus Registry,RECRUITING,N/A,Duke University,OTHER,,,United States,North America,2026-01-08,False,https://clinicaltrials.gov/study/NCT00512694
NCT00513591,Duke Autoimmunity in Pregnancy Registry,COMPLETED,N/A,Duke University,OTHER,,,United States,North America,2019-10-23,False,https://clinicaltrials.gov/study/NCT00513591
NCT00519363,"Statins and Lupus: Effects of Statins on Clinical Lupus Parameters, Serological Markers and Toll-like Receptors",COMPLETED,"Phase 1, Phase 2","The Center for Rheumatic Disease, Allergy, & Immunology",OTHER,atorvastatin,drug,United States,North America,2010-03-24,False,https://clinicaltrials.gov/study/NCT00519363
NCT00519454,Estrogen and Gender Biased Autoimmunity,UNKNOWN,N/A,"The Center for Rheumatic Disease, Allergy, & Immunology",OTHER,Peripheral lab draws,other,United States,North America,2010-09-08,False,https://clinicaltrials.gov/study/NCT00519454
NCT00522002,CLUE Study: Connective Tissue Disease Leg Ulcer Etiology Study,COMPLETED,N/A,George Washington University,OTHER,,,United States,North America,2017-08-30,False,https://clinicaltrials.gov/study/NCT00522002
NCT00527176,Pulse Corticosteroid Therapy and Effect on Brain Water Diffusivity,UNKNOWN,N/A,Cliniques universitaires Saint-Luc- Université Catholique de Louvain,OTHER,,,Belgium,Europe,2007-09-10,False,https://clinicaltrials.gov/study/NCT00527176
NCT00539799,Steroids in the Maintenance of Remission of Proliferative Lupus Nephritis,WITHDRAWN,Phase 3,Cambridge University Hospitals NHS Foundation Trust,OTHER,Placebo; prednisolone,drug,United Kingdom,Europe,2008-05-29,False,https://clinicaltrials.gov/study/NCT00539799
NCT00539838,A Study to Evaluate Two Doses of Ocrelizumab in Patients With Active Systemic Lupus Erythematosus (BEGIN),TERMINATED,Phase 3,"Genentech, Inc.",INDUSTRY,"Immunosuppressive regime (azathioprine, mycophenolate mofetil or methotrexate); Methylprednisolone; Ocrelizumab; Placebo; Prednisone",drug,,,2020-09-17,True,https://clinicaltrials.gov/study/NCT00539838
NCT00541749,A Study of rhuMAb IFNalpha in Adults With Systemic Lupus Erythematosus,COMPLETED,Phase 1,"Genentech, Inc.",INDUSTRY,rhuMAb IFNalpha,drug,,,2011-09-22,False,https://clinicaltrials.gov/study/NCT00541749
NCT00544102,Insulin Resistance and Atherosclerosis in Women With Lupus,COMPLETED,N/A,National Institute of Arthritis and Musculoskeletal and Skin Diseases (NIAMS),NIH,,,United States,North America,2019-12-17,False,https://clinicaltrials.gov/study/NCT00544102
NCT00547014,First Safety Study in Humans of a Single Dose of CPG 52364,COMPLETED,Phase 1,Pfizer,INDUSTRY,"52364 1 mg; 52364 10 mg; 52364 100 mg; 52364 3 mg; 52364 30 mg; Placebo Comparator: Cohort 1 Placebo; Placebo Comparator: Cohorts 2, 3, 4 & 5 Two subjects each arm will be assigned to receive placebo",drug,United States,North America,2009-03-19,False,https://clinicaltrials.gov/study/NCT00547014
NCT00556192,Can Targeted Elimination of B-cell Depletion Therapy and/or Combination Therapy on Systemic Lupus Erythematosus,COMPLETED,Phase 2,Chinese University of Hong Kong,OTHER,rituximab,drug,China,East Asia,2012-02-13,False,https://clinicaltrials.gov/study/NCT00556192
NCT00563082,Analyzing the Association of Gene Variants With Increased Risk of Coronary Heart Disease in Women With Systemic Lupus Erythematosus,COMPLETED,N/A,University of Pittsburgh,OTHER,,,,,2023-11-18,False,https://clinicaltrials.gov/study/NCT00563082
NCT00569101,A Pilot Study for the Efficacy and Safety of Tacrolimus in the Treatment of Refractory Lupus Nephritis,UNKNOWN,Phase 2,Seoul National University Hospital,OTHER,tacrolimus,drug,South Korea,Other / Global,2007-12-06,False,https://clinicaltrials.gov/study/NCT00569101
NCT00573157,The Efficacy and Safety of Atacicept in Combination With Mycophenolate Mofetil Used to Treat Lupus Nephritis,TERMINATED,"Phase 2, Phase 3",EMD Serono,INDUSTRY,Atacicept; Corticosteroids; Mycophenolate mofetil; Placebo,drug,Czechia; Malaysia; Singapore; Taiwan; United States,East Asia; Europe; North America; Southeast Asia,2016-03-23,True,https://clinicaltrials.gov/study/NCT00573157
NCT00582465,Study to Evaluate the Natural History of Osteoporosis in Children and Adolescents With Systemic Lupus Erythematosus,COMPLETED,N/A,"University of California, San Francisco",OTHER,,,United States,North America,2020-04-01,False,https://clinicaltrials.gov/study/NCT00582465
NCT00582881,Characteristics and Disease Progression of Mixed Connective Tissue Disease and Systemic Lupus Erythematosus,COMPLETED,N/A,University of Miami,OTHER,,,United States,North America,2026-03-19,False,https://clinicaltrials.gov/study/NCT00582881
NCT00583362,A Continuation Trial for Subjects With Systemic Lupus Erythematosus That Have Completed Protocol LBSL02,COMPLETED,Phase 2,"Human Genome Sciences Inc., a GSK Company",INDUSTRY,Belimumab,biological,Canada; United States,North America,2019-07-23,True,https://clinicaltrials.gov/study/NCT00583362
NCT00588393,FolateScan in Autoimmune Disease,COMPLETED,Phase 2,Mayo Clinic,OTHER,FolateScan (Technetium Tc 99mEC20),drug,United States,North America,2010-04-16,False,https://clinicaltrials.gov/study/NCT00588393
NCT00594932,Biomarker-Linked Outcomes of Cellcept in Lupus Arthritis,COMPLETED,"Phase 1, Phase 2",Oklahoma Medical Research Foundation,OTHER,mycophenolate mofetil; placebo,drug; other,United States,North America,2020-10-09,True,https://clinicaltrials.gov/study/NCT00594932
NCT00608127,"Study to Evaluate the Safety, Tolerability and Short Term Efficacy of Extracorporeal Specific Immunoadsorption LupusorbTM Columns for the Treatment of Systemic Lupus Erythematosus (SLE) Patients",UNKNOWN,N/A,Verto LTD,INDUSTRY,LupusorbTM,device,Israel,Middle East,2008-05-23,False,https://clinicaltrials.gov/study/NCT00608127
NCT00610805,Cardiology Prevention in Systemic Lupus Erythematosus (SLE),WITHDRAWN,N/A,University of Pittsburgh,OTHER,Preventive Cardiology; Usual Care,other,United States,North America,2016-01-15,False,https://clinicaltrials.gov/study/NCT00610805
NCT00611611,BLYS and IFN in SLE,COMPLETED,N/A,University of Alabama at Birmingham,OTHER,fluzone; pneumovax,biological,United States,North America,2011-04-28,False,https://clinicaltrials.gov/study/NCT00611611
NCT00611663,Safety Study of Two Vaccine Strategies in Patients With Systemic Lupus Erythematosus,COMPLETED,"Phase 2, Phase 3",Assistance Publique - Hôpitaux de Paris,OTHER,"Placebo, Pneumo23®; Prevenar® and Pneumo23®",biological,France,Europe,2025-09-08,False,https://clinicaltrials.gov/study/NCT00611663
NCT00615173,"Prospective, Randomized, Multicenter, Control Study to Assess the Efficacy and Safety of Tacrolimus in Induction and Maintenance Phase Treatment in Lupus Nephritis",COMPLETED,Phase 3,Sun Yat-sen University,OTHER,cyclophosphamide or azathioprine; tacrolimus (FK506),drug,China,East Asia,2008-10-29,False,https://clinicaltrials.gov/study/NCT00615173
NCT00624338,Atacicept Phase 2/3 in Generalized Systemic Lupus Erythematosus (APRIL-SLE),COMPLETED,"Phase 2, Phase 3",EMD Serono,INDUSTRY,Atacicept 150 mg; Atacicept 75 mg; Placebo Comparator,drug; other,Argentina; Australia; Austria; Bulgaria; Croatia; Czechia; France; Germany; Greece; India; Israel; Latvia; Lebanon; Lithuania; Malaysia; Mexico; Netherlands; Philippines; Poland; Russia; Serbia; South Africa; South Korea; Spain; Switzerland; Taiwan; Ukraine; United Kingdom; United States,Africa; East Asia; Europe; Latin America; Middle East; North America; Oceania; Other / Global; South Asia; Southeast Asia,2016-03-14,True,https://clinicaltrials.gov/study/NCT00624338
NCT00624351,Study of Epratuzumab in Serologically-positive Systemic Lupus Erythematosus (SLE) Patients With Active Disease,COMPLETED,Phase 2,UCB Pharma,INDUSTRY,Epratuzumab; Placebo,biological; other,Belgium; Brazil; Hong Kong; Hungary; India; Lithuania; Poland; Spain; Ukraine; United Kingdom; United States,East Asia; Europe; Latin America; North America; South Asia,2011-09-12,False,https://clinicaltrials.gov/study/NCT00624351
NCT00626197,A Study to Evaluate Ocrelizumab in Patients With Nephritis Due to Systemic Lupus Erythematosus (BELONG),TERMINATED,Phase 3,"Genentech, Inc.",INDUSTRY,Azathioprine; Corticosteroids; Cyclophosphamide; Mycophenolate Mofetil; Ocrelizumab; Placebo,drug,,,2020-12-22,True,https://clinicaltrials.gov/study/NCT00626197
NCT00637819,Leflunomide in Systemic Lupus Erythematosus,COMPLETED,Phase 2,Sanofi,INDUSTRY,Leflunomide,drug,Hong Kong,East Asia,2008-03-28,False,https://clinicaltrials.gov/study/NCT00637819
NCT00657007,Phase 1 Study of Belimumab in Subjects With Systemic Lupus Erythematosus (SLE),COMPLETED,Phase 1,Human Genome Sciences Inc.,INDUSTRY,Placebo; belimumab,biological,United States,North America,2013-08-02,False,https://clinicaltrials.gov/study/NCT00657007
NCT00657189,A Study to Evaluate Safety and Tolerability of Subcutaneous Doses of MEDI-545 in Subjects With Lupus,COMPLETED,Phase 2,MedImmune LLC,INDUSTRY,MEDI-545; Placebo,drug,United States,North America,2016-08-09,False,https://clinicaltrials.gov/study/NCT00657189
NCT00659217,Effect of Mesenchymal Stem Cell Transplantation for Lupus Nephritis,UNKNOWN,"Phase 1, Phase 2","Organ Transplant Institute, China",OTHER_GOV,mesenchymal stem cell,biological,China,East Asia,2008-04-16,False,https://clinicaltrials.gov/study/NCT00659217
NCT00660881,Open-label Study of Epratuzumab in Serologically-positive Systemic Lupus Erythematosus Patients With Active Disease,COMPLETED,Phase 2,UCB Pharma,INDUSTRY,Epratuzumab,biological,Belgium; Brazil; Hong Kong; Hungary; India; Lithuania; Poland; Spain; Ukraine; United Kingdom; United States,East Asia; Europe; Latin America; North America; South Asia,2012-07-12,False,https://clinicaltrials.gov/study/NCT00660881
NCT00668330,Steroid Induced Osteoporosis in Patients With Systemic Lupus Erythematosus,COMPLETED,Phase 4,Chinese University of Hong Kong,OTHER,Ibandronate+alfacalcidol+calcium; placebo ibandronate+alfacalcidol+calcium,drug,China,East Asia,2012-02-13,False,https://clinicaltrials.gov/study/NCT00668330
NCT00671047,The Systemic Lupus Erythematosus (SLE) Activity Gene Expression (SAGE) Study,UNKNOWN,N/A,XDx,INDUSTRY,non-interventional,other,Canada; United States,North America,2008-12-31,False,https://clinicaltrials.gov/study/NCT00671047
NCT00684255,Reduced Intensity Transplant in Medically Refractory Systemic Lupus Erythematosus (SLE) and Systemic Sclerosis (SSc),TERMINATED,Phase 1,New York Medical College,OTHER,Busulfan; Campath; Fludarabine; Reduced Intensity Allogeneic Transplant,drug; procedure,United States,North America,2014-04-01,True,https://clinicaltrials.gov/study/NCT00684255
NCT00698191,Mesenchymal Stem Cells Transplantation for Refractory Systemic Lupus Erythematosus (SLE),UNKNOWN,"Phase 1, Phase 2",Nanjing Medical University,OTHER,Allogeneic MSC (AlloMSC),biological,China,East Asia,2008-06-17,False,https://clinicaltrials.gov/study/NCT00698191
NCT00705367,Phase I Study in China - Tolerability of a Single Dose of Abatacept 30 mg/kg,COMPLETED,Phase 1,Bristol-Myers Squibb,INDUSTRY,Abatacept; Placebo,drug,China,East Asia,2013-07-30,True,https://clinicaltrials.gov/study/NCT00705367
NCT00709722,Safety and Efficacy on Deoxyspergualin (NKT-01) in Patients With Lupus Nephritis,COMPLETED,"Phase 1, Phase 2","Nippon Kayaku Co., Ltd.",INDUSTRY,NKT-01,drug,Czechia; Germany,Europe,2017-01-10,True,https://clinicaltrials.gov/study/NCT00709722
NCT00710021,Vitamin D3 in Systemic Lupus Erythematosus,COMPLETED,Phase 2,National Institute of Allergy and Infectious Diseases (NIAID),NIH,Vitamin D3; Vitamin D3 placebo,drug,United States,North America,2017-04-26,True,https://clinicaltrials.gov/study/NCT00710021
NCT00712933,A Continuation Trial for Subjects With Lupus That Completed Protocol HGS1006-C1056 or HGS1006-C1057,COMPLETED,Phase 3,"Human Genome Sciences Inc., a GSK Company",INDUSTRY,belimumab,drug,Argentina; Austria; Belgium; Brazil; Canada; Chile; Colombia; Czechia; France; Germany; Hong Kong; India; Israel; Italy; Mexico; Netherlands; Peru; Philippines; Poland; Puerto Rico; Romania; Russia; Slovakia; South Korea; Spain; Sweden; Taiwan; United Kingdom,East Asia; Europe; Latin America; Middle East; North America; Other / Global; South Asia; Southeast Asia,2019-12-05,True,https://clinicaltrials.gov/study/NCT00712933
NCT00714116,Study Evaluating The SBI-087 In Subjects With Systemic Lupus Erythematosus,COMPLETED,Phase 1,Pfizer,INDUSTRY,SBI-087,drug,United States,North America,2018-12-07,False,https://clinicaltrials.gov/study/NCT00714116
NCT00723671,"Magnetic Resonance Spectroscopy, Perfusion and Diffusion Tensor Imaging in Neuropsychiatric Lupus",COMPLETED,N/A,University of Michigan,OTHER,MRI,procedure,United States,North America,2015-12-14,False,https://clinicaltrials.gov/study/NCT00723671
NCT00724867,A Continuation Trial for Subjects With Lupus Who Completed Protocol HGS1006-C1056 in the United States,COMPLETED,Phase 3,"Human Genome Sciences Inc., a GSK Company",INDUSTRY,Belimumab 1 mg/kg; Belimumab 10 mg/kg,biological,United States,North America,2016-03-28,True,https://clinicaltrials.gov/study/NCT00724867
NCT00730002,"Magnetic Resonance Spectroscopy, Perfusion, and Diffusion Tensor Imaging in Neuropsychiatric Lupus",COMPLETED,N/A,University of Michigan,OTHER,MRA; Magnetic Resonance Angiography (MRA); Magnetic resonance imaging; diffusion Imaging; perfusion imaging.,procedure,United States,North America,2015-12-14,False,https://clinicaltrials.gov/study/NCT00730002
NCT00731302,Aspirin Resistance in Systemic Lupus Erythematosus (SLE),COMPLETED,Phase 1,Vanderbilt University,OTHER,aspirin and meloxicam,drug,United States,North America,2017-08-07,False,https://clinicaltrials.gov/study/NCT00731302
NCT00732940,Phase 2 Study of Belimumab Administered Subcutaneously to Subjects With Systemic Lupus Erythematosus (SLE),TERMINATED,Phase 2,Human Genome Sciences Inc.,INDUSTRY,Belimumab 100 mg SC,drug,Mexico; United States,North America,2013-08-07,True,https://clinicaltrials.gov/study/NCT00732940
NCT00739050,Effect of Simvastatin on Endothelial Function in Premenopausal Women With Systemic Lupus Erythematosus (0733-271)(TERMINATED),TERMINATED,Phase 4,Organon and Co,INDUSTRY,Comparator: Placebo; simvastatin,drug,,,2024-05-23,True,https://clinicaltrials.gov/study/NCT00739050
NCT00747578,"Health-Related Quality of Life and Disease-Related Costs: Comparison Between Ankylosing Spondylitis, Rheumatoid Arthritis and Systemic Lupus Erythematosus in Taiwan",UNKNOWN,N/A,Taichung Veterans General Hospital,OTHER,,,Taiwan,East Asia,2008-09-08,False,https://clinicaltrials.gov/study/NCT00747578
NCT00750971,Autologous Stem Cell Transplantation for Refractory Systemic Lupus Erythematosus (ASSIST),UNKNOWN,Phase 2,"Charite University, Berlin, Germany",OTHER,Immunoablation and Autologous Hematopoietic Stem Cell Transplantation,procedure,Germany,Europe,2017-03-20,False,https://clinicaltrials.gov/study/NCT00750971
NCT00752999,Efficacy and Safety Study of R935788 Tablets to Treat Systemic Lupus Erythematosus,WITHDRAWN,Phase 2,Rigel Pharmaceuticals,INDUSTRY,Fostamatinib Disodium (R935788); Placebo,drug,,,2012-04-30,False,https://clinicaltrials.gov/study/NCT00752999
NCT00756769,Systemic Lupus Erythematosus in Gullah Health,RECRUITING,N/A,Medical University of South Carolina,OTHER,,,United States,North America,2025-07-10,False,https://clinicaltrials.gov/study/NCT00756769
NCT00774852,Abatacept and Cyclophosphamide Combination Therapy for Lupus Nephritis,COMPLETED,Phase 2,National Institute of Allergy and Infectious Diseases (NIAID),NIH,abatacept; abatacept placebo; azathioprine; azathioprine placebo; cyclophosphamide; prednisone,drug,Mexico; United States,North America,2016-02-08,True,https://clinicaltrials.gov/study/NCT00774852
NCT00774943,A Study of AMG 557 in Adults With Systemic Lupus Erythematosus,COMPLETED,Phase 1,Amgen,INDUSTRY,AMG 557,drug,Canada; United States,North America,2013-04-09,False,https://clinicaltrials.gov/study/NCT00774943
NCT00775476,Treatment of Systemic Lupus Erythematosus (SLE) With N-acetylcysteine,ACTIVE_NOT_RECRUITING,Phase 2,State University of New York - Upstate Medical University,OTHER,N-acetylcysteine; Placebo,drug,United States,North America,2026-04-24,False,https://clinicaltrials.gov/study/NCT00775476
NCT00779194,Prospective Study of Rapamycin for the Treatment of SLE,COMPLETED,Phase 2,State University of New York - Upstate Medical University,OTHER,Rapamycin,drug,United States,North America,2024-06-12,True,https://clinicaltrials.gov/study/NCT00779194
NCT00786409,Immunogenicity and Safety of HPV Vaccine Gardasil in Young Women,COMPLETED,N/A,University of Chicago,OTHER,Gardasil,biological,United States,North America,2018-02-15,True,https://clinicaltrials.gov/study/NCT00786409
NCT00815282,Immune Response After Human Papillomavirus Vaccination in Patients With Autoimmune Disease,COMPLETED,Phase 4,N.M. Wulffraat,OTHER,Human papilloma virus vaccine (cervarix),other,Netherlands,Europe,2017-11-13,False,https://clinicaltrials.gov/study/NCT00815282
NCT00818948,Safety Study of AMG 811 in Subjects With Systemic Lupus Erythematosus With and Without Glomerulonephritis,COMPLETED,Phase 1,Amgen,INDUSTRY,AMG 811,drug,France; Hong Kong; Malaysia; Mexico; United States,East Asia; Europe; North America; Southeast Asia,2014-09-15,False,https://clinicaltrials.gov/study/NCT00818948
NCT00828178,Efficacy of Fish Oil in Lupus Patients,COMPLETED,Phase 4,"Michelle Petri M.D.,MPH",OTHER,Omega-3; corn starch; flow-mediated dilation of the brachial artery,device; drug; other,United States,North America,2016-11-18,True,https://clinicaltrials.gov/study/NCT00828178
NCT00849745,Nonmyeloablative Allo Stem Cell Transplant for Severe Autoimmune Diseases,TERMINATED,Phase 1,Duke University,OTHER,Nonmyeloablative allogeneic stem cell transplant,procedure,United States,North America,2016-06-23,False,https://clinicaltrials.gov/study/NCT00849745
NCT00858884,Libman-Sacks Endocarditis as a Cause of Neuropsychiatric Systemic Lupus Erythematosus,WITHDRAWN,N/A,University of New Mexico,OTHER,"Clinical and laboratory evaluations, transesophageal echocardiography, carotid duplex, transcranial duplex, and magnetic resonance of the brain",other,United States,North America,2024-01-10,False,https://clinicaltrials.gov/study/NCT00858884
NCT00866229,Efficacy and Adverse Effect of Simvastatin Compare to Rosuvastatin in Systemic Lupus Erythematosus (SLE) Patients With Corticosteroid Therapy and High Low-Density Lipoprotein (LDL) Cholesterol Level,UNKNOWN,Phase 4,Ramathibodi Hospital,OTHER,Rosuvastatin; Simvastatin,drug,Thailand,Southeast Asia,2009-03-20,False,https://clinicaltrials.gov/study/NCT00866229
NCT00876616,Assess the Efficacy and Safety of Multi-target Therapy in Lupus Nephritis,COMPLETED,N/A,"Zhi-Hong Liu, M.D.",OTHER,Cyclophosphamide; Tacrolimus+Mycophenolate mofetil,drug,China,East Asia,2013-08-29,False,https://clinicaltrials.gov/study/NCT00876616
NCT00881309,To Compare the Efficacy and Safety of Tripterygium (TW) Versus AZA in the Maintenance Therapy for Lupus Nephritis,COMPLETED,N/A,Nanjing University School of Medicine,OTHER,Tripterygium,drug,China,East Asia,2011-05-18,False,https://clinicaltrials.gov/study/NCT00881309
NCT00908986,Open Label Pilot Trial of Rituximab in Lupus Membranous Nephritis,WITHDRAWN,N/A,Northwell Health,OTHER,Rituximab,drug,,,2015-05-14,False,https://clinicaltrials.gov/study/NCT00908986
NCT00911521,Immunogenicity and Safety of a Quadrivalent Human Papillomavirus (HPV) Vaccine in Patients With SLE: a Controlled Study,COMPLETED,Phase 4,Tuen Mun Hospital,OTHER_GOV,human papillomavirus vaccination (Gardasil),drug,China,East Asia,2011-10-12,False,https://clinicaltrials.gov/study/NCT00911521
NCT00935389,Prospective Study of TW in the Treatment of LN Type V With Gross Proteinuria,COMPLETED,N/A,Nanjing University School of Medicine,OTHER,tripterygium glycosides,drug,China,East Asia,2011-08-02,False,https://clinicaltrials.gov/study/NCT00935389
NCT00960362,An Investigation of AGS-009 in Patients With Systemic Lupus Erythematosus (SLE),COMPLETED,Phase 1,Argos Therapeutics,INDUSTRY,AGS-009; placebo,drug,United States,North America,2012-01-30,False,https://clinicaltrials.gov/study/NCT00960362
NCT00962832,A Study to Evaluate the Efficacy and Safety of Rontalizumab in Patients With Moderately to Severely Active Systemic Lupus Erythematosus,COMPLETED,Phase 2,"Genentech, Inc.",INDUSTRY,Placebo; Rontalizumab,drug,Argentina; Colombia; Mexico; Poland; Russia; United States,Europe; Latin America; North America; Other / Global,2016-08-12,False,https://clinicaltrials.gov/study/NCT00962832
NCT00976300,Cyclosporine A or Intravenous Cyclophosphamide for Lupus Nephritis: The Cyclofa-Lune Study,COMPLETED,Phase 2,"Institute of Rheumatology, Prague",OTHER,Cyclophosphamide; Cyclosporine A,drug,Czechia,Europe,2010-06-23,False,https://clinicaltrials.gov/study/NCT00976300
NCT00976729,NOX-E36 First-in-Human (FIH) Study,COMPLETED,Phase 1,TME Pharma AG,INDUSTRY,NOX-E36; Placebo,drug,,,2013-02-13,False,https://clinicaltrials.gov/study/NCT00976729
NCT00979654,A Study to Evaluate the Long-Term Safety of MEDI-545 in Adult Participants With Systemic Lupus Erythematosus or Myositis,COMPLETED,Phase 2,MedImmune LLC,INDUSTRY,Sifalimumab,drug,Brazil; Canada; Chile; United States,Latin America; North America,2016-10-27,True,https://clinicaltrials.gov/study/NCT00979654
NCT00982670,A Study of the Metabolic Syndrome in Patients With Systemic Lupus Erythematosus,COMPLETED,N/A,Far Eastern Memorial Hospital,OTHER,,,Taiwan,East Asia,2009-09-23,False,https://clinicaltrials.gov/study/NCT00982670
NCT00985803,Physical Activity in Patients With Systemic Lupus Erythematosus,UNKNOWN,Phase 1,Federal University of São Paulo,OTHER,Physical Activity: Cardio training (CT); Physical Activity: Endurance exercise training (ET),other,Brazil,Latin America,2009-10-08,False,https://clinicaltrials.gov/study/NCT00985803
NCT00987831,Biomarkers of Lupus Disease: Serial Biomarker Sampling in Patients With Active Systemic Lupus Erythematosus (SLE),COMPLETED,"Phase 1, Phase 2",Oklahoma Medical Research Foundation,OTHER,Blood drawing only Group C; Group A SLE prospective study; Group B SLE one blood donation,drug; other,United States,North America,2014-10-20,True,https://clinicaltrials.gov/study/NCT00987831
NCT00997100,Exploratory Study of Changes in Disease Activity and Biomarkers With ABR-215757 in Patients With Mild Active Systemic Lupus Erythematosus (SLE),COMPLETED,Phase 2,Active Biotech AB,INDUSTRY,paquinimod (ABR-215757),drug,Denmark; Sweden,Europe,2015-06-25,False,https://clinicaltrials.gov/study/NCT00997100
NCT01006681,Vaccination Against Influenza H1N1 in Rheumatic Diseases,UNKNOWN,Phase 2,Tel-Aviv Sourasky Medical Center,OTHER_GOV,Focetria (Monovalent MF59-Adjuvanted vaccine),biological,,,2009-11-03,False,https://clinicaltrials.gov/study/NCT01006681
NCT01015456,The Efficacy of Enteric-coated Mycophenolate Sodium (EC-MPS) (Myfortic) in The Treatment of Relapse or Resistant Proliferative Lupus Nephritis,TERMINATED,Phase 3,Chulalongkorn University,OTHER,cyclophosphamide; mycophenolate sodium,drug,Thailand,Southeast Asia,2014-10-10,False,https://clinicaltrials.gov/study/NCT01015456
NCT01018238,An Investigation of NNC 0151-0000-0000 in Subjects With Systemic Lupus Erythematosus (SLE),WITHDRAWN,Phase 1,Novo Nordisk A/S,INDUSTRY,NNC 0151-0000-0000; placebo,drug,United States,North America,2014-08-15,False,https://clinicaltrials.gov/study/NCT01018238
NCT01031797,QT Dispersion in Patients With Systemic Lupus Erythematosus (SLE),COMPLETED,N/A,Shiraz University of Medical Sciences,OTHER,,,Iran,Other / Global,2009-12-15,False,https://clinicaltrials.gov/study/NCT01031797
NCT01031836,A Study to Evaluate Safety and Tolerability of IV or SC Dose of MEDI-545 in Patients With Systemic Lupus Erythematosus.,COMPLETED,Phase 2,AstraZeneca,INDUSTRY,MEDI-545; MEDI-545 600,drug,Japan,East Asia,2018-11-19,True,https://clinicaltrials.gov/study/NCT01031836
NCT01042457,Concentration-controlled Therapy of Mycophenolate Mofetil (MMF) in Proliferative Lupus Nephritis,COMPLETED,Phase 3,Chulalongkorn University,OTHER,Mycophenolate mofetil,drug,Thailand,Southeast Asia,2013-09-30,False,https://clinicaltrials.gov/study/NCT01042457
NCT01056237,Long-Term Study of Multi-target Therapy as Maintenance Treatment for Lupus Nephritis,COMPLETED,N/A,"Zhi-Hong Liu, M.D.",OTHER,Azathioprine; Multi-target therapy,drug,China,East Asia,2015-07-31,False,https://clinicaltrials.gov/study/NCT01056237
NCT01058343,Safety of IFNa Kinoid in Systemic Lupus Erythematosus,COMPLETED,"Phase 1, Phase 2",Neovacs,INDUSTRY,IFN-K,biological,Belgium; Bulgaria; Croatia; France; Germany; Switzerland,Europe,2019-03-21,False,https://clinicaltrials.gov/study/NCT01058343
NCT01060410,Exploration of Genotype Based Personalized Prescription of Cyclophosphamide in Systemic Lupus Erythematosus Treatment,COMPLETED,N/A,Sun Yat-sen University,OTHER,Cyclophosphamide; Pharmacokinetic analysis; Polymorphism Analysis,drug; genetic; other,China,East Asia,2012-06-20,False,https://clinicaltrials.gov/study/NCT01060410
NCT01072734,Auto-immunity in Lupus Patients After Influenza Vaccine,COMPLETED,Phase 2,Assistance Publique - Hôpitaux de Paris,OTHER,Vaccine,drug,France,Europe,2010-10-13,False,https://clinicaltrials.gov/study/NCT01072734
NCT01076101,Autoimmunity in Sisters of Lupus Patients,COMPLETED,N/A,Northwell Health,OTHER,,,United States,North America,2017-02-06,False,https://clinicaltrials.gov/study/NCT01076101
NCT01085084,A Study of Laquinimod in Participants With Systemic Lupus Erythematosus (SLE) Active Lupus Arthritis,COMPLETED,Phase 2,"Teva Branded Pharmaceutical Products R&D, Inc.",INDUSTRY,Laquinimod; Placebo,drug,Canada; United States,North America,2022-07-07,True,https://clinicaltrials.gov/study/NCT01085084
NCT01085097,A Study of Laquinimod in Participants With Systemic Lupus Erythematosus (SLE) Active Lupus Nephritis,COMPLETED,Phase 2,"Teva Branded Pharmaceutical Products R&D, Inc.",INDUSTRY,Laquinimod; Methylprednisolone; Mycophenolate Mofetil; Placebo; Prednisolone/Prednisone,drug,Canada; France; Russia; United Kingdom; United States,Europe; North America; Other / Global,2022-03-09,True,https://clinicaltrials.gov/study/NCT01085097
NCT01093911,Safety Study of CDP7657 in Healthy Volunteers and Patients With Systemic Lupus Erythematosus (SLE),COMPLETED,Phase 1,UCB Pharma,INDUSTRY,CDP7657; Placebo,biological; other,Belgium; Bulgaria; Germany,Europe,2013-01-04,False,https://clinicaltrials.gov/study/NCT01093911
NCT01101802,Mycophenolate Mofetil in Systemic Lupus Erythematosus (MISSILE),COMPLETED,Phase 4,Guy's and St Thomas' NHS Foundation Trust,OTHER,Mycophenolate mofetil; sugar pill,drug,United Kingdom,Europe,2011-09-28,False,https://clinicaltrials.gov/study/NCT01101802
NCT01112215,Enteric-coated Mycophenolate Sodium Versus Azathioprine for the Extra-renal Lupus Manifestations,COMPLETED,Phase 4,Hospital Universitari Vall d'Hebron Research Institute,OTHER,Azathioprine; Enteric-Coated Mycophenolate Sodium,drug,Spain,Europe,2016-10-04,False,https://clinicaltrials.gov/study/NCT01112215
NCT01120652,Reducing Depressive Symptoms in Systemic Lupus Erythematosus,COMPLETED,N/A,University of Pittsburgh,OTHER,Mind-Body Skills Training (MBST); Supportive Counseling (SC),behavioral,United States,North America,2015-12-02,False,https://clinicaltrials.gov/study/NCT01120652
NCT01127321,A Safety and Tolerability Study of MEDI-570 in Systemic Lupus Erythematosus,TERMINATED,Phase 1,MedImmune LLC,INDUSTRY,MEDI-570 0.03 MG; MEDI-570 0.1 MG; MEDI-570 0.3 MG; MEDI-570 1 MG; Placebo,biological; other,Canada; Mexico; Peru; South Africa; United States,Africa; Latin America; North America,2014-08-26,True,https://clinicaltrials.gov/study/NCT01127321
NCT01135459,A Study to Evaluate the Efficacy and Safety of CEP-33457 in Participants With Systemic Lupus Erythematosus (SLE),COMPLETED,Phase 2,"Cephalon, Inc.",INDUSTRY,CEP-33457; Placebo,drug,Belgium; Czechia; France; Germany; Hungary; Poland; Portugal; Spain; Ukraine; United Kingdom; United States,Europe; North America,2022-12-16,True,https://clinicaltrials.gov/study/NCT01135459
NCT01151644,Safety and Efficacy of Anti-Pandemic H1N1 Vaccination in Rheumatic Diseases,UNKNOWN,Phase 4,University of Sao Paulo,OTHER,Anti-pandemic H1N1 influenza vaccine,biological,Brazil,Latin America,2010-06-28,False,https://clinicaltrials.gov/study/NCT01151644
NCT01156428,Inflammatory and Immune Profiling of Kidney Tissue Obtained From Patients With Newly Diagnosed Kidney Disease,COMPLETED,N/A,The Rogosin Institute,OTHER,,,United States,North America,2024-03-15,False,https://clinicaltrials.gov/study/NCT01156428
NCT01157468,Catalytic Antibodies and Lupus in Martinique,COMPLETED,N/A,University Hospital Center of Martinique,OTHER,,,France,Europe,2016-09-08,False,https://clinicaltrials.gov/study/NCT01157468
NCT01162681,"PEARL-SC Trial: A Study of the Efficacy, Safety, and Tolerability of A 623 Administration in Subjects With Systemic Lupus Erythematosus",COMPLETED,Phase 2,Anthera Pharmaceuticals,INDUSTRY,A-623; Placebo Comparator,drug; other,Argentina; Brazil; Chile; Colombia; Hong Kong; India; Mexico; Peru; Philippines; Taiwan; United States,East Asia; Latin America; North America; South Asia; Southeast Asia,2014-03-04,False,https://clinicaltrials.gov/study/NCT01162681
NCT01169857,Velcade for Proliferative Lupus Nephritis,WITHDRAWN,Phase 4,The Rogosin Institute,OTHER,Velcade,drug,United States,North America,2012-04-24,False,https://clinicaltrials.gov/study/NCT01169857
NCT01170585,A Trial of Rosuvastatin in Systemic Lupus Erythematosus,COMPLETED,Phase 2,Imperial College London,OTHER,Placebo; Rosuvastatin,drug,United Kingdom,Europe,2015-06-23,False,https://clinicaltrials.gov/study/NCT01170585
NCT01172002,Leflunomide Versus Azathioprine for Maintenance Therapy of Lupus Nephritis,UNKNOWN,N/A,RenJi Hospital,OTHER,Azathioprine; Leflunomide,drug,China,East Asia,2010-08-11,False,https://clinicaltrials.gov/study/NCT01172002
NCT01176643,Development and Evaluation of Modified Yoga in Systemic Lupus Erythematosus (SLE),COMPLETED,N/A,McGill University Health Centre/Research Institute of the McGill University Health Centre,OTHER,Standard care plus Yoga,other,Canada,North America,2013-09-24,False,https://clinicaltrials.gov/study/NCT01176643
NCT01180361,Atherosclerosis in Rheumatoid Arthritis and Lupus: Restoring Cholesterol Balance,COMPLETED,N/A,NYU Langone Health,OTHER,,,United States,North America,2025-10-30,False,https://clinicaltrials.gov/study/NCT01180361
NCT01196091,A Study of LY2127399 in Participants With Systemic Lupus Erythematosus,COMPLETED,Phase 3,Eli Lilly and Company,INDUSTRY,LY2127399; Placebo every 2 weeks; Placebo every 4 weeks; Standard of Care,drug,Argentina; Austria; Belarus; Bulgaria; Canada; Chile; Colombia; Croatia; Egypt; Germany; Guatemala; Italy; Japan; North Macedonia; Peru; Philippines; Poland; Puerto Rico; Singapore; South Korea; Thailand; Ukraine; United States,East Asia; Europe; Latin America; Middle East / Africa; North America; Other / Global; Southeast Asia,2018-06-12,True,https://clinicaltrials.gov/study/NCT01196091
NCT01203709,Low-dose Combination of Mycophenolate Mofetil (MMF) and Tacrolimus (Tac) for Refractory Lupus Nephritis,COMPLETED,Phase 4,Tuen Mun Hospital,OTHER_GOV,low dose combination of MMF and Tac,drug,China,East Asia,2014-03-04,False,https://clinicaltrials.gov/study/NCT01203709
NCT01205438,A Study of LY2127399 in Participants With Systemic Lupus Erythematosus,COMPLETED,Phase 3,Eli Lilly and Company,INDUSTRY,LY2127399; Placebo every 2 weeks; Placebo every 4 weeks,drug,Australia; Brazil; Canada; Ecuador; France; Hungary; India; Israel; Latvia; Malaysia; Mexico; New Zealand; Romania; Russia; Serbia; South Africa; Spain; Taiwan; Tunisia; United Kingdom; United States,Africa; East Asia; Europe; Latin America; Middle East; North America; Oceania; Other / Global; South Asia; Southeast Asia,2018-07-17,True,https://clinicaltrials.gov/study/NCT01205438
NCT01206569,Long-Acting Tacrolimus for the Treatment of Resistant Lupus Nephritis,COMPLETED,Phase 4,Chinese University of Hong Kong,OTHER,"Long-acting tacrolimus (Advagraf, Astellas Pharma)",drug,Hong Kong,East Asia,2012-12-04,False,https://clinicaltrials.gov/study/NCT01206569
NCT01207297,Tacrolimus Versus Cyclophosphamide as Treatment for Lupus Nephritis,COMPLETED,Phase 1,Zhejiang University,OTHER,Tacrolimus; cyclophosphamide,drug,,,2011-08-23,False,https://clinicaltrials.gov/study/NCT01207297
NCT01208792,Auto-immunity and Pulmonary Arterial Hypertension,COMPLETED,N/A,Assistance Publique - Hôpitaux de Paris,OTHER,Blood Sample; skin biopsy,other; procedure,France,Europe,2026-03-27,False,https://clinicaltrials.gov/study/NCT01208792
NCT01217320,Creatine Supplementation in Pediatric Rheumatology,UNKNOWN,N/A,University of Sao Paulo,OTHER,creatine; placebo (dextrose),dietary_supplement,Brazil,Latin America,2012-01-16,False,https://clinicaltrials.gov/study/NCT01217320
NCT01226147,Efficacy and Safety of Tamibarotene(AM80) for Lupus Nephritis,UNKNOWN,Phase 2,Kinki University,OTHER,Tamibarotene,drug,Japan,East Asia,2011-07-22,False,https://clinicaltrials.gov/study/NCT01226147
NCT01230112,The Role of ITGAM in Systemic Lupus Erythematosus,COMPLETED,N/A,Northwell Health,OTHER,,,United States,North America,2013-07-30,False,https://clinicaltrials.gov/study/NCT01230112
NCT01240694,A Long-Term Study of the Safety and Tolerability of Repeated Administration of CEP-33457 in Participants With Systemic Lupus Erythematosus,TERMINATED,Phase 3,"Cephalon, Inc.",INDUSTRY,CEP-33457,drug,Belgium; Czechia; France; Germany; Hungary; Poland; Portugal; Spain; Ukraine; United Kingdom; United States,Europe; North America,2022-12-30,True,https://clinicaltrials.gov/study/NCT01240694
NCT01257802,GnRH-a for Ovarian Protection During CYC Therapy for Rheumatic Diseases,TERMINATED,Phase 3,Joseph Mccune,OTHER,Placebo; depot leuprolide acetate 3.75 mg,drug,United States,North America,2017-06-27,True,https://clinicaltrials.gov/study/NCT01257802
NCT01261793,Study of Epratuzumab Versus Placebo in Subjects With Moderate to Severe General Systemic Lupus Erythematosus (SLE),COMPLETED,Phase 3,UCB Pharma,INDUSTRY,Epratuzumab; Placebo,drug,Brazil; Canada; France; Germany; Hungary; India; Italy; Mexico; Poland; Romania; Russia; South Africa; Spain; Ukraine; United Kingdom; United States,Africa; Europe; Latin America; North America; Other / Global; South Asia,2020-12-04,True,https://clinicaltrials.gov/study/NCT01261793
NCT01262365,Study of Epratuzumab Versus Placebo in Subjects With Moderate to Severe General Systemic Lupus Erythematosus,COMPLETED,Phase 3,UCB Pharma,INDUSTRY,Epratuzumab; Placebo,drug,Australia; Belgium; Brazil; Bulgaria; Czechia; Estonia; France; Germany; India; Israel; Italy; Lithuania; Mexico; Puerto Rico; Romania; Russia; South Korea; Spain; Taiwan; United Kingdom; United States,East Asia; Europe; Latin America; Middle East; North America; Oceania; Other / Global; South Asia,2018-09-28,True,https://clinicaltrials.gov/study/NCT01262365
NCT01269866,Study of Duloxetine in the Reduction of Pain in Patient With Systemic Lupus Erythematosus,COMPLETED,N/A,Dr. Jesus Gutierrez Stone,OTHER,Cymbalta,drug,United States,North America,2013-02-05,False,https://clinicaltrials.gov/study/NCT01269866
NCT01273389,An Efficacy and Safety Study of CNTO 136 in Patients With Active Lupus Nephritis,COMPLETED,Phase 2,"Janssen Research & Development, LLC",INDUSTRY,CNTO 136; Placebo,drug,Belgium; Mexico; Netherlands; Poland; Thailand; United States,Europe; North America; Southeast Asia,2016-03-24,False,https://clinicaltrials.gov/study/NCT01273389
NCT01276782,Levothyroxine in Pregnant SLE Patients,WITHDRAWN,Phase 4,Johns Hopkins University,OTHER,Levothyroxine,drug,United States,North America,2015-09-10,False,https://clinicaltrials.gov/study/NCT01276782
NCT01283139,A Study to Evaluate the Efficacy and Safety of Sifalimumab in Adults With Systemic Lupus Erythematosus,COMPLETED,Phase 2,MedImmune LLC,INDUSTRY,"Placebo; Sifalimumab 1,200 mg; Sifalimumab 200 mg; Sifalimumab 600 mg",biological; other,Argentina; Brazil; Bulgaria; Canada; Chile; France; Germany; Hungary; India; Italy; Jamaica; Mexico; Netherlands; Peru; Philippines; Poland; Romania; South Africa; Spain; Thailand; United Kingdom; United States,Africa; Europe; Latin America; North America; Other / Global; South Asia; Southeast Asia,2018-04-19,True,https://clinicaltrials.gov/study/NCT01283139
NCT01284725,Weaning of Immunosuppression in Nephritis of Lupus,COMPLETED,Phase 3,Assistance Publique Hopitaux De Marseille,OTHER,immunosuppressive treatment discontinuation; mycophenolate mofetil or azathioprine,drug; other,France,Europe,2025-09-18,False,https://clinicaltrials.gov/study/NCT01284725
NCT01288664,Efficacy and Safety of Tacrolimus Sustained-release Capsules in Induction Phase Treatment in Lupus Nephritis,WITHDRAWN,Phase 3,Sun Yat-sen University,OTHER,ADVAGRAF,drug,China,East Asia,2014-02-12,False,https://clinicaltrials.gov/study/NCT01288664
NCT01299922,Clinical Trial Treatment in Lupus Nephritis,WITHDRAWN,Phase 3,Hospital Universitario Fundación Alcorcón,OTHER,Mycophenolic Acid + prednison; cyclosporine +mycophenolic acid+prednison,drug,Spain,Europe,2015-02-27,False,https://clinicaltrials.gov/study/NCT01299922
NCT01305746,A Trial for Subjects With Systemic Lupus Erythematosus Who Have Completed Protocol AN-SLE3321,COMPLETED,Phase 2,Anthera Pharmaceuticals,INDUSTRY,A-623,drug,Argentina; Brazil; Chile; Colombia; Hong Kong; India; Mexico; Peru; Philippines; Taiwan; United States,East Asia; Latin America; North America; South Asia; Southeast Asia,2014-02-13,False,https://clinicaltrials.gov/study/NCT01305746
NCT01316133,A Study to Evaluate the Efficacy and Safety of Tacrolimus With Steroid in Korean Lupus Nephritis Patients,TERMINATED,Phase 4,"Astellas Pharma Korea, Inc.",INDUSTRY,tacrolimus,drug,South Korea,Other / Global,2024-10-31,False,https://clinicaltrials.gov/study/NCT01316133
NCT01322308,Effect of Pioglitazone on Endothelial Function in Premenopausal Women With Uncomplicated Systemic Lupus Erythematosus,COMPLETED,Phase 4,"National Heart Institute, Mexico",OTHER_GOV,pioglitazone; placebo,drug,,,2014-10-01,False,https://clinicaltrials.gov/study/NCT01322308
NCT01327352,Evaluation of the Influence of Food Regimen on Oshadi D Absorption,COMPLETED,N/A,Oshadi Drug Administration,INDUSTRY,Oshadi D,drug,Israel,Middle East,2012-06-21,False,https://clinicaltrials.gov/study/NCT01327352
NCT01328834,Efficacy and Safety of Tacrolimus Sustained-release Capsules in Induction Treatment in Refractory Lupus Nephritis,COMPLETED,Phase 3,Sun Yat-sen University,OTHER,Tacrolimus Sustained-release Capsules (ADVAGRAF),drug,China,East Asia,2011-11-03,False,https://clinicaltrials.gov/study/NCT01328834
NCT01330368,Spine Quantitative Computed Tomography (QCT) for the Assessment of Osteoporosis on Children,COMPLETED,N/A,Children's Hospital of Philadelphia,OTHER,,,United States,North America,2017-10-03,False,https://clinicaltrials.gov/study/NCT01330368
NCT01342016,A Study to Compare the Efficacy and Safety of Tacrolimus Capsules With Leflunomide Tablets in Lupus Nephritis Patients,TERMINATED,Phase 3,Astellas Pharma Inc,INDUSTRY,leflunomide placebo; leflunomide tablet; prednisone; tacrolimus capsule; tacrolimus placebo,drug,China,East Asia,2014-10-17,False,https://clinicaltrials.gov/study/NCT01342016
NCT01345253,GSK1550188 A 52 Week Study of Belimumab Versus Placebo in the Treatment of Subjects With Systemic Lupus Erythematosus (SLE) Located in Northeast Asia,COMPLETED,Phase 3,GlaxoSmithKline,INDUSTRY,Belimumab; Placebo,drug,China; Japan; South Korea,East Asia; Other / Global,2019-10-04,True,https://clinicaltrials.gov/study/NCT01345253
NCT01351662,Balancing Lupus Experiences With Stress Strategies,COMPLETED,"Phase 1, Phase 2",Medical University of South Carolina,OTHER,Arthritis Self Management Program,behavioral,United States,North America,2025-12-22,False,https://clinicaltrials.gov/study/NCT01351662
NCT01359826,The Effect of Milnacipran on Fatigue and Quality of Life in Lupus Patients,WITHDRAWN,Phase 4,Loma Linda University,OTHER,Milnacipran,drug,United States,North America,2015-09-18,False,https://clinicaltrials.gov/study/NCT01359826
NCT01369628,Atacicept in Lupus Nephritis Patients Taking Stable Regimen of Mycophenolate Mofetil,TERMINATED,Phase 1,EMD Serono,INDUSTRY,Atacicept,drug,United States,North America,2013-10-22,False,https://clinicaltrials.gov/study/NCT01369628
NCT01379573,Preventive Approach to Congenital Heart Block With Hydroxychloroquine,COMPLETED,Phase 2,NYU Langone Health,OTHER,Hydroxychloroquine,drug,United States,North America,2021-02-25,True,https://clinicaltrials.gov/study/NCT01379573
NCT01381536,Phase I Study of GSK1550188 in Japanese Subjects With Systemic Lupus Erythematosus (SLE),COMPLETED,Phase 1,GlaxoSmithKline,INDUSTRY,GSK1550188 1mg/kg or 10mg/kg,drug,Japan,East Asia,2017-06-12,False,https://clinicaltrials.gov/study/NCT01381536
NCT01393132,Comparative Study of Thymosin Beta 4 Eye Drops vs. Vehicle in the Treatment of Severe Dry Eye,COMPLETED,Phase 2,"Michigan Cornea Consultants, PC",OTHER,Thymosin Beta 4 eye drops; Vehicle Control,drug,United States,North America,2015-12-23,True,https://clinicaltrials.gov/study/NCT01393132
NCT01395745,CHABLIS-SC1: A Study of the Efficacy and Safety of Subcutaneous Blisibimod in Subjects With Systemic Lupus Erythematosus,COMPLETED,Phase 3,Anthera Pharmaceuticals,INDUSTRY,Placebo; blisibimod,drug,Belarus; Brazil; Colombia; Georgia; Guatemala; Hong Kong; India; Malaysia; Mexico; Philippines; Russia; Singapore; South Korea; Sri Lanka; Taiwan; Thailand,East Asia; Latin America; North America; Other / Global; South Asia; Southeast Asia,2017-02-03,False,https://clinicaltrials.gov/study/NCT01395745
NCT01405196,Subcutaneous Treatment In Randomized Subjects To Evaluate Safety And Efficacy In Generalized Lupus Erythematosus,COMPLETED,Phase 2,Pfizer,INDUSTRY,PF-04236921,biological,Argentina; Chile; Colombia; Germany; Hungary; Moldova; Peru; Poland; Puerto Rico; Romania; South Korea; Taiwan; United States,East Asia; Europe; Latin America; North America; Other / Global,2017-12-19,True,https://clinicaltrials.gov/study/NCT01405196
NCT01408576,Open Label Extension Study of Epratuzumab in Subjects With Systemic Lupus Erythematosus,COMPLETED,Phase 3,UCB Pharma,INDUSTRY,Epratuzumab,drug,Australia; Belgium; Brazil; Bulgaria; Canada; Czechia; Estonia; France; Germany; Hong Kong; Hungary; Israel; Italy; Lithuania; Mexico; Poland; Romania; Russia; South Africa; South Korea; Spain; Taiwan; Ukraine; United Kingdom; United States,Africa; East Asia; Europe; Latin America; Middle East; North America; Oceania; Other / Global,2018-10-03,True,https://clinicaltrials.gov/study/NCT01408576
NCT01410747,A Study to Evaluate the Safety and Efficacy of Tacrolimus for Lupus Nephritis Under Actual Use Situations,COMPLETED,N/A,Astellas Pharma Inc,INDUSTRY,Tacrolimus,drug,Japan,East Asia,2024-10-22,False,https://clinicaltrials.gov/study/NCT01410747
NCT01413230,Vitamin D Supplementation in Systemic Lupus Erythematosus,COMPLETED,N/A,Assistance Publique - Hôpitaux de Paris,OTHER,cholecalciferol,drug,France,Europe,2011-11-24,False,https://clinicaltrials.gov/study/NCT01413230
NCT01424033,A Clinical Trial for CTD-ILD Treatment,TERMINATED,"Phase 2, Phase 3",University of Michigan,OTHER,N-Acetylcysteine,drug,United States,North America,2017-04-06,True,https://clinicaltrials.gov/study/NCT01424033
NCT01425775,The Effect of Vitamin D Supplementation on Disease Activity Markers in Systemic Lupus Erythematosus (SLE),COMPLETED,N/A,University of Alexandria,OTHER,Placebo; vitamin D 25(OH)D,drug; other,Egypt,Middle East / Africa,2011-08-30,False,https://clinicaltrials.gov/study/NCT01425775
NCT01438489,A Study of the Efficacy and Safety of MEDI-546 in Systemic Lupus Erythematosus,COMPLETED,Phase 2,MedImmune LLC,INDUSTRY,Anifrolumab 1000 mg; Anifrolumab 300 mg; Placebo,biological; other,Brazil; Bulgaria; Colombia; Czechia; Hungary; India; Mexico; Peru; Poland; Romania; South Korea; Taiwan; Ukraine; United States,East Asia; Europe; Latin America; North America; Other / Global; South Asia,2016-10-07,True,https://clinicaltrials.gov/study/NCT01438489
NCT01440231,Atacicept Demonstrating Dose RESponSe,WITHDRAWN,Phase 2,EMD Serono,INDUSTRY,Atacicept; Placebo,drug,,,2013-08-21,False,https://clinicaltrials.gov/study/NCT01440231
NCT01449071,Study Evaluating the Pharmacokinetics and Safety of Epratuzumab in Japanese Systemic Lupus Erythematosus (SLE),COMPLETED,"Phase 1, Phase 2",UCB Pharma,INDUSTRY,Epratuzumab 100 mg; Epratuzumab 1200 mg; Epratuzumab 400 mg; Epratuzumab 600 mg; Placebo,biological,Japan,East Asia,2014-02-12,False,https://clinicaltrials.gov/study/NCT01449071
NCT01460680,Membrane Polyunsaturated Fatty Acid Content in Fibromyalgia and Systemic Lupus Erythematosus (SLE),UNKNOWN,N/A,Tel-Aviv Sourasky Medical Center,OTHER_GOV,,,Israel,Middle East,2011-10-27,False,https://clinicaltrials.gov/study/NCT01460680
NCT01470183,Lupus Nephritis Biomarker Study: Baseline Characteristics of Patients,COMPLETED,N/A,Columbia University,OTHER,,,United States,North America,2014-02-07,False,https://clinicaltrials.gov/study/NCT01470183
NCT01471301,Ultrasound Evaluation of Hands in Patients With Systemic Lupus Erythematosus,UNKNOWN,N/A,Federal University of São Paulo,OTHER,,,Brazil,Latin America,2011-11-15,False,https://clinicaltrials.gov/study/NCT01471301
NCT01474720,Zostavax in Systemic Lupus Erythematosus,COMPLETED,Phase 1,Oklahoma Medical Research Foundation,OTHER,Zostavax vaccine,drug,United States,North America,2013-09-17,False,https://clinicaltrials.gov/study/NCT01474720
NCT01475149,Effect of HCQ on AnxA5 Resistance Assay in Antiphospholipid (aPL) Positive Patients With and Without Systemic Lupus Erythematosus (SLE),COMPLETED,N/A,"Hospital for Special Surgery, New York",OTHER,Phlebotomy,other,United States,North America,2017-03-27,False,https://clinicaltrials.gov/study/NCT01475149
NCT01484496,A Study of Belimumab Administered Subcutaneously in Subjects With Systemic Lupus Erythematosus (SLE),COMPLETED,Phase 3,"Human Genome Sciences Inc., a GSK Company",INDUSTRY,Belimumab 200 mg SC; Placebo; Standard therapy,biological; drug,Argentina; Austria; Belgium; Brazil; Bulgaria; Chile; Colombia; Croatia; Czechia; Denmark; France; Germany; Hungary; Italy; Japan; Malaysia; Mexico; Philippines; Poland; Portugal; Romania; Russia; Serbia; Singapore; Spain; Sweden; Taiwan; Thailand; Ukraine; United Kingdom; United States,East Asia; Europe; Latin America; North America; Other / Global; Southeast Asia,2018-06-06,True,https://clinicaltrials.gov/study/NCT01484496
NCT01488708,On Open-Label Study in Participants With Systemic Lupus Erythematosus,TERMINATED,Phase 3,Eli Lilly and Company,INDUSTRY,LY2127399; Placebo,drug,United States,North America,2018-05-17,True,https://clinicaltrials.gov/study/NCT01488708
NCT01499355,BIIB023 Proof-of-Concept Study in Participants With Lupus Nephritis,TERMINATED,Phase 2,Biogen,INDUSTRY,BIIB023; Placebo; mycophenolate mofetil; oral corticosteroids,biological; drug,Argentina; Australia; Belgium; Brazil; Colombia; France; Germany; Hong Kong; Hungary; Italy; Malaysia; Mexico; Peru; Philippines; Poland; Portugal; Russia; South Korea; Spain; Thailand; United States,East Asia; Europe; Latin America; North America; Oceania; Other / Global; Southeast Asia,2017-01-18,True,https://clinicaltrials.gov/study/NCT01499355
NCT01509989,International Prospective Study on Adherence to Treatment in Patients With Active Systemic Lupus Erythematosus,COMPLETED,N/A,Assistance Publique - Hôpitaux de Paris,OTHER,,,France,Europe,2026-04-08,False,https://clinicaltrials.gov/study/NCT01509989
NCT01515163,Exercise and Systemic Lupus Erythematosus,UNKNOWN,N/A,University of Sao Paulo,OTHER,Exercise training,behavioral,Brazil,Latin America,2016-01-13,False,https://clinicaltrials.gov/study/NCT01515163
NCT01516450,Japanese phase1 Study of Belimumab (IV vs SC),COMPLETED,Phase 1,GlaxoSmithKline,INDUSTRY,GSK1550188 IV; GSK1550188 SC,drug,Japan,East Asia,2017-06-12,False,https://clinicaltrials.gov/study/NCT01516450
NCT01520155,CArdiovascular Risk Assessment STudy in Lupus Erythemathodes (CASTLE),COMPLETED,N/A,Johann Wolfgang Goethe University Hospital,OTHER,,,Germany,Europe,2013-12-23,False,https://clinicaltrials.gov/study/NCT01520155
NCT01532310,Belimumab (BENLYSTA®) Pregnancy Registry,COMPLETED,N/A,GlaxoSmithKline,INDUSTRY,belimumab,drug,Austria; Belgium; Canada; France; Germany; Israel; Italy; Portugal; Spain; Sweden; Switzerland; United States,Europe; Middle East; North America,2025-06-10,False,https://clinicaltrials.gov/study/NCT01532310
NCT01534403,Open Label Extension Study of Epratuzumab in Japanese Systemic Lupus Erythematosus (SLE) Subjects,COMPLETED,Phase 2,UCB Pharma,INDUSTRY,Epratuzumab,biological,Japan,East Asia,2016-05-06,False,https://clinicaltrials.gov/study/NCT01534403
NCT01539902,Phase 2 Study of Human Umbilical Cord Derived Mesenchymal Stem Cell for the Treatment of Lupus Nephritis,UNKNOWN,Phase 2,CytoMed & Beike,OTHER,Cyclophosphamide; Human Umbilical Cord derived MSCs,biological; drug,China,East Asia,2012-03-06,False,https://clinicaltrials.gov/study/NCT01539902
NCT01541670,Safety Study of Anti-Macrophage Migration Inhibitory Factor (Anti-MIF) Antibody in Lupus Nephritis,TERMINATED,Phase 1,Baxalta now part of Shire,INDUSTRY,Anti-Macrophage Migration Inhibitory Factor (Anti-MIF) Antibody,drug,Australia; Canada; Mexico; New Zealand; United States,North America; Oceania,2021-05-05,False,https://clinicaltrials.gov/study/NCT01541670
NCT01549184,Retrospective Analysis of the Safety and Efficacy of Hydroxychloroquine in Immune Thrombocytopenia,COMPLETED,N/A,Henri Mondor University Hospital,OTHER,,,,,2012-03-21,False,https://clinicaltrials.gov/study/NCT01549184
NCT01551069,Multicenter Study Assessing the Efficacy & Safety of Hydroxychloroquine Sulfate in Patients With Systemic Lupus Erythematosus or Cutaneous Lupus Erythematosus With Active Lupus Erythematosus Specific Skin Lesion,COMPLETED,Phase 3,Sanofi,INDUSTRY,Placebo; hydroxychloroquine (Z0188),drug,Japan,East Asia,2014-05-13,False,https://clinicaltrials.gov/study/NCT01551069
NCT01559090,Safety and Tolerability of Intravenous Dose of MEDI-546 in Japanese Subjects With Systemic Lupus Erythematosus.,COMPLETED,Phase 2,AstraZeneca,INDUSTRY,MEDI-546,drug,Japan,East Asia,2019-03-13,True,https://clinicaltrials.gov/study/NCT01559090
NCT01580865,Comparison Between Tacrolimus (TAC) and Mycophenolate Mofetil (MMF) for Induction of Remission in Lupus Nephritis,COMPLETED,N/A,Ramathibodi Hospital,OTHER,Tacrolimus vs. Mycophenolate mofetil for Induction Therapy in Lupus Nephritis,drug,Thailand,Southeast Asia,2018-09-12,False,https://clinicaltrials.gov/study/NCT01580865
NCT01582880,Use of Cross-linked Donor Corneas as Carriers for the Boston Keratoprosthesis,COMPLETED,"Phase 1, Phase 2","Joseph B. Ciolino, MD",OTHER,Riboflavin,drug,United States,North America,2019-10-21,True,https://clinicaltrials.gov/study/NCT01582880
NCT01583530,Study of Belimumab Administered Subcutaneously to Healthy Subjects,COMPLETED,Phase 1,Human Genome Sciences Inc.,INDUSTRY,Multiple Dose Group: Belimumab SC 1 x 200 mg weekly; Multiple Dose Group: Belimumab SC 2 x 120 mg weekly; Single Dose Group: Belimumab IV 240 mg; Single Dose Group: Belimumab SC 1 x 200 mg; Single Dose Group: Belimumab SC 1 x 240 mg; Single Dose Group: Belimumab SC 2 x 120 mg,biological,United States,North America,2013-08-07,True,https://clinicaltrials.gov/study/NCT01583530
NCT01597492,A Study to Evaluate the Effect of Belimumab on Vaccine Responses in Subjects With Systemic Lupus Erythematosus (SLE),COMPLETED,Phase 4,"Human Genome Sciences Inc., a GSK Company",INDUSTRY,Belimumab plus Early Vaccination; Belimumab plus Late Vaccination,biological,United States,North America,2018-08-16,True,https://clinicaltrials.gov/study/NCT01597492
NCT01597622,"BEL114333, a Continuation Study of BEL113750 in Subjects With Systemic Lupus Erythematosus (SLE) in Northeast Asia, and in Japan Subjects Completing the Open-label Extension of HGS1006-C1115",COMPLETED,Phase 3,GlaxoSmithKline,INDUSTRY,Belimumab,drug,Japan; South Korea,East Asia; Other / Global,2020-03-27,True,https://clinicaltrials.gov/study/NCT01597622
NCT01616472,WEUKBRE5716: Steroid-related Damage in Systemic Lupus Erythematosus (Hopkins),COMPLETED,N/A,GlaxoSmithKline,INDUSTRY,Cumulative corticosteroid exposure,drug,,,2016-04-25,False,https://clinicaltrials.gov/study/NCT01616472
NCT01632241,Efficacy and Safety of Belimumab in Black Race Patients With Systemic Lupus Erythematosus (SLE),COMPLETED,Phase 4,"Human Genome Sciences Inc., a GSK Company",INDUSTRY,Belimumab 10 mg/kg plus standard therapy; Placebo plus standard therapy; Standard therapy,biological; drug,Brazil; Colombia; France; South Africa; United Kingdom; United States,Africa; Europe; Latin America; North America,2021-09-08,True,https://clinicaltrials.gov/study/NCT01632241
NCT01639339,Efficacy and Safety of Belimumab in Patients With Active Lupus Nephritis,COMPLETED,Phase 3,"Human Genome Sciences Inc., a GSK Company",INDUSTRY,Belimumab 10 mg/kg plus standard therapy; Placebo plus standard therapy; Standard therapy,biological; drug,Argentina; Belgium; Brazil; Canada; China; Colombia; Czechia; France; Germany; Hong Kong; Hungary; Mexico; Netherlands; Philippines; Russia; South Korea; Spain; Taiwan; Thailand; United Kingdom; United States,East Asia; Europe; Latin America; North America; Other / Global; Southeast Asia,2021-03-19,True,https://clinicaltrials.gov/study/NCT01639339
NCT01642706,Regulatory B Cells in Inflammatory Rheumatisms and Biomarkers of Response to Biologic Treatments,UNKNOWN,N/A,"University Hospital, Montpellier",OTHER,,,France,Europe,2020-07-21,False,https://clinicaltrials.gov/study/NCT01642706
NCT01646736,Efficacy and Safety of Tripterygium Wilfordii in Patients With Lupus Nephritis,UNKNOWN,"Phase 2, Phase 3",Peking Union Medical College Hospital,OTHER,Cyclophosphamide; GC; Tripterygium wilfordii Hook F,drug,China,East Asia,2012-07-23,False,https://clinicaltrials.gov/study/NCT01646736
NCT01649765,Pediatric Lupus Trial of Belimumab Plus Background Standard Therapy,COMPLETED,Phase 2,GlaxoSmithKline,INDUSTRY,Belimumab 10 mg/kg; Placebo,drug; other,Argentina; Canada; Japan; Mexico; Peru; Poland; Russia; Spain; United Kingdom; United States,East Asia; Europe; Latin America; North America; Other / Global,2026-04-20,True,https://clinicaltrials.gov/study/NCT01649765
NCT01673295,RING - Rituximab for Lupus Nephritis With Remission as a Goal,UNKNOWN,Phase 3,"Frédéric A. Houssiau, MD, PhD",OTHER,RTX infusions; Standard of Care,drug; other,Belgium,Europe,2015-05-28,False,https://clinicaltrials.gov/study/NCT01673295
NCT01683695,Safety Study of AMG 557 in Subjects With Lupus Arthritis,COMPLETED,Phase 1,Amgen,INDUSTRY,AMG 557; Matching Placebo,drug,Australia; Denmark; France; Germany; Malaysia; Taiwan; United Kingdom; United States,East Asia; Europe; North America; Oceania; Southeast Asia,2017-01-24,False,https://clinicaltrials.gov/study/NCT01683695
NCT01686555,"A Study to Evaluate the Safety, Tolerability and Pharmacokinetics of ABT-199 in Female Patients With Systemic Lupus Erythematosus (SLE)",COMPLETED,Phase 1,"AbbVie (prior sponsor, Abbott)",INDUSTRY,ABT-199; Placebo,drug; other,Germany; Mexico; Puerto Rico; United States,Europe; North America; Other / Global,2017-11-20,False,https://clinicaltrials.gov/study/NCT01686555
NCT01687192,Multicenter Trial Evaluating the Immunogenicity of HPV Vaccination in Girls on Immunosuppressive Therapy.,COMPLETED,Phase 2,"University Hospital, Bordeaux",OTHER,HPV prophylactic vaccine Gardasil,biological,France,Europe,2024-07-16,False,https://clinicaltrials.gov/study/NCT01687192
NCT01687309,"A Study to Investigate the Safety, Tolerability, Pharmacokinetics and Pharmacodynamics of Single and Repeat Doses of GSK2586184 and the Effect of Food and Gender",COMPLETED,Phase 1,GlaxoSmithKline,INDUSTRY,GSK2586184 800mg single and repeat dose; GSK2586184 single dose taken with food; GSK2586184 single dose taken without food; Placebo-to-match GSK2586184,drug; other,Belgium,Europe,2018-05-25,False,https://clinicaltrials.gov/study/NCT01687309
NCT01689025,An Investigation of Safety and Tolerability of NNC0114-0006 in Subjects With Systemic Lupus Erythematosus (SLE),TERMINATED,Phase 1,Novo Nordisk A/S,INDUSTRY,NNC0114-0006; placebo,drug,Hungary; Poland; Serbia; United States,Europe; North America,2014-04-08,False,https://clinicaltrials.gov/study/NCT01689025
NCT01689350,A Prospective Study of Cyclophosphamide in Systemic Lupus Erythematosus Treatment,COMPLETED,N/A,Sun Yat-sen University,OTHER,Genotype Detection,genetic,China,East Asia,2014-09-08,True,https://clinicaltrials.gov/study/NCT01689350
NCT01697254,The CARRA Registry,COMPLETED,N/A,Duke University,OTHER,,,United States,North America,2015-11-17,False,https://clinicaltrials.gov/study/NCT01697254
NCT01702038,Determining the Responses and Impact of Rituximab-instigated Cell Depletion on T Cells in People With SLE,WITHDRAWN,Phase 2,National Institute of Allergy and Infectious Diseases (NIAID),NIH,Rituximab,drug,United States,North America,2012-10-08,False,https://clinicaltrials.gov/study/NCT01702038
NCT01702740,A Study of the Safety and Pharmacokinetics of CNTO 136 in Patients With Cutaneous Lupus Erythematosus and Systemic Lupus Erythematosus,COMPLETED,Phase 1,"Centocor Research & Development, Inc.",INDUSTRY,1 mg/kg CNTO 136; 10 mg/kg CNTO 136; 4 mg/kg CNTO 136; Placebo,drug,,,2012-10-08,False,https://clinicaltrials.gov/study/NCT01702740
NCT01705977,Belimumab Assessment of Safety in SLE,COMPLETED,Phase 4,GlaxoSmithKline,INDUSTRY,Belimumab 10 mg/kg plus standard therapy; Placebo plus standard therapy; Standard therapy,biological; other,Argentina; Australia; Brazil; Bulgaria; Canada; Chile; Colombia; Croatia; Czechia; Estonia; Hong Kong; Hungary; Indonesia; Italy; Lithuania; Malaysia; Mexico; New Zealand; Peru; Philippines; Poland; Portugal; Romania; Russia; Serbia; Slovakia; South Korea; Spain; Switzerland; Taiwan; Thailand; Ukraine; United States,East Asia; Europe; Latin America; North America; Oceania; Other / Global; Southeast Asia,2024-07-15,True,https://clinicaltrials.gov/study/NCT01705977
NCT01709474,Vitamin D3 Treatment in Pediatric Systemic Lupus Erythematosus,TERMINATED,Phase 2,National Institute of Allergy and Infectious Diseases (NIAID),NIH,Vitamin D3 400 IU; Vitamin D3 6000 IU,drug,United States,North America,2015-12-17,True,https://clinicaltrials.gov/study/NCT01709474
NCT01712529,"Physical Exercise, Endothelial Function and Progenitor Endothelial Cells in Systemic Lupus Erythematosus Patients",UNKNOWN,N/A,Federal University of São Paulo,OTHER,Supervised physical exercise,behavioral,Brazil,Latin America,2012-10-23,False,https://clinicaltrials.gov/study/NCT01712529
NCT01714817,Efficacy and Safety Study of Abatacept to Treat Lupus Nephritis,TERMINATED,Phase 3,Bristol-Myers Squibb,INDUSTRY,BMS-188667; Mycophenolate mofetil; Placebo matching with BMS-188667; Prednisone,biological; drug,Argentina; Australia; Brazil; Canada; Chile; China; Colombia; Czechia; Hong Kong; India; Israel; Italy; Japan; Mexico; Peru; Puerto Rico; Romania; Russia; South Korea; Spain; Taiwan; Turkey (Türkiye); United States,East Asia; Europe; Latin America; Middle East; North America; Oceania; Other / Global; South Asia,2021-02-26,True,https://clinicaltrials.gov/study/NCT01714817
NCT01716312,Omalizumab for Lupus,COMPLETED,Phase 1,National Institute of Arthritis and Musculoskeletal and Skin Diseases (NIAMS),NIH,Omalizumab,drug,United States,North America,2022-04-20,False,https://clinicaltrials.gov/study/NCT01716312
NCT01729455,Safety and Effectiveness of BENLYSTA (Belimumab) in Systemic Lupus Erythematosus (SLE) Registry,COMPLETED,N/A,GlaxoSmithKline,INDUSTRY,Benlysta; Standard of Care (SoC) Therapy,biological; other,Argentina; Austria; Belgium; Canada; France; Germany; Israel; Italy; Portugal; Slovakia; Spain; Sweden; United States,Europe; Latin America; Middle East; North America,2026-03-20,True,https://clinicaltrials.gov/study/NCT01729455
NCT01731054,Functional MRI in Lupus Nephritis,COMPLETED,N/A,Biogen,INDUSTRY,,,United States,North America,2015-04-27,False,https://clinicaltrials.gov/study/NCT01731054
NCT01741012,Study to Determine if Gardasil Vaccine is Safe and Effective in Lupus Patients,COMPLETED,Phase 1,Wayne State University,OTHER,Gardasil,drug,United States,North America,2018-11-05,True,https://clinicaltrials.gov/study/NCT01741012
NCT01741857,Umbilical Cord Derived Mesenchymal Stem Cells Transplantation for Active and Refractory Systemic Lupus Erythematosus,UNKNOWN,"Phase 1, Phase 2",The Affiliated Nanjing Drum Tower Hospital of Nanjing University Medical School,OTHER,human umbilical cord derived MSC transplantation for SLE,biological,China,East Asia,2013-11-05,False,https://clinicaltrials.gov/study/NCT01741857
NCT01753193,"An Open-label Study to Evaluate the Long-term Safety of MEDI-546, for the Treatment of SLE, in Adults",COMPLETED,Phase 2,MedImmune LLC,INDUSTRY,Anifrolumab,biological,Brazil; Bulgaria; Colombia; Czechia; Hungary; Mexico; Peru; Poland; Romania; South Korea; Taiwan; Ukraine; United States,East Asia; Europe; Latin America; North America; Other / Global,2019-07-31,True,https://clinicaltrials.gov/study/NCT01753193
NCT01753401,Acthar for the Treatment of Systemic Lupus Erythematosus (SLE) in Patients With a History of Persistently Active Disease,COMPLETED,Phase 4,Mallinckrodt,INDUSTRY,Acthar; Placebo; Steroid Drug,drug,United States,North America,2020-02-27,True,https://clinicaltrials.gov/study/NCT01753401
NCT01761422,Myocardial Inflammation in Systemic Lupus Erythematosus,ACTIVE_NOT_RECRUITING,N/A,Stacy Ardoin MD,OTHER,,,United States,North America,2025-12-18,False,https://clinicaltrials.gov/study/NCT01761422
NCT01764594,Safety Study of CDP7657 in Patients With Systemic Lupus Erythematosus,COMPLETED,Phase 1,UCB Pharma,INDUSTRY,CDP7657; Placebo,biological; other,Belgium; Bulgaria; Germany; Poland; Romania; Russia; Spain,Europe; Other / Global,2015-07-16,False,https://clinicaltrials.gov/study/NCT01764594
NCT01765842,Comparison of the Efficacy of Two Rituximab Treatment Regimens in Patients With Lupus Nephropathy,TERMINATED,Phase 3,Fundación Pública Andaluza Progreso y Salud,OTHER,Rituximab,biological,Spain,Europe,2015-07-10,False,https://clinicaltrials.gov/study/NCT01765842
NCT01769937,Open-label Trial of Acthar Gel in Subjects With Moderate to Severe Active Systemic Lupus Erythematosus,COMPLETED,Phase 4,"Fiechtner, Justus J., M.D., P.C.",INDIV,H.P. Acthar Gel,drug,United States,North America,2013-07-23,False,https://clinicaltrials.gov/study/NCT01769937
NCT01772069,Health-Related Quality of Life in Patients With Systemic Lupus Erythematosus:Focusing on Fibromyalgia,COMPLETED,N/A,The Catholic University of Korea,OTHER,,,,,2017-02-02,False,https://clinicaltrials.gov/study/NCT01772069
NCT01773616,Trial of Rituximab and Mycophenolate Mofetil Without Oral Steroids for Lupus Nephritis,TERMINATED,Phase 3,Imperial College London,OTHER,Methyl prednisolone; Mycophenolate mofetil; Oral prednisolone; Rituximab,drug,United Kingdom,Europe,2018-02-01,False,https://clinicaltrials.gov/study/NCT01773616
NCT01777256,"An Adaptive Phase II Study to Evaluate the Efficacy, Pharmacodynamics, Safety and Tolerability of GSK2586184",TERMINATED,Phase 2,GlaxoSmithKline,INDUSTRY,GSK2586184 100 mg; GSK2586184 200 mg; GSK2586184 400 mg; GSK2586184 50 mg; Placebo,drug,Argentina; Chile; Czechia; Estonia; France; Germany; Greece; Hong Kong; Hungary; Peru; Poland; Romania; South Africa; South Korea; Spain; Sweden,Africa; East Asia; Europe; Latin America; Other / Global,2017-04-26,False,https://clinicaltrials.gov/study/NCT01777256
NCT01781611,Dipyridamole Assessment for Flare Reduction in Systemic Lupus Erythematosus (SLE),TERMINATED,N/A,Oklahoma Medical Research Foundation,OTHER,81mg aspirin; extended release dipyridamole 200mg/aspirin 25mg,drug,United States,North America,2020-11-25,True,https://clinicaltrials.gov/study/NCT01781611
NCT01802034,"Repository of Novel Analytes Leading to Autoimmune, Inflammatory and Diabetic Nephropathies (RENAL AID)",RECRUITING,N/A,The Rogosin Institute,OTHER,,,United States,North America,2025-04-04,False,https://clinicaltrials.gov/study/NCT01802034
NCT01837875,Intervention to Improve Quality of Life in African American Lupus Patients,COMPLETED,N/A,Medical University of South Carolina,OTHER,Chronic Disease Self-Management Program (CDSMP); Listserv; Mail-delivered arthritis kit; Support group,behavioral,United States,North America,2018-06-15,False,https://clinicaltrials.gov/study/NCT01837875
NCT01838694,"Double-Blinded, Randomized, Placebo-Controlled Study to Investigate the Safety, Tolerability, Pharmacokinetics, and Biochemical Activity of Intravenous Cpn10 Administration in Subjects With Mild to Moderate SLE.",COMPLETED,"Phase 1, Phase 2","Invion, Inc.",INDUSTRY,Ala-Cpn10; Placebo,biological; drug,United States,North America,2017-01-30,True,https://clinicaltrials.gov/study/NCT01838694
NCT01840709,Effectiveness Study of Psychotherapy in Systemic Lupus Erythematosus,UNKNOWN,N/A,Federal University of São Paulo,OTHER,Psychotherapy,behavioral,Brazil,Latin America,2014-01-09,False,https://clinicaltrials.gov/study/NCT01840709
NCT01852851,Employment and Arthritis: Making it Work,ACTIVE_NOT_RECRUITING,N/A,University of British Columbia,OTHER,Employment and Arthritis: Making it Work,behavioral,Canada,North America,2026-05-01,False,https://clinicaltrials.gov/study/NCT01852851
NCT01858792,A Pooled Analysis of the HGS1006-C1056 (BLISS-52) and HGS1006-C1057 (BLISS-76) Studies,COMPLETED,N/A,"Human Genome Sciences Inc., a GSK Company",INDUSTRY,Belimumab 1 mg/kg; Belimumab 10 mg/kg; Placebo,drug; other,,,2013-05-21,False,https://clinicaltrials.gov/study/NCT01858792
NCT01861561,Low-dose VS High-dose IV Cyclophosphamide for Proliferative LN in Children,TERMINATED,Phase 4,Mahidol University,OTHER,High-dose intravenous cyclophosphamide; Low-dose intravenous cyclophosphamide,drug,Thailand,Southeast Asia,2020-09-04,False,https://clinicaltrials.gov/study/NCT01861561
NCT01863641,The Effect of Calcitriol on Progress and Activity of Lupus Nephritis,UNKNOWN,Phase 2,Guilan University of Medical Sciences,OTHER,calcitriol; placebo,drug,Iran,Other / Global,2013-05-29,False,https://clinicaltrials.gov/study/NCT01863641
NCT01889641,IL-26 and Systemic Lupus Erythematosus,TERMINATED,N/A,"University Hospital, Strasbourg, France",OTHER,,,France,Europe,2017-09-08,False,https://clinicaltrials.gov/study/NCT01889641
NCT01889654,Anti-nucleosome B Lymphocytes in Lupus,TERMINATED,N/A,"University Hospital, Strasbourg, France",OTHER,Venous blood sampling,other,France,Europe,2017-09-11,False,https://clinicaltrials.gov/study/NCT01889654
NCT01892748,"Cholecalciferol Supplementation on Disease Activity, Fatigue and Bone Mass on Juvenile Systemic Lupus Erythematosus.",COMPLETED,N/A,ROSA MARIA RODRIGUES PEREIRA,OTHER,Cholecalciferol; Placebo,drug,Brazil,Latin America,2016-05-12,False,https://clinicaltrials.gov/study/NCT01892748
NCT01894360,"A Study to Estimate the Relative Bioavailability, Tolerability and Safety of a Single Dose of Belimumab Self-Administered Subcutaneously (SC) by Healthy Subjects",COMPLETED,Phase 1,GlaxoSmithKline,INDUSTRY,Belimumab 200 mg/mL,drug,United States,North America,2017-05-15,False,https://clinicaltrials.gov/study/NCT01894360
NCT01904812,Longitudinal Study of Quality of Life and Activity in Systemic Lupus Erythematosus,COMPLETED,N/A,Centre Hospitalier Universitaire Dijon,OTHER,Questionnaire about quality of life and satisfaction,other,France,Europe,2026-03-12,False,https://clinicaltrials.gov/study/NCT01904812
NCT01911169,Vitamin D to Improve Endothelial Function in SLE,COMPLETED,Phase 2,Medical University of South Carolina,OTHER,Cholecalciferol,drug,United States,North America,2017-10-27,True,https://clinicaltrials.gov/study/NCT01911169
NCT01914770,Effectiveness of Belimumab Treatment in a Subpopulation of Systemic Lupus Erythematosus (SLE) Patients: a Pooled Analysis of BLISS-52 and BLISS-76,COMPLETED,N/A,GlaxoSmithKline,INDUSTRY,Belimumab 1 mg/kg; Belimumab 10 mg/kg; Placebo,drug,,,2013-09-16,False,https://clinicaltrials.gov/study/NCT01914770
NCT01926054,ACTHAR GEL in Patients With Membranous (Class V) Lupus Nephritis,WITHDRAWN,Phase 4,Ohio State University,OTHER,Acthar gel,drug,United States,North America,2018-05-11,False,https://clinicaltrials.gov/study/NCT01926054
NCT01930890,BIIB023 Long-Term Extension Study in Subjects With Lupus Nephritis,TERMINATED,Phase 2,Biogen,INDUSTRY,BIIB023; mycophenolate mofetil; oral corticosteroids,biological; drug,Argentina; Australia; Belgium; Brazil; Colombia; France; Hong Kong; Hungary; Italy; Malaysia; Mexico; Peru; Philippines; Poland; Russia; South Korea; Spain; Thailand; United States,East Asia; Europe; Latin America; North America; Oceania; Other / Global; Southeast Asia,2017-01-18,True,https://clinicaltrials.gov/study/NCT01930890
NCT01931644,"At-Home Research Study for Patients With Autoimmune, Inflammatory, Genetic, Hematological, Infectious, Neurological, CNS, Oncological, Respiratory, Metabolic Conditions",COMPLETED,N/A,Sanguine Biosciences,INDUSTRY,,,United States,North America,2024-04-18,False,https://clinicaltrials.gov/study/NCT01931644
NCT01946880,Randomized MMF Withdrawal in Systemic Lupus Erythematosus (SLE),TERMINATED,Phase 2,National Institute of Allergy and Infectious Diseases (NIAID),NIH,Hydroxychloroquine or Chloroquine; Mycophenolate Mofetil; Prednisone,drug,United States,North America,2020-08-17,True,https://clinicaltrials.gov/study/NCT01946880
NCT01952275,Observational Study of the Genetic Architecture of Neutrophil-Mediated Inflammatory Skin Diseases,UNKNOWN,N/A,University of Zurich,OTHER,Collection of biological samples,procedure,Switzerland,Europe,2016-09-27,False,https://clinicaltrials.gov/study/NCT01952275
NCT01953835,A Two-part Study to Investigate the Interaction and Pharmacokinetics of GSK2586184,COMPLETED,Phase 1,GlaxoSmithKline,INDUSTRY,GSK2586184 new formulation; GSK2586184 standard formulation; Rosuvastatin; Simvastatin,drug,United States,North America,2021-06-23,False,https://clinicaltrials.gov/study/NCT01953835
NCT01956188,Omega 3 in LES and APS,UNKNOWN,N/A,University of Sao Paulo,OTHER,EPA and DHA supplementation; Placebo,dietary_supplement,Brazil,Latin America,2017-09-27,False,https://clinicaltrials.gov/study/NCT01956188
NCT01972568,Efficacy and Safety of Atacicept in Systemic Lupus Erythematosus,COMPLETED,Phase 2,EMD Serono,INDUSTRY,Atacicept 150 mg; Atacicept 75 milligram (mg); Placebo,drug,Argentina; Brazil; Bulgaria; Chile; Czechia; Germany; Italy; Japan; Mexico; Peru; Philippines; Poland; Russia; South Africa; South Korea; Spain; United Kingdom; United States,Africa; East Asia; Europe; Latin America; North America; Other / Global; Southeast Asia,2018-01-02,True,https://clinicaltrials.gov/study/NCT01972568
NCT01988506,Induction of Regulatory t Cells by Low Dose il2 in Autoimmune and Inflammatory Diseases,COMPLETED,Phase 2,Assistance Publique - Hôpitaux de Paris,OTHER,Interleukin 2,drug,France,Europe,2021-07-20,False,https://clinicaltrials.gov/study/NCT01988506
NCT01992666,GENetic & Immunologic Abnomalies in Systemic Lupus Erythematosus,COMPLETED,N/A,Hospices Civils de Lyon,OTHER,Blood sampling,genetic,France,Europe,2025-12-19,False,https://clinicaltrials.gov/study/NCT01992666
NCT02006784,Pilot Study to Assess Flares Following Inactivated Influenza Vaccine in Children With Systemic Lupus Erythematosus (SLE),COMPLETED,N/A,Vanderbilt University,OTHER,,,United States,North America,2017-05-03,False,https://clinicaltrials.gov/study/NCT02006784
NCT02021513,Pilot Study - Effect of Omega-3 on Systemic Lupus Erythematosus,COMPLETED,Phase 2,University of Texas Southwestern Medical Center,OTHER,Fish Oil; Olive Oil,dietary_supplement,United States,North America,2013-12-27,False,https://clinicaltrials.gov/study/NCT02021513
NCT02037971,Aerobic Exercise on Improving Sleep in Systemic Lupus Erythematosus.,UNKNOWN,N/A,Federal University of São Paulo,OTHER,Aerobic Exercise; Control Group,other; procedure,Brazil,Latin America,2014-01-16,False,https://clinicaltrials.gov/study/NCT02037971
NCT02041091,A Study of Tabalumab (LY2127399) Using Two Different Injection Methods in Participants With Lupus,TERMINATED,Phase 3,Eli Lilly and Company,INDUSTRY,Tabalumab Auto-Injector; Tabalumab Prefilled Syringe,drug,Puerto Rico; South Korea; United States,North America; Other / Global,2018-06-15,True,https://clinicaltrials.gov/study/NCT02041091
NCT02066311,Nelfinavir in Systemic Lupus Erythematosus,TERMINATED,Phase 2,Northwell Health,OTHER,Nelfinavir,drug,United States,North America,2020-02-24,True,https://clinicaltrials.gov/study/NCT02066311
NCT02070978,Long-term Safety and Tolerability of Atacicept (Long-term Follow-Up of Participant Who Participated in ADDRESS II),TERMINATED,Phase 2,EMD Serono,INDUSTRY,Atacicept 150 mg; Atacicept 75 mg,drug,Argentina; Brazil; Bulgaria; Chile; Czechia; Germany; Italy; Mexico; Peru; Philippines; Poland; Russia; South Africa; South Korea; Spain; United Kingdom; United States,Africa; Europe; Latin America; North America; Other / Global; Southeast Asia,2019-03-21,True,https://clinicaltrials.gov/study/NCT02070978
NCT02074020,CHABLIS-SC2: A Study of the Efficacy and Safety of Subcutaneous Blisibimod in Subjects With Systemic Lupus Erythematosus With or Without Nephritis,WITHDRAWN,Phase 3,Anthera Pharmaceuticals,INDUSTRY,Blisibimod; Placebo,drug,,,2015-08-13,False,https://clinicaltrials.gov/study/NCT02074020
NCT02080195,Nonmyeloablative Conditioning and Transplantation for Patients With Refractory Systemic Lupus Erythematosus (SLE),TERMINATED,"Phase 1, Phase 2",Sidney Kimmel Comprehensive Cancer Center at Johns Hopkins,OTHER,Allogeneic bone marrow transplant; Cyclophosphamide; Fludarabine; Mycophenolate Mofetil; Rabbit antithymocyte globulin; Tacrolimus; Total body irradiation,biological; drug; radiation,United States,North America,2019-10-02,True,https://clinicaltrials.gov/study/NCT02080195
NCT02081183,A Study to Evaluate Efficacy of CellCept (Mycophenolate Mofetil) in Patients With Lupus Nephritis,TERMINATED,Phase 3,Hoffmann-La Roche,INDUSTRY,"Cyclophosphamide, Induction Phase; Cyclophosphamide, Maintenance Phase; Mycophenolate mofetil (MMF); Prednisone",drug,Venezuela,Other / Global,2014-07-17,True,https://clinicaltrials.gov/study/NCT02081183
NCT02084238,Low-dose IL-2( Interleukin-2) Treatment in SLE,COMPLETED,N/A,Peking University People's Hospital,OTHER,Interleukin-2,drug,China,East Asia,2020-04-03,True,https://clinicaltrials.gov/study/NCT02084238
NCT02102594,Therapy of Antibody-mediated Autoimmune Diseases by Bortezomib (TAVAB),TERMINATED,Phase 2,"Charite University, Berlin, Germany",OTHER,Bortezomib,drug,Germany,Europe,2019-12-03,False,https://clinicaltrials.gov/study/NCT02102594
NCT02106897,"Study Evaluating the Safety, Tolerability, and Pharmacokinetics of Single Doses and Multiple Doses of BIIB059 (Litifilimab) in Healthy Volunteers and Participants With Systemic Lupus Erythematosus",COMPLETED,Phase 1,Biogen,INDUSTRY,BIIB059 (litifilimab); Placebo,drug,United States,North America,2023-01-31,False,https://clinicaltrials.gov/study/NCT02106897
NCT02119156,Belimumab Treatment Holiday and Treatment Re-start Study in Lupus Patients,COMPLETED,Phase 3,GlaxoSmithKline,INDUSTRY,Belimumab,drug,China; Japan; South Korea; United States,East Asia; North America; Other / Global,2020-01-31,True,https://clinicaltrials.gov/study/NCT02119156
NCT02124798,"A Phase 2B Open-Label, Single-Arm, Repeat-Dose Study to Evaluate the Reliability of an Autoinjector",COMPLETED,Phase 2,GlaxoSmithKline,INDUSTRY,Belimumab autoinjector,device,United States,North America,2018-04-11,True,https://clinicaltrials.gov/study/NCT02124798
NCT02141672,AURA-LV: Aurinia Urinary Protein Reduction Active - Lupus With Voclosporin (AURA-LV),COMPLETED,Phase 2,Aurinia Pharmaceuticals Inc.,INDUSTRY,Placebo; Voclosporin High Dose; Voclosporin Low Dose,drug,Bangladesh; Belarus; Bulgaria; China; Ecuador; Georgia; Guatemala; Mexico; Philippines; Poland; Russia; Serbia; Singapore; South Korea; Spain; Sri Lanka; Taiwan; Thailand; Ukraine; United States,East Asia; Europe; North America; Other / Global; South Asia; Southeast Asia,2021-05-18,True,https://clinicaltrials.gov/study/NCT02141672
NCT02151409,Dose-escalation Trial of Anti-C5aR Antibody in Healthy Subjects,COMPLETED,Phase 1,Novo Nordisk A/S,INDUSTRY,NNC 0151-0000-0000; placebo,drug,Netherlands,Europe,2017-02-09,False,https://clinicaltrials.gov/study/NCT02151409
NCT02162992,Systemic Lupus Erythematous and Heart Conduction Disorders,COMPLETED,N/A,Germans Trias i Pujol Hospital,OTHER,No intervention,other,Spain,Europe,2019-10-28,True,https://clinicaltrials.gov/study/NCT02162992
NCT02176486,"Safety, Tolerability and Pharmacokinetics of Multiple Rising Doses of Ixazomib in Lupus Nephritis (LN)",TERMINATED,Phase 1,Takeda,INDUSTRY,Ixazomib; Placebo,drug,France; Germany; Italy; Russia; Spain; United Kingdom; United States,Europe; North America; Other / Global,2019-04-08,True,https://clinicaltrials.gov/study/NCT02176486
NCT02185040,A Pilot Study of CC-220 to Treat Systemic Lupus Erythematosus.,COMPLETED,Phase 2,Celgene,INDUSTRY,CC-220; Placebo,drug,United States,North America,2020-03-19,True,https://clinicaltrials.gov/study/NCT02185040
NCT02194400,Dose Escalation Study of RSLV-132 in Subjects With Systemic Lupus Erythematosus,COMPLETED,Phase 1,Resolve Therapeutics,INDUSTRY,RSLV-132,biological,United States,North America,2015-12-09,False,https://clinicaltrials.gov/study/NCT02194400
NCT02217137,"Tear Proteins, Conjunctival Cells and Imaging Eyes in Rheumatoid Arthritis and Systemic Lupus Erythematosus Patients",COMPLETED,N/A,Singapore National Eye Centre,OTHER_GOV,,,Singapore,Southeast Asia,2015-11-18,False,https://clinicaltrials.gov/study/NCT02217137
NCT02219269,A Complex Contraception Registry,COMPLETED,N/A,"University of California, San Diego",OTHER,,,United States,North America,2018-03-14,False,https://clinicaltrials.gov/study/NCT02219269
NCT02226341,ACTHar in the Treatment of Lupus Nephritis,TERMINATED,Phase 4,Columbia University,OTHER,ACTHar gel; CellCept,drug,United States,North America,2025-03-07,True,https://clinicaltrials.gov/study/NCT02226341
NCT02256150,A Study to Evaluate the Efficacy and Safety of Mizoribine in the Treatment of Lupus Nephritis,COMPLETED,Phase 3,Asahi Kasei Therapeutics Corporation,INDUSTRY,Cyclophosphamide (CTX); Mizoribine (MZR),drug,China,East Asia,2019-06-07,False,https://clinicaltrials.gov/study/NCT02256150
NCT02260934,Rituximab and Belimumab for Lupus Nephritis,COMPLETED,Phase 2,National Institute of Allergy and Infectious Diseases (NIAID),NIH,Acetaminophen; Belimumab; Cyclophosphamide; Diphenhydramine; Methylprednisolone; Prednisone; Rituximab,biological; drug,United States,North America,2020-12-01,True,https://clinicaltrials.gov/study/NCT02260934
NCT02265744,Safety and Efficacy Study of a Biologic to Treat Systemic Lupus Erythematosus,COMPLETED,Phase 2,Bristol-Myers Squibb,INDUSTRY,BMS-931699; Placebo matching BMS-931699,drug,Argentina; Brazil; Canada; Chile; Colombia; France; Germany; Hungary; Italy; Japan; Lebanon; Mexico; Netherlands; Peru; Poland; Puerto Rico; Romania; Russia; South Africa; South Korea; Spain; Taiwan; United States,Africa; East Asia; Europe; Latin America; North America; Other / Global,2019-10-07,True,https://clinicaltrials.gov/study/NCT02265744
NCT02270710,Molecular Mechanisms Characteristics in Systemic Lupus Erythematous Autoimmune Disease,WITHDRAWN,N/A,Weill Medical College of Cornell University,OTHER,,,United States,North America,2017-05-24,False,https://clinicaltrials.gov/study/NCT02270710
NCT02270957,Clarification of Abatacept Effects in SLE With Integrated Biologic and Clinical Approaches,COMPLETED,Phase 2,Oklahoma Medical Research Foundation,OTHER,Abatacept; Placebo,biological; other,United States,North America,2022-01-26,True,https://clinicaltrials.gov/study/NCT02270957
NCT02270970,Evaluation of Belimumab Impact on a BLyS Activity Signature Test in the Absence of Confounding Polypharmacy,UNKNOWN,Phase 4,Oklahoma Medical Research Foundation,OTHER,belimumab,biological,United States,North America,2017-12-07,False,https://clinicaltrials.gov/study/NCT02270970
NCT02281513,Activity and Nutrition Trial in Lupus to Energize and Renew,COMPLETED,N/A,Northwestern University,OTHER,Coaching Sessions; Fitbit Activity Monitor; Smartphone Application,other,United States,North America,2023-09-13,False,https://clinicaltrials.gov/study/NCT02281513
NCT02281799,Thiopurine Induced Pancreatitis in IBD Patients,WITHDRAWN,Phase 4,Shaare Zedek Medical Center,OTHER,Azathioprine,drug,Israel,Middle East,2021-03-18,False,https://clinicaltrials.gov/study/NCT02281799
NCT02284984,Synergetic B-cell Immodulation in SLE,COMPLETED,Phase 2,Leiden University Medical Center,OTHER,Rituximab with belimumab,drug,Netherlands,Europe,2019-02-28,False,https://clinicaltrials.gov/study/NCT02284984
NCT02291588,"A Study to Evaluate the Safety, Tolerability, Pharmacokinetics, and Pharmacodynamics of AMG 811 in Subjects With Systemic Lupus Erythematosus",COMPLETED,Phase 1,Amgen,INDUSTRY,AMG 811; Placebo,drug,,,2014-11-14,False,https://clinicaltrials.gov/study/NCT02291588
NCT02306629,Study to Compare Properties of Epratuzumab When Given as an Injection Under the Skin or Directly Into the Blood,COMPLETED,Phase 1,UCB Biopharma S.P.R.L.,INDUSTRY,Epratuzumab iv; Epratuzumab sc,biological,United Kingdom,Europe,2015-05-12,False,https://clinicaltrials.gov/study/NCT02306629
NCT02307643,Exploratory Study of MT-1303 in Systemic Lupus Erythematosus Patients,COMPLETED,Phase 1,Tanabe Pharma Corporation,INDUSTRY,MT-1303 High dose; MT-1303 Low dose,drug,Japan,East Asia,2017-06-14,False,https://clinicaltrials.gov/study/NCT02307643
NCT02313974,Lupus Flares and Histological Renal Activity at the End of the Treatment (LuFla),UNKNOWN,N/A,Hospital de Clinicas José de San Martín,OTHER,Renal Biopsy,procedure,Argentina,Latin America,2016-09-14,False,https://clinicaltrials.gov/study/NCT02313974
NCT02319525,Individualized Patient Decision Making for Treatment Choices Among Minorities With Lupus,COMPLETED,N/A,University of Alabama at Birmingham,OTHER,Computerized patient decision-aid; Usual care (lupus pamphlet),other,United States,North America,2017-07-18,True,https://clinicaltrials.gov/study/NCT02319525
NCT02321709,Multiple Ascending Dose Study To Assess The Safety Profile Of SAR113244 Versus Placebo In Lupus Male And Female Patients,COMPLETED,Phase 1,Sanofi,INDUSTRY,SAR113244; placebo,drug,Germany,Europe,2016-05-02,False,https://clinicaltrials.gov/study/NCT02321709
NCT02330250,Effectiveness of Pharmaceutical Care in the Adherence of Systemic Lupus Erythematosus Treatment,COMPLETED,N/A,Oswaldo Cruz Foundation,OTHER,Control; Pharmaceutical Care,other,Brazil,Latin America,2016-06-24,False,https://clinicaltrials.gov/study/NCT02330250
NCT02331810,Pharmacodynamics Assessment Study After Single Subcutaneous Dose Of SAR113244 Versus Placebo In Lupus Male And Female Patients,WITHDRAWN,Phase 1,Sanofi,INDUSTRY,SAR113244; placebo,drug,,,2016-06-03,False,https://clinicaltrials.gov/study/NCT02331810
NCT02338999,Role of PPAR-y Agonists in Immunomodulation and Vascular Prevention in SLE (PPAR-SLE),COMPLETED,"Phase 1, Phase 2",National Institute of Arthritis and Musculoskeletal and Skin Diseases (NIAMS),NIH,PET/CT; Pioglitazone; Placebo,drug; radiation,United States,North America,2021-09-14,True,https://clinicaltrials.gov/study/NCT02338999
NCT02349061,"A Phase 2a, Efficacy and Safety Study of Ustekinumab in Systemic Lupus Erythematosus",COMPLETED,Phase 2,"Janssen Research & Development, LLC",INDUSTRY,Concomitant Medication; Placebo Infusion; Placebo SC; Ustekinumab IV; Ustekinumab SC,drug; other,Argentina; Australia; Germany; Hungary; Mexico; Poland; Spain; Taiwan; United States,East Asia; Europe; Latin America; North America; Oceania,2020-03-24,True,https://clinicaltrials.gov/study/NCT02349061
NCT02350491,Study During Pregnancy of Expression of miRNAs in RA or SLE,COMPLETED,N/A,"University Hospital, Strasbourg, France",OTHER,Collection of biological samples,other,France,Europe,2026-02-03,False,https://clinicaltrials.gov/study/NCT02350491
NCT02364908,Prospective Evaluation of Decision and Compliance With Antimalarials in Patients With Systemic Lupus,COMPLETED,N/A,"University Hospital, Lille",OTHER,therapeutic education,other,France,Europe,2018-10-17,False,https://clinicaltrials.gov/study/NCT02364908
NCT02391259,"A Study to Evaluate the Safety, Pharmacokinetics and Pharmacodynamics of AMG 557 in Subjects With Systemic Lupus Erythematosus",COMPLETED,Phase 1,Amgen,INDUSTRY,AMG 557; Placebo,drug,United Kingdom; United States,Europe; North America,2015-03-30,False,https://clinicaltrials.gov/study/NCT02391259
NCT02403115,Prediction of Outcome of Lupus Nephritis,UNKNOWN,N/A,Istituto Giannina Gaslini,OTHER,Serum collection,other,Italy,Europe,2020-07-29,False,https://clinicaltrials.gov/study/NCT02403115
NCT02408471,Ascension® Post- Approval Study; PyroCarbon Metacarpophalangeal Total Joint Prosthesis,TERMINATED,N/A,"Smith & Nephew, Inc.",INDUSTRY,Ascension® MCP Finger Implant,device,United States,North America,2023-10-10,True,https://clinicaltrials.gov/study/NCT02408471
NCT02411136,"A Study to Examine the Safety, Pharmacokinetics and Pharmacodynamics of AMG 623 in Subjects With Systemic Lupus Erythematosus",COMPLETED,Phase 1,Amgen,INDUSTRY,AMG 623; Placebo,drug,,,2015-04-08,False,https://clinicaltrials.gov/study/NCT02411136
NCT02418273,Denosumab for Glucocorticoid-treated Children With Rheumatic Disorders,WITHDRAWN,"Phase 1, Phase 2",Indiana University,OTHER,denosumab,drug,United States,North America,2019-12-06,False,https://clinicaltrials.gov/study/NCT02418273
NCT02422875,Comparative Autoantibody and Immunologic Cell Marker Study,ENROLLING_BY_INVITATION,N/A,Emory University,OTHER,,,United States,North America,2025-09-30,False,https://clinicaltrials.gov/study/NCT02422875
NCT02429934,Abatacept for SLE Arthritis (IM101-330),TERMINATED,"Phase 1, Phase 2","University of California, Los Angeles",OTHER,Placebo; abatacept also known as Orencia also known as CTLA4-Ig,biological; drug,United States,North America,2021-05-13,True,https://clinicaltrials.gov/study/NCT02429934
NCT02435368,The Mechanisms and Significances of Synergistic Effects of Mycophenolic Acid and LPS on IL-1β Secretion by Mononuclear,UNKNOWN,N/A,The Third Affiliated Hospital of Southern Medical University,OTHER_GOV,mycophenolic acid,drug,China,East Asia,2015-05-06,False,https://clinicaltrials.gov/study/NCT02435368
NCT02437890,A Phase II Study to Evaluate Safety and Efficacy of ALX-0061 in Subjects With Systemic Lupus Erythematosus,COMPLETED,Phase 2,"Ablynx, a Sanofi company",INDUSTRY,ALX-0061; Placebo,biological,Argentina; Chile; Czechia; Germany; Hungary; Mexico; Peru; Philippines; Poland; Portugal; Russia; Serbia; South Korea; Spain; Taiwan; Ukraine; United States,East Asia; Europe; Latin America; North America; Other / Global; Southeast Asia,2019-02-26,True,https://clinicaltrials.gov/study/NCT02437890
NCT02443506,"A Study to Examine the Safety, Pharmacokinetics and Pharmacodynamics of Single Dose of AMG 623 in Subjects With Systemic Lupus Erythematosus",COMPLETED,Phase 1,Amgen,INDUSTRY,AMG 623; Placebo,drug,,,2015-05-14,False,https://clinicaltrials.gov/study/NCT02443506
NCT02444728,Cyclophosphamide and Hydroxychloroquine for Thrombocytopenia in SLE,TERMINATED,Phase 3,Chinese SLE Treatment And Research Group,OTHER,Azathioprine; Cyclophosphamide; Hydroxychloroquine; Methylprednisolone,drug,China,East Asia,2022-03-14,False,https://clinicaltrials.gov/study/NCT02444728
NCT02446899,Efficacy and Safety of Anifrolumab Compared to Placebo in Adult Subjects With Active Systemic Lupus Erythematosus,COMPLETED,Phase 3,AstraZeneca,INDUSTRY,Anifrolumab; Placebo,biological; drug,Argentina; Belgium; Brazil; Bulgaria; Canada; France; Germany; Japan; Lithuania; Mexico; Russia; South Africa; South Korea; Spain; United States,Africa; East Asia; Europe; Latin America; North America; Other / Global,2023-01-10,True,https://clinicaltrials.gov/study/NCT02446899
NCT02446912,Efficacy and Safety of Two Doses of Anifrolumab Compared to Placebo in Adult Subjects With Active Systemic Lupus Erythematosus,COMPLETED,Phase 3,AstraZeneca,INDUSTRY,Anifrolumab; Placebo,biological; drug,Argentina; Australia; Brazil; Chile; Colombia; Germany; Hungary; Israel; Italy; New Zealand; Peru; Poland; Romania; South Korea; Taiwan; Ukraine; United Kingdom; United States,East Asia; Europe; Latin America; Middle East; North America; Oceania; Other / Global,2023-01-12,True,https://clinicaltrials.gov/study/NCT02446912
NCT02450396,Pregnancy and Medically Assisted Conception in Rare Diseases,WITHDRAWN,N/A,Assistance Publique - Hôpitaux de Paris,OTHER,,,France,Europe,2026-03-27,False,https://clinicaltrials.gov/study/NCT02450396
NCT02453880,Web-based CBT for Symptoms of Mild-to-Moderate Anxiety and Depression in Youth With Chronic Illness,COMPLETED,N/A,Stanford University,OTHER,Web-based Cognitive Behavioral Therapy,behavioral,,,2016-04-26,False,https://clinicaltrials.gov/study/NCT02453880
NCT02453997,Mycophenolic Acid Pharmacokinetics and Pharmacogenomics in Lupus Nephritis,COMPLETED,N/A,The University of Hong Kong,OTHER,,,Hong Kong,East Asia,2024-12-12,False,https://clinicaltrials.gov/study/NCT02453997
NCT02455089,Prognosis Assessment of the Increase of GADD34 Gene Expression for Patient Suffering From Systemic Lupus Erythematosus,COMPLETED,N/A,"University Hospital, Grenoble",OTHER,GADD34 RNA level measurement.,other,France,Europe,2019-02-21,False,https://clinicaltrials.gov/study/NCT02455089
NCT02456168,Development of a Novel Glutamate Receptor Ligand for PET Scans in Neuropsychiatric Systemic Lupus Erythematosus,COMPLETED,N/A,Northwell Health,OTHER,,,United States,North America,2023-02-15,False,https://clinicaltrials.gov/study/NCT02456168
NCT02457221,A Study to Compare the Efficacy and Safety of Tacrolimus Capsules and Cyclophosphamide Injection in Treatment of Lupus Nephritis,COMPLETED,Phase 3,"Astellas Pharma China, Inc.",INDUSTRY,Cyclophosphamide injections; Prednisone; Tacrolimus capsules,drug,China,East Asia,2024-11-01,False,https://clinicaltrials.gov/study/NCT02457221
NCT02465580,A Pilot-Study With Low-dose hrIL-2 for the Treatment of Systemic Lupus Erythematosus,UNKNOWN,Phase 2,Peking University People's Hospital,OTHER,hrIL-2 active; hrIL-2 placebo,drug,China,East Asia,2015-06-08,False,https://clinicaltrials.gov/study/NCT02465580
NCT02466217,Phenomics in Autoimmune and Inflammatory Diseases,COMPLETED,N/A,Assistance Publique - Hôpitaux de Paris,OTHER,1: AID groups; 2: Control groups,other,France,Europe,2023-08-08,False,https://clinicaltrials.gov/study/NCT02466217
NCT02472795,"Clinical Study to Investigate the Biological Activity, Safety, Tolerability, and Pharmacokinetics of ACT-334441 in Subjects With Systemic Lupus Erythematosus",COMPLETED,"Phase 1, Phase 2",Viatris Innovation GmbH,INDUSTRY,Cenerimod; Matching placebo,drug,Belarus; Bulgaria; Georgia; Russia; Ukraine; United States,Europe; North America; Other / Global,2025-10-03,True,https://clinicaltrials.gov/study/NCT02472795
NCT02477150,Safety and Immunogenicity of a Zoster Vaccine in SLE,COMPLETED,Phase 4,Tuen Mun Hospital,OTHER_GOV,Zostavax; placebo,biological,China,East Asia,2019-09-04,False,https://clinicaltrials.gov/study/NCT02477150
NCT02477254,Long-term Immunogenicity of a HPV Vaccine in SLE,COMPLETED,N/A,Tuen Mun Hospital,OTHER_GOV,Vaccination,biological,China,East Asia,2016-10-19,False,https://clinicaltrials.gov/study/NCT02477254
NCT02483624,"3,3'-Diindolylmethane in Patients With Systemic Lupus Erythematosus",TERMINATED,Phase 1,Northwell Health,OTHER,BR-DIM; Placebo,drug,,,2016-02-01,False,https://clinicaltrials.gov/study/NCT02483624
NCT02493101,The Correlation of Periostin and Renal Pathology in Chronic Kidney Disease Patients,COMPLETED,N/A,Chulalongkorn University,OTHER,,,,,2015-07-09,False,https://clinicaltrials.gov/study/NCT02493101
NCT02504645,"A 52-Week, Randomized, Double-Blind, Parallel-Group, Placebo-Controlled Study to Evaluate the Efficacy and Safety of a 200-mcg Dose of IPP-201101 Plus Standard of Care in Patients With Systemic Lupus Erythematosus",COMPLETED,Phase 3,ImmuPharma,INDUSTRY,IPP-201101; Placebo; Standard of Care,drug; other,Czechia; France; Germany; Hungary; Mauritius; Poland; Puerto Rico; United States,Europe; North America; Other / Global,2019-04-11,True,https://clinicaltrials.gov/study/NCT02504645
NCT02514967,CHABLIS7.5: A Study of the Efficacy and Safety of Subcutaneous Blisibimod in Subjects With Systemic Lupus Erythematosus With or Without Nephritis,TERMINATED,Phase 3,Anthera Pharmaceuticals,INDUSTRY,Blisibimod; Placebo,drug,Georgia,Other / Global,2017-05-23,False,https://clinicaltrials.gov/study/NCT02514967
NCT02524795,Omega 3 Fatty Acids and Systemic Lupus Erythematosus,COMPLETED,N/A,Federal University of Minas Gerais,OTHER,Hiomega-3 supplement of Naturalis® company -,dietary_supplement,,,2015-08-17,False,https://clinicaltrials.gov/study/NCT02524795
NCT02525835,Tissue Sodium in Autoimmune Disease,WITHDRAWN,N/A,Vanderbilt University,OTHER,High Dietary Sodium; Low Dietary Sodium,dietary_supplement,United States,North America,2018-09-25,False,https://clinicaltrials.gov/study/NCT02525835
NCT02530944,Web-based Genetic Research on Lupus,COMPLETED,N/A,"23andMe, Inc.",INDUSTRY,,,United States,North America,2018-01-10,False,https://clinicaltrials.gov/study/NCT02530944
NCT02533570,Dose Ranging Study of Brentuximab Vedotin in Adults With Lupus,TERMINATED,Phase 2,Seagen Inc.,INDUSTRY,Brentuximab vedotin; Placebo,drug,United States,North America,2018-06-11,True,https://clinicaltrials.gov/study/NCT02533570
NCT02535689,"Safety of Tofacitinib, an Oral Janus Kinase Inhibitor, in Systemic Lupus Erythematosus",COMPLETED,Phase 1,National Institute of Arthritis and Musculoskeletal and Skin Diseases (NIAMS),NIH,Placebo; Tofacitinib,drug,United States,North America,2018-08-09,False,https://clinicaltrials.gov/study/NCT02535689
NCT02537028,MSC2364447C Phase 1b in Systemic Lupus Erythematosus,COMPLETED,Phase 1,"EMD Serono Research & Development Institute, Inc.",INDUSTRY,MSC2364447C; Placebo,drug,Bulgaria; United States,Europe; North America,2017-10-09,False,https://clinicaltrials.gov/study/NCT02537028
NCT02547922,Safety and Efficacy of Two Doses of Anifrolumab Compared to Placebo in Adult Subjects With Active Proliferative Lupus Nephritis,COMPLETED,Phase 2,AstraZeneca,INDUSTRY,Anifrolumab; Placebo,biological; drug,Argentina; Australia; Belgium; France; Germany; Hungary; Italy; Mexico; Peru; Poland; Russia; Serbia; South Korea; Spain; Taiwan; United Kingdom; United States,East Asia; Europe; Latin America; North America; Oceania; Other / Global,2021-11-24,True,https://clinicaltrials.gov/study/NCT02547922
NCT02548936,Efficacy and Safety of Simvastatin-ezetimibe Combination Therapy Among Patients With SLE,UNKNOWN,Early Phase 1,Peking Union Medical College Hospital,OTHER,Ezetimibe+Simvastatin Drug Combination,drug,China,East Asia,2015-09-14,False,https://clinicaltrials.gov/study/NCT02548936
NCT02550652,A Study to Evaluate the Safety and Efficacy of Obinutuzumab Compared With Placebo in Participants With Lupus Nephritis (LN),COMPLETED,Phase 2,Hoffmann-La Roche,INDUSTRY,Methylprednisolone; Mycophenolate Mofetil/Mycophenolic Acid; Obinutuzumab; Placebo; Prednisone,drug; other,Argentina; Brazil; Colombia; Costa Rica; France; Israel; Italy; Mexico; Panama; Peru; Spain; United States,Europe; Latin America; Middle East; North America; Other / Global,2024-08-27,True,https://clinicaltrials.gov/study/NCT02550652
NCT02550964,Incidence and Risk Factor of Hydroxychloroquine and Chloroquine Retinopathy,UNKNOWN,N/A,Asan Medical Center,OTHER,Composite Examination,procedure,South Korea,Other / Global,2015-09-18,False,https://clinicaltrials.gov/study/NCT02550964
NCT02554019,Proof-of-Concept Study With BT063 in Subjects With Systemic Lupus Erythematosus,COMPLETED,Phase 2,Biotest,INDUSTRY,BT063; Placebo,biological,Belarus; Georgia; Poland; Serbia,Europe; Other / Global,2020-01-27,True,https://clinicaltrials.gov/study/NCT02554019
NCT02554474,OPAM-IA: Using Digital Activity Trackers to Improve Physical Activity in Inflammatory Arthritis,COMPLETED,N/A,University of British Columbia,OTHER,"Education, Fitbit/FitViz, physiotherapist counselling.; Same intervention with a 9-week delay",behavioral,Canada,North America,2024-01-30,True,https://clinicaltrials.gov/study/NCT02554474
NCT02558517,Evaluation of the Discontinuation of Maintenance Corticosteroid Treatment in Quiescent Systemic Lupus,UNKNOWN,Phase 3,Groupe Hospitalier Pitie-Salpetriere,OTHER,prednisone discontinuation,drug,France,Europe,2016-08-11,False,https://clinicaltrials.gov/study/NCT02558517
NCT02609789,A Single Ascending Dose Study in Healthy Participants and Multiple Dose Study of JNJ-55920839 in Participants With Mild to Moderate Systemic Lupus Erythematosus,COMPLETED,Phase 1,"Janssen Research & Development, LLC",INDUSTRY,JNJ-55920839; Placebo,drug,Belgium; Moldova; Poland; Romania; Spain; Taiwan; United States,East Asia; Europe; North America; Other / Global,2025-02-03,False,https://clinicaltrials.gov/study/NCT02609789
NCT02618967,Single Ascending Dose Study of AMG 570 in Healthy Subjects,COMPLETED,Phase 1,Amgen,INDUSTRY,AMG 570; AMG 570 Matching Placebo,biological,United States,North America,2024-05-14,True,https://clinicaltrials.gov/study/NCT02618967
NCT02625831,Anti-ficolin-3 Autoantibodies in Lupus Nephritis,COMPLETED,N/A,"University Hospital, Grenoble",OTHER,Biological analysis,other,,,2017-02-28,False,https://clinicaltrials.gov/study/NCT02625831
NCT02630628,Efficacy and Safety of Tacrolimus Versus Mycophenolate in Lupus Nephritis,COMPLETED,Phase 3,The University of Hong Kong,OTHER,Mycophenolate mofetil; Tacrolimus,drug,Hong Kong,East Asia,2025-09-25,False,https://clinicaltrials.gov/study/NCT02630628
NCT02631005,Walk With Ease Program For Patients With Systemic Lupus Erythematosus,COMPLETED,N/A,"University of North Carolina, Chapel Hill",OTHER,"""Walk With Ease""",other,United States,North America,2018-10-16,False,https://clinicaltrials.gov/study/NCT02631005
NCT02633163,Phase 2 Trial of Mesenchymal Stem Cells in Systemic Lupus Erythematosus (MiSLE),COMPLETED,Phase 2,Medical University of South Carolina,OTHER,High Dose Mesenchymal Stem Cells (MSCs); Low Dose Mesenchymal Stem Cells (MSCs); Placebo Infusion,drug,United States,North America,2026-02-05,False,https://clinicaltrials.gov/study/NCT02633163
NCT02645565,Comparison of Low Dose Versus High Dose Cyclophosphamide as Induction Therapy in the Treatment of Lupus Nephritis,COMPLETED,Phase 4,Jawaharlal Institute of Postgraduate Medical Education & Research,OTHER_GOV,Azathioprine; Cyclophosphamide; Methylprednisolone,drug,India,South Asia,2017-03-06,False,https://clinicaltrials.gov/study/NCT02645565
NCT02653287,Lupus Intervention for Fatigue Trial,ACTIVE_NOT_RECRUITING,N/A,Northwestern University,OTHER,Control; Experimental,behavioral; other,United States,North America,2026-04-13,False,https://clinicaltrials.gov/study/NCT02653287
NCT02655640,The Impact of Illness Perceptions on Health Related Outcomes in Patients With Lupus and Systemic Sclerosis,COMPLETED,N/A,Universitaire Ziekenhuizen KU Leuven,OTHER,Questionnaires,other,,,2017-08-04,False,https://clinicaltrials.gov/study/NCT02655640
NCT02660944,A Phase 2a of RSLV-132 in Subjects With Systemic Lupus Erythematosus (SLE),COMPLETED,Phase 2,Resolve Therapeutics,INDUSTRY,Placebo; RSLV-132,drug,United States,North America,2021-03-10,True,https://clinicaltrials.gov/study/NCT02660944
NCT02665364,Phase IIb Study of IFN-K in Systemic Lupus Erythematosus,TERMINATED,Phase 2,Neovacs,INDUSTRY,IFNα-Kinoid; ISA 51 VG; Placebo,biological; other,Argentina; Belgium; Chile; Colombia; Croatia; France; Georgia; Germany; Italy; Mexico; Moldova; Peru; Philippines; Poland; Russia; South Korea; Switzerland; Taiwan; Thailand; Tunisia; United States,East Asia; Europe; Latin America; North America; Other / Global; Southeast Asia,2020-04-09,True,https://clinicaltrials.gov/study/NCT02665364
NCT02677688,Autologous EBV-specific Cytotoxic T Cells for the Treatment of Systemic Lupus Erythematosus (SLE),TERMINATED,"Phase 1, Phase 2",Nantes University Hospital,OTHER,Autologous EBV specific CTL infusion,biological,France,Europe,2022-03-25,False,https://clinicaltrials.gov/study/NCT02677688
NCT02682407,"Safety Study of IgAN, LN, MN, & C3 Glomerulopathy Including Dense Deposit Disease Treated With OMS721",TERMINATED,Phase 2,Omeros Corporation,INDUSTRY,OMS721 (narsoplimab),biological,Hong Kong; United States,East Asia; North America,2026-03-30,True,https://clinicaltrials.gov/study/NCT02682407
NCT02708095,A Study of Baricitinib (LY3009104) in Participants With Systemic Lupus Erythematosus (SLE),COMPLETED,Phase 2,Eli Lilly and Company,INDUSTRY,Baricitinib; Placebo,drug,Argentina; Austria; France; Japan; Mexico; Poland; Puerto Rico; Romania; South Korea; Spain; Taiwan; United States,East Asia; Europe; Latin America; North America; Other / Global,2018-11-21,True,https://clinicaltrials.gov/study/NCT02708095
NCT02711813,"TAB08 in Patients With Systemic Lupus Erythematosus (SLE), Not Adequately Controlled With Current Treatment",TERMINATED,Phase 2,Theramab LLC,INDUSTRY,Placebo; TAB08,drug; other,Russia,Other / Global,2018-05-23,False,https://clinicaltrials.gov/study/NCT02711813
NCT02725515,A Study of the Effect of XmAb®5871 in Patients With Systemic Lupus Erythematosus,COMPLETED,Phase 2,"Xencor, Inc.",INDUSTRY,Placebo to match XmAb5871; XmAb5871,biological,United States,North America,2019-08-20,True,https://clinicaltrials.gov/study/NCT02725515
NCT02732470,Effect of Qi Gong Training on Quality of Life in Patients With Systemic Lupus Erythematous (LuQi),COMPLETED,N/A,"University Hospital, Limoges",OTHER,Qi Gong,other,,,2018-11-02,False,https://clinicaltrials.gov/study/NCT02732470
NCT02741362,"Safety and Efficacy of Adipose Derived Stem Cells in Refractory Rheumatoid Arthritis, Systemic Lupus Erythematosus or Sharp's Syndrome",TERMINATED,Phase 1,Arkansas Heart Hospital,OTHER,Intravenous injection of Stromal Vascular Fraction Cells (SVF) containing ADSCs; Lipoaspiration,other,United States,North America,2017-03-03,False,https://clinicaltrials.gov/study/NCT02741362
NCT02741960,The Effect of Metformin on Reducing Lupus Flares,COMPLETED,Phase 4,RenJi Hospital,OTHER,metformin; placebo,drug,China,East Asia,2019-09-17,False,https://clinicaltrials.gov/study/NCT02741960
NCT02756546,Circulating MicroRNAs in Understanding Pathogenesis of Systemic Lupus Erythematosis,COMPLETED,"Phase 1, Phase 2",Cairo University,OTHER,Cyclophosphamide; Hydrocortisone; Hydroxychloroquine,drug,,,2016-04-29,False,https://clinicaltrials.gov/study/NCT02756546
NCT02769195,Utility of a Measure of Lupus Low Disease Activity State (LLDAS) in SLE,COMPLETED,N/A,Monash University,OTHER,,,,,2019-08-21,False,https://clinicaltrials.gov/study/NCT02769195
NCT02770170,"Dose Finding, Efficacy and Safety of BI 655064 in Patients With Active Lupus Nephritis",COMPLETED,Phase 2,Boehringer Ingelheim,INDUSTRY,BI 655064 dose 1; BI 655064 dose 2; BI 655064 dose 3; Placebo,drug,Australia; Canada; Czechia; France; Germany; Greece; Hong Kong; Italy; Japan; Malaysia; Mexico; Philippines; Poland; Portugal; Serbia; South Korea; Spain; Thailand; United Kingdom; United States,East Asia; Europe; North America; Oceania; Other / Global; Southeast Asia,2025-10-16,True,https://clinicaltrials.gov/study/NCT02770170
NCT02779153,Acthar SLE (Systemic Lupus Erythematosus),WITHDRAWN,Phase 4,NYU Langone Health,OTHER,Acthar high dose (80 U); Acthar low dose (40 U),drug,,,2019-09-13,False,https://clinicaltrials.gov/study/NCT02779153
NCT02780674,A Phase 1 Study of MEDI7734 in Type I Interferon-Mediated Autoimmune Diseases,COMPLETED,Phase 1,Amgen,INDUSTRY,MEDI7734; Placebo,biological,United States,North America,2024-12-13,False,https://clinicaltrials.gov/study/NCT02780674
NCT02782039,Register of Patients With Anti-Phospholipids Syndrome (APS) and/or Systemic Lupus Erythematosus (SLE),COMPLETED,N/A,Assistance Publique - Hôpitaux de Paris,OTHER,,,France,Europe,2025-11-20,False,https://clinicaltrials.gov/study/NCT02782039
NCT02794285,Long Term Safety of Anifrolumab in Adult Subjects With Active Systemic Lupus Erythematosus,COMPLETED,Phase 3,AstraZeneca,INDUSTRY,Anifrolumab; Placebo,biological; drug,Argentina; Australia; Bulgaria; Canada; Chile; Colombia; France; Germany; Hungary; Israel; Japan; Lithuania; Mexico; Peru; Poland; Romania; Russia; South Africa; South Korea; Spain; Taiwan; Ukraine; United Kingdom; United States,Africa; East Asia; Europe; Latin America; Middle East; North America; Oceania; Other / Global,2023-01-13,True,https://clinicaltrials.gov/study/NCT02794285
NCT02799173,Determination of the RANKL/Osteoprotegerin Ratio in Patients With Systemic Lupus Erythematosus. Role in Osteoporosis and Cardiovascular Calcification,COMPLETED,N/A,"Centre Hospitalier Universitaire, Amiens",OTHER,Doppler ultrasound; RANKL/OPG ratio; bone densitometry; fan beam CT scan,biological; device,France,Europe,2018-08-10,False,https://clinicaltrials.gov/study/NCT02799173
NCT02801812,Observational Multicenter Case-control Study to Assess Nailfold Capillary Abnormalities in Systemic Lupus Erythematosus,COMPLETED,N/A,ASST Gaetano Pini-CTO,OTHER,nailfold capillaroscopy,device,,,2025-03-21,False,https://clinicaltrials.gov/study/NCT02801812
NCT02804763,A Phase 2 Efficacy and Safety Study of Dapirolizumab Pegol (DZP) in Systemic Lupus Erythematosus,COMPLETED,Phase 2,UCB Biopharma S.P.R.L.,INDUSTRY,Dapirolizumab pegol (DZP); Placebo,drug,Bulgaria; Chile; Colombia; Germany; Hungary; Mexico; Peru; Poland; Romania; Russia; Spain; Ukraine; United States,Europe; Latin America; North America; Other / Global,2021-06-30,True,https://clinicaltrials.gov/study/NCT02804763
NCT02811094,LUMIER² Study : LUpus Molecular Immunomonitoring to Evaluate the Risk of Relapse,TERMINATED,N/A,Assistance Publique Hopitaux De Marseille,OTHER,polymerase chain reaction (PCR) technique of blood transcriptome analysis,other,France,Europe,2023-07-21,False,https://clinicaltrials.gov/study/NCT02811094
NCT02822989,Using the Cholinergic Anti-Inflammatory Pathway to Treat Systemic Lupus Musculoskeletal Pain,UNKNOWN,N/A,Northwell Health,OTHER,Sham vagus nerve stimulation; Vagus nerve stimulation,device,United States,North America,2020-09-09,False,https://clinicaltrials.gov/study/NCT02822989
NCT02829541,"A Phase 1, Single-Ascending-Dose, Safety, Tolerability, Pharmacokinetic(PK), and Pharmacodynamic(PD) Study of BIIB068 in Healthy Participants",COMPLETED,Phase 1,Biogen,INDUSTRY,BIIB068; Placebo,drug,United States,North America,2017-03-15,False,https://clinicaltrials.gov/study/NCT02829541
NCT02842814,Prediction of Relapse Risk in Stable Systemic Lupus Erythematosus,COMPLETED,N/A,Peking Union Medical College Hospital,OTHER,Drug free; GC+HCQ; HCQ,drug; other,China,East Asia,2022-10-03,False,https://clinicaltrials.gov/study/NCT02842814
NCT02847598,Study to Evaluate BIIB059 (Litifilimab) in Cutaneous Lupus Erythematosus (CLE) With or Without Systemic Lupus Erythematosus (SLE),COMPLETED,Phase 2,Biogen,INDUSTRY,BIIB059 (litifilimab); Placebo,drug,Argentina; Bulgaria; Colombia; Israel; Mexico; Philippines; Poland; Serbia; South Korea; Taiwan; Thailand; United States,East Asia; Europe; Latin America; Middle East; North America; Other / Global; Southeast Asia,2023-11-07,True,https://clinicaltrials.gov/study/NCT02847598
NCT02875691,Effect of Green Tea on Treatment of Lupus,COMPLETED,Phase 2,Ahvaz Jundishapur University of Medical Sciences,OTHER,green tea extract; placebo,dietary_supplement,Iran,Other / Global,2016-08-23,False,https://clinicaltrials.gov/study/NCT02875691
NCT02880852,Belimumab Phase I Study in Chinese Subjects With Systemic Lupus Erythematosus,COMPLETED,Phase 1,GlaxoSmithKline,INDUSTRY,Belimumab,drug,China,East Asia,2020-03-27,True,https://clinicaltrials.gov/study/NCT02880852
NCT02885610,Study of RC18 Administered Subcutaneously to Subjects With Systemic Lupus Erythematosus(SLE),COMPLETED,Phase 2,"RemeGen Co., Ltd.",INDUSTRY,Placebo plus standard therapy; RC18 160 mg plus standard therapy; RC18 240 mg plus standard therapy; RC18 80 mg plus standard therapy,biological,China,East Asia,2020-03-04,False,https://clinicaltrials.gov/study/NCT02885610
NCT02891213,Study of the Role of Soluble Forms of RAGE (sRAGE/esRAGE) as Diagnostic and Prognostic Biomarkers of Systemic Lupus Erythematosus.,UNKNOWN,N/A,CHU de Reims,OTHER,,,France,Europe,2016-09-23,False,https://clinicaltrials.gov/study/NCT02891213
NCT02892565,Hypercoagulable Phenotype by Thrombinography (in Presence of C Protein Dynamic Inhibitory System),COMPLETED,N/A,"Central Hospital, Nancy, France",OTHER,Blood sample,other,,,2016-09-09,False,https://clinicaltrials.gov/study/NCT02892565
NCT02908100,A Study of the Safety and Efficacy of GDC-0853 in Participants With Moderate to Severe Active Systemic Lupus Erythematosus,COMPLETED,Phase 2,"Genentech, Inc.",INDUSTRY,GDC-0853; Placebo,drug,Argentina; Brazil; Bulgaria; Chile; Colombia; Germany; Mexico; South Korea; Spain; Taiwan; United Kingdom; United States,East Asia; Europe; Latin America; North America; Other / Global,2024-05-08,True,https://clinicaltrials.gov/study/NCT02908100
NCT02917265,Transcutaneous Vagus Nerve Stimulation for the Treatment of Lupus,TERMINATED,Phase 2,Aikaterini Thanou,INDIV,TENS for sham stimulation; TENS for vagus stimulation,device,United States,North America,2020-03-03,True,https://clinicaltrials.gov/study/NCT02917265
NCT02920346,Prospective Maternal Surveillance of SSA (Sjögren Syndrome A) Positive Pregnancies Using a Hand-held Fetal Heart Rate Monitor,COMPLETED,N/A,"University of Colorado, Denver",OTHER,,,United States,North America,2021-06-23,False,https://clinicaltrials.gov/study/NCT02920346
NCT02920424,"A Study to Evaluate the Safety, Pharmacokinetics, and Pharmacodynamics of JNJ-56022473 in Subjects With Systemic Lupus Erythematosus",WITHDRAWN,Phase 1,"Janssen Research & Development, LLC",INDUSTRY,JNJ-56022473; Placebo,drug,Germany,Europe,2017-11-27,False,https://clinicaltrials.gov/study/NCT02920424
NCT02922114,Comparison of the Clinical Examination and the Joint Ultrasonography in Lupus Patients,COMPLETED,N/A,Centre Hospitalier Régional d'Orléans,OTHER,Ultrasonography,other,France,Europe,2016-10-04,False,https://clinicaltrials.gov/study/NCT02922114
NCT02925351,Fluorine F 18 Clofarabine PET/CT in Imaging Patients With Autoimmune or Inflammatory Diseases,COMPLETED,Early Phase 1,Jonsson Comprehensive Cancer Center,OTHER,Computed Tomography; Fluorine F 18 Clofarabine; Positron Emission Tomography,procedure; radiation,United States,North America,2020-09-04,False,https://clinicaltrials.gov/study/NCT02925351
NCT02932137,Anti-infection of Low-does IL-2 in SLE,COMPLETED,N/A,Peking University People's Hospital,OTHER,Interleukin-2,drug,China,East Asia,2018-03-15,False,https://clinicaltrials.gov/study/NCT02932137
NCT02936375,The Iguratimod Effect on Lupus Nephritis (IGeLU),UNKNOWN,Phase 2,RenJi Hospital,OTHER,Azathioprine; Cyclophosphamide; Iguratimod; Steroids,drug,China,East Asia,2018-12-19,False,https://clinicaltrials.gov/study/NCT02936375
NCT02949349,Mycophenolate Mofetil Versus Azathioprine for Maintenance Therapy of Lupus Nephritis,COMPLETED,Phase 2,"Genovate Biotechnology Co., Ltd.,",INDUSTRY,Azathioprine; Mycophenolate mofetil; Prednisolone,drug,,,2017-03-03,False,https://clinicaltrials.gov/study/NCT02949349
NCT02949973,Aurinia Early Urinary Protein Reduction Predicts Response,COMPLETED,Phase 2,Aurinia Pharmaceuticals Inc.,INDUSTRY,voclosporin,drug,Malaysia,Southeast Asia,2021-03-19,True,https://clinicaltrials.gov/study/NCT02949973
NCT02950714,Dissemination of the Lupus Interactive Navigator,COMPLETED,N/A,CHU de Quebec-Universite Laval,OTHER,LIN_NOW; LIN_WAIT,other,Canada,North America,2019-01-31,False,https://clinicaltrials.gov/study/NCT02950714
NCT02953821,Acthar Gel for Active Systemic Lupus Erythematosus (SLE),COMPLETED,Phase 4,Mallinckrodt,INDUSTRY,Acthar Gel; Placebo Gel,drug,Argentina; Chile; Mexico; Peru; United States,Latin America; North America,2020-08-20,True,https://clinicaltrials.gov/study/NCT02953821
NCT02954939,The Effect of Mycophenolate Mofetil and Cyclophosphamide on the Lymphocyte Subsets in Patients With Proliferative Lupus Nephritis,RECRUITING,N/A,The University of Hong Kong,OTHER,CTX-AZA; MMF-MMF,drug,Hong Kong,East Asia,2024-12-16,False,https://clinicaltrials.gov/study/NCT02954939
NCT02955615,ILT-101 in Patients With Active Moderate to Severe Systemic Lupus Erythematosus (SLE),COMPLETED,Phase 2,Iltoo Pharma,INDUSTRY,ILT-101; Placebo,drug,Austria; Bulgaria; France; Germany; Italy; Mauritius; Mexico; Portugal; Romania; Spain,Europe; North America; Other / Global,2019-03-05,False,https://clinicaltrials.gov/study/NCT02955615
NCT02962960,"A Study to Characterize the Pharmacokinetics, Pharmacodynamics, and Safety of Anifrolumab in Adult Type I Interferon Test High Systemic Lupus Erythematosus Subject With Active Skin Manifestations",COMPLETED,Phase 2,AstraZeneca,INDUSTRY,Anifrolumab; Placebo,drug,Hungary; Poland; South Korea; United States,Europe; North America; Other / Global,2023-01-12,True,https://clinicaltrials.gov/study/NCT02962960
NCT02975336,A Phase II Study of M2951 in SLE,TERMINATED,Phase 2,"EMD Serono Research & Development Institute, Inc.",INDUSTRY,M2951; Placebo,drug,Argentina; Bulgaria; Chile; Colombia; Germany; Italy; Japan; Malaysia; Mauritius; Mexico; Peru; Philippines; Poland; Romania; Russia; South Africa; South Korea; Taiwan; United States,Africa; East Asia; Europe; Latin America; North America; Other / Global; Southeast Asia,2021-04-12,True,https://clinicaltrials.gov/study/NCT02975336
NCT02988661,Women Empowered to Live With Lupus Study,COMPLETED,N/A,Emory University,OTHER,Chronic Disease Self-management Program (CDSMP),behavioral,United States,North America,2025-12-15,True,https://clinicaltrials.gov/study/NCT02988661
NCT03001973,High Quality Evidence of Chinese Lupus Nephritis (HELP),RECRUITING,N/A,Sun Yat-sen University,OTHER,No Intervention,other,China,East Asia,2020-10-22,False,https://clinicaltrials.gov/study/NCT03001973
NCT03019926,Lupus and Observance,COMPLETED,N/A,University Hospital Center of Martinique,OTHER,Hydroxychloroquine dosage,biological,France,Europe,2019-08-01,False,https://clinicaltrials.gov/study/NCT03019926
NCT03021499,Aurinia Renal Response in Active Lupus With Voclosporin,COMPLETED,Phase 3,Aurinia Pharmaceuticals Inc.,INDUSTRY,Placebo Oral Capsule; Voclosporin,drug,Argentina; Belarus; Brazil; Bulgaria; Canada; Chile; Colombia; Costa Rica; Croatia; Dominican Republic; Guatemala; Japan; Malaysia; Mexico; Netherlands; North Macedonia; Peru; Philippines; Poland; Puerto Rico; Russia; Serbia; South Africa; South Korea; Spain; Taiwan; Thailand; Turkey (Türkiye); Ukraine; United States; Vietnam,Africa; East Asia; Europe; Latin America; North America; Other / Global; Southeast Asia,2023-03-27,True,https://clinicaltrials.gov/study/NCT03021499
NCT03027674,Topical 10 % Nifedipine Versus 5% Sildenafil in Secondary Raynaud,COMPLETED,Early Phase 1,Pontificia Universidad Catolica de Chile,OTHER,10% nifedipine cream; 5% sildenafil cream,drug,Chile,Latin America,2017-01-23,False,https://clinicaltrials.gov/study/NCT03027674
NCT03030118,Study of Anti-Malarials in Incomplete Lupus Erythematosus,COMPLETED,Phase 2,Milton S. Hershey Medical Center,OTHER,Hydroxychloroquine; Placebo Oral Capsule,drug,United States,North America,2025-09-16,True,https://clinicaltrials.gov/study/NCT03030118
NCT03030976,A Study of CD19 Redirected Autologous T Cells for CD19 Positive Systemic Lupus Erythematosus (SLE),UNKNOWN,Phase 1,"Shanghai GeneChem Co., Ltd.",INDUSTRY,anti-CD19-CAR-T cells; cyclophosphamide,drug,China,East Asia,2017-02-07,False,https://clinicaltrials.gov/study/NCT03030976
NCT03031925,Detection of Annexin A2 in Systemic Lupus Erythematosus,COMPLETED,N/A,"Centre Hospitalier Universitaire, Amiens",OTHER,ANXA2,other,France,Europe,2020-07-20,False,https://clinicaltrials.gov/study/NCT03031925
NCT03042260,Prophylactic Trimethoprim/Sulfamethoxazole to Prevent Severe Infections in Patients With Lupus Erythematous,UNKNOWN,Phase 4,Instituto Nacional de Ciencias Medicas y Nutricion Salvador Zubiran,OTHER,Placebo Oral Tablet; Trimethoprim-Sulfamethoxazole,drug,Mexico,North America,2019-02-27,False,https://clinicaltrials.gov/study/NCT03042260
NCT03054259,Rituximab Objective Outcome Measures Trial in SLE,UNKNOWN,Phase 2,University of Leeds,OTHER,Methylprednisolone; Normal Saline; Rituximab,drug,United Kingdom,Europe,2019-05-01,False,https://clinicaltrials.gov/study/NCT03054259
NCT03054545,Iguratimod as Treatment for Refractory Lupus Nephritis,UNKNOWN,N/A,RenJi Hospital,OTHER,Iguratimod,drug,China,East Asia,2017-02-27,False,https://clinicaltrials.gov/study/NCT03054545
NCT03063281,Anti-ficolin-2 Autoantibodies in Lupus Nephritis,COMPLETED,N/A,"University Hospital, Grenoble",OTHER,BIological analysis,other,,,2017-02-24,False,https://clinicaltrials.gov/study/NCT03063281
NCT03093402,JBT-101 in Systemic Lupus Erythematosus (SLE),COMPLETED,Phase 2,National Institute of Allergy and Infectious Diseases (NIAID),NIH,JBT-101; Placebo,drug,United States,North America,2026-05-06,True,https://clinicaltrials.gov/study/NCT03093402
NCT03098823,A Crossover Study to Compare RAYOS to IR Prednisone to Improve Fatigue and Morning Symptoms for SLE,COMPLETED,Phase 4,"Ampel BioSolutions, LLC",INDUSTRY,Prednisone; RAYOS,drug,United States,North America,2020-07-08,False,https://clinicaltrials.gov/study/NCT03098823
NCT03103243,Pilot Study to Investigate Contemplative Intervention in Lupus Patients,COMPLETED,N/A,University of Virginia,OTHER,Mindfulness Based Group Sessions,behavioral,United States,North America,2019-03-14,False,https://clinicaltrials.gov/study/NCT03103243
NCT03107442,Exercise and Arterial Stiffness in Systemic Lupus Erythematosus,COMPLETED,N/A,Fundación Pública Andaluza para la Investigación Biomédica Andalucía Oriental,OTHER,Aerobic exercise,behavioral,Spain,Europe,2024-08-22,True,https://clinicaltrials.gov/study/NCT03107442
NCT03122431,Relevance of Monitoring Blood and Salivar Levels of Drugs Used in Rheumatic Autoimmune Diseases,COMPLETED,Phase 4,University of Sao Paulo General Hospital,OTHER,Hydroxychloroquine reduced; Thalidomide; standard dose of HCQ,drug,Brazil,Latin America,2021-12-16,True,https://clinicaltrials.gov/study/NCT03122431
NCT03125486,Compassionate Use for Subcutaneous (SC) Belimumab,NO_LONGER_AVAILABLE,N/A,GlaxoSmithKline,INDUSTRY,SC belimumab 200 mg,drug,United States,North America,2018-02-28,False,https://clinicaltrials.gov/study/NCT03125486
NCT03138941,Validation of the Lupus Low Disease Activity State (LLDAS) in the Asia Pacific Region,RECRUITING,N/A,Monash University,OTHER,,,Australia; China; Hong Kong; Indonesia; Japan; Philippines; Singapore; South Korea; Sri Lanka; Taiwan; Thailand,East Asia; Oceania; Other / Global; Southeast Asia,2024-12-12,False,https://clinicaltrials.gov/study/NCT03138941
NCT03142412,Lupus Interval Monitoring to Manage Disease Flare and Enable Treatment Optimization,UNKNOWN,N/A,DxTerity Diagnostics,INDUSTRY,,,United States,North America,2018-06-28,False,https://clinicaltrials.gov/study/NCT03142412
NCT03142711,Validation of a Mobile Phone Based on EPRO Tool in Subjects With Systemic Lupus Erythematosus,COMPLETED,N/A,Lupus Research Alliance,OTHER,No Medical Intervention,other,Canada; United States,North America,2023-11-07,False,https://clinicaltrials.gov/study/NCT03142711
NCT03144063,Improving the Assessment of SLE Disease Activity,COMPLETED,N/A,"University Health Network, Toronto",OTHER,,,Canada,North America,2025-03-28,False,https://clinicaltrials.gov/study/NCT03144063
NCT03155477,Effect Of Curcuma Xanthorrhiza and Vitamin D3 Supplementation in SLE Patients With Hypovitamin D,COMPLETED,N/A,Saiful Anwar Hospital,OTHER,"""Cholecalciferol"" and ""C. Xanthorrhiza""; ""Cholecalciferol"" and ""placebo""",dietary_supplement,,,2017-05-17,False,https://clinicaltrials.gov/study/NCT03155477
NCT03161483,A Study to Evaluate the Efficacy and Safety of CC-220 in Subjects With Active Systemic Lupus Erythematosus,COMPLETED,Phase 2,Celgene,INDUSTRY,CC-220; Placebo,drug; other,Argentina; Belgium; Brazil; Canada; Colombia; France; Germany; Hungary; Italy; Mexico; Poland; Russia; Serbia; Spain; United States,Europe; Latin America; North America; Other / Global,2023-06-15,True,https://clinicaltrials.gov/study/NCT03161483
NCT03164720,SSerum/Urinary Monocyte Chemoattractant Protein-1 Level as a Marker for Lupus Nephritis,UNKNOWN,N/A,Assiut University,OTHER,,,,,2019-01-15,False,https://clinicaltrials.gov/study/NCT03164720
NCT03165682,"Fatigue, Depression, and Cortical Excitability in Systemic Lupus",UNKNOWN,N/A,Assiut University,OTHER,,,,,2018-05-11,False,https://clinicaltrials.gov/study/NCT03165682
NCT03171103,Systemic Lupus and Adverse Pregnancy Outcome,UNKNOWN,N/A,Beni-Suef University,OTHER,,,Egypt,Middle East / Africa,2017-05-31,False,https://clinicaltrials.gov/study/NCT03171103
NCT03171194,Pilot Trial of Mesenchymal Stem Cells for Systemic Lupus Erythematosus,COMPLETED,Phase 1,Medical University of South Carolina,OTHER,Low Dose Mesenchymal Stem Cells (MSCs),drug,United States,North America,2019-05-02,False,https://clinicaltrials.gov/study/NCT03171194
NCT03174587,Evaluate the Safety of CS20AT04 Inj. in Subjects With Lupus Nephritis,COMPLETED,Phase 1,"Corestemchemon, Inc.",INDUSTRY,allogenic bone marrow derived mesenchymal stem cells,biological,South Korea,Other / Global,2019-11-20,False,https://clinicaltrials.gov/study/NCT03174587
NCT03178721,Regulatory BCells in Systemic Lupus Erythematosus,UNKNOWN,N/A,Assiut University,OTHER,blood sample,diagnostic_test,,,2017-06-07,False,https://clinicaltrials.gov/study/NCT03178721
NCT03179046,Cardiac and Laboratory Findings in Patients With Systemic Lupus Erythematosus,COMPLETED,N/A,Assiut University,OTHER,Laboratory tests and cardiac imaging,diagnostic_test,Egypt,Middle East / Africa,2019-07-16,False,https://clinicaltrials.gov/study/NCT03179046
NCT03180021,Dynamic Imaging of Variation in Lupus Nephritis,COMPLETED,N/A,RILITE Foundation,OTHER,MRI,procedure,United States,North America,2021-10-04,False,https://clinicaltrials.gov/study/NCT03180021
NCT03185767,Long Non Coding RNA in Complications of Systemic Lupus,UNKNOWN,N/A,Cairo University,OTHER,blood sampling,other,Egypt,Middle East / Africa,2017-06-14,False,https://clinicaltrials.gov/study/NCT03185767
NCT03186794,Aerobic Exercise in Women With Systemic Lupus Erythematosus,TERMINATED,N/A,National Institutes of Health Clinical Center (CC),NIH,Treadmill exercise training,other,United States,North America,2022-05-10,True,https://clinicaltrials.gov/study/NCT03186794
NCT03187743,Personalised Pharmacological Approach to the Tapering of Corticosteroid Doses in Systemic Lupus Patients Treated With Prednisone,COMPLETED,N/A,Assistance Publique - Hôpitaux de Paris,OTHER,Blood samples,other,France,Europe,2026-03-05,False,https://clinicaltrials.gov/study/NCT03187743
NCT03189017,A Phase I Study of ICP-022 in Healthy Subjects,COMPLETED,Phase 1,Innocare Pharma Australia Pty Ltd,INDUSTRY,ICP-022; Placebos,drug,Australia,Oceania,2019-08-01,False,https://clinicaltrials.gov/study/NCT03189017
NCT03189875,Systemic Lupus Erythematosus (SLE) Prospective Observational Cohort Study (SPOCS),COMPLETED,N/A,AstraZeneca,INDUSTRY,Standard of Care,other,Australia; Canada; France; Germany; Italy; Spain; United Kingdom; United States,Europe; North America; Oceania,2024-02-28,False,https://clinicaltrials.gov/study/NCT03189875
NCT03200002,Cyclophosphamide Versus Mycophenolate Mofetil in Lupus Nephritis,COMPLETED,Phase 2,Chitwan Medical College,OTHER,Cyclophosphamide; Mycophenolate Mofetil,drug,,,2017-06-28,False,https://clinicaltrials.gov/study/NCT03200002
NCT03200548,Acupressure for Fatigue in Systemic Lupus Erythematosus,TERMINATED,N/A,Suzanna Zick,OTHER,Relaxing acupressure plus usual care; Sham acupressure plus usual care; Stimulating acupressure plus usual care; Usual care,behavioral,United States,North America,2023-05-12,True,https://clinicaltrials.gov/study/NCT03200548
NCT03201406,Retrospective Analysis of Renal Prognosis in Patients With Chronic Kidney Disease,UNKNOWN,N/A,National Taiwan University Hospital,OTHER,,,Taiwan,East Asia,2017-07-02,False,https://clinicaltrials.gov/study/NCT03201406
NCT03204448,Clinical Performance of BioCLIA Ro60,WITHDRAWN,N/A,HOB Biotech Group,INDUSTRY,BioCLIA Ro60,device,United States,North America,2020-08-04,False,https://clinicaltrials.gov/study/NCT03204448
NCT03206359,GADD34 and Type I IFN Response Genes in SLE,COMPLETED,N/A,"University Hospital, Grenoble",OTHER,,,,,2017-07-05,False,https://clinicaltrials.gov/study/NCT03206359
NCT03214731,Efficacy and Safety of Artesunate Plus Standard of Care in Active Lupus Nephritis,UNKNOWN,Phase 4,Sun Yat-sen University,OTHER,Artesunate; placebo,drug; other,China,East Asia,2021-09-23,False,https://clinicaltrials.gov/study/NCT03214731
NCT03219801,Umbilical Cord Derived Mesenchymal Stem Cells Therapy in Systemic Lupus Erythematosus,UNKNOWN,Early Phase 1,Hebei Medical University,OTHER,mesenchymal stem cells,biological,China,East Asia,2017-07-18,False,https://clinicaltrials.gov/study/NCT03219801
NCT03248518,Lessening the Impact of Fatigue in Inflammatory Rheumatic Diseases,COMPLETED,N/A,University of Aberdeen,OTHER,Cognitive behavioural approach; Personalised Exercise Programme; Usual Care,behavioral,United Kingdom,Europe,2021-09-16,False,https://clinicaltrials.gov/study/NCT03248518
NCT03252587,An Investigational Study to Evaluate BMS-986165 in Participants With Systemic Lupus Erythematosus,COMPLETED,Phase 2,Bristol-Myers Squibb,INDUSTRY,BMS-986165; Placebo,drug; other,Argentina; Australia; Brazil; Canada; Colombia; Germany; Hungary; Israel; Japan; Mexico; Poland; Romania; Russia; South Korea; Spain; Taiwan; United States,East Asia; Europe; Latin America; Middle East; North America; Oceania; Other / Global,2022-12-20,True,https://clinicaltrials.gov/study/NCT03252587
NCT03254784,A Study to Evaluate BMS-986165 Tablet Formulation Relative to BMS-986165 Capsule Formulation and the Effect of a High-Fat/ High-Calorie Meal and Increased Gastric pH on the BMS-986165 Tablet Formulation,COMPLETED,Phase 1,Bristol-Myers Squibb,INDUSTRY,BMS-986165 Capsule; BMS-986165 Tablet,drug,United States,North America,2020-02-25,False,https://clinicaltrials.gov/study/NCT03254784
NCT03260166,Nicotinamide Treatment for Lupus-associated Skin Lesions in Lupus Erythematosus,UNKNOWN,Phase 2,Second Xiangya Hospital of Central South University,OTHER,nicotinamide,drug,China,East Asia,2021-02-02,False,https://clinicaltrials.gov/study/NCT03260166
NCT03262727,The Effect of BMS-986165 Combined With an Oral Contraceptive (Ethinyl Estradiol/Norethindrone) in Healthy Female Patients,COMPLETED,Phase 1,Bristol-Myers Squibb,INDUSTRY,BMS-986165; Loestrin 1.5/30 (1.5 mg norethindrone acetate/30 μg ethinyl estradiol),drug,United States,North America,2020-03-19,False,https://clinicaltrials.gov/study/NCT03262727
NCT03276923,Maternal Autoimmune Disease Research Alliance (MADRA) Registry,RECRUITING,N/A,Duke University,OTHER,,,United States,North America,2026-01-08,False,https://clinicaltrials.gov/study/NCT03276923
NCT03288324,Open-label Study of Tofacitinib for Moderate to Severe Skin Involvement in Young Adults With Lupus,COMPLETED,"Phase 1, Phase 2","Children's Hospital Medical Center, Cincinnati",OTHER,Tofacitinib,drug,United States,North America,2026-03-03,True,https://clinicaltrials.gov/study/NCT03288324
NCT03296995,"Accuracy, Feasibility and Acceptance of CGM Lupus",UNKNOWN,N/A,RenJi Hospital,OTHER,Flash glucose monitoring system,device,China,East Asia,2017-09-29,False,https://clinicaltrials.gov/study/NCT03296995
NCT03312335,Low-dose Interleukin-2 for Treatment of Systemic Lupus Erythematosus,COMPLETED,Phase 2,"Onur Boyman, MD",OTHER,Low-dose Aldesleukin (Proleukin®),drug,Switzerland,Europe,2020-08-19,False,https://clinicaltrials.gov/study/NCT03312335
NCT03312907,A Study to Evaluate the Efficacy and Safety of Belimumab Administered in Combination With Rituximab to Adult Subjects With Systemic Lupus Erythematosus (SLE) - BLISS-BELIEVE,COMPLETED,Phase 3,GlaxoSmithKline,INDUSTRY,Belimumab; Rituximab; Rituximab-placebo; Standard therapy (Excluding Immunosuppressants); Standard therapy (Including Immunosuppressants); Steroid Taper,drug,Argentina; Brazil; Canada; France; Germany; Mexico; Netherlands; Russia; South Korea; Spain; United States,Europe; Latin America; North America; Other / Global,2025-02-18,True,https://clinicaltrials.gov/study/NCT03312907
NCT03334851,Safety and Tolerability Study Of PF-06835375 In Subjects With Seropositive Systemic Lupus Erythematosus Or Rheumatoid Arthritis,COMPLETED,Phase 1,Pfizer,INDUSTRY,PF-06835375; Placebo,drug,United States,North America,2023-10-30,True,https://clinicaltrials.gov/study/NCT03334851
NCT03348774,Scrutinizing the Heterogeneity of SLE: Defining Phenotypes,UNKNOWN,N/A,"University Health Network, Toronto",OTHER,,,Canada,North America,2017-11-21,False,https://clinicaltrials.gov/study/NCT03348774
NCT03355482,MRI Evaluation Assessing Synovitis to Address the Unmet Need for Reliable Endpoints in SLE,TERMINATED,Phase 2,Oklahoma Medical Research Foundation,OTHER,Methylprednisolone; Placebos,drug,United States,North America,2024-02-20,False,https://clinicaltrials.gov/study/NCT03355482
NCT03370263,BENLYSTA® Special Drug Use Investigation,COMPLETED,N/A,GlaxoSmithKline,INDUSTRY,Benlysta,drug,Japan,East Asia,2026-01-27,False,https://clinicaltrials.gov/study/NCT03370263
NCT03371251,Study of BOS161721 in Systemic Lupus Erythematosus (SLE) Patients on a Background of Limited Standard of Care,COMPLETED,"Phase 1, Phase 2",Boston Pharmaceuticals,INDUSTRY,BOS161721; Placebo,drug,Argentina; Bulgaria; Colombia; Georgia; Hungary; Mexico; Peru; Philippines; Poland; Romania; Ukraine; United States,Europe; Latin America; North America; Other / Global; Southeast Asia,2022-03-14,True,https://clinicaltrials.gov/study/NCT03371251
NCT03374618,Neutrophil Extracellular Traps in Systemic Sclerosis,COMPLETED,N/A,CHU de Reims,OTHER,Blood sample,other,France,Europe,2024-06-13,False,https://clinicaltrials.gov/study/NCT03374618
NCT03385564,An Exploratory Maintenance Trial of BI 655064 in Patients With Lupus Nephritis,COMPLETED,Phase 2,Boehringer Ingelheim,INDUSTRY,BI 655064; Placebo,drug,Australia; Canada; Czechia; Germany; Greece; Hong Kong; Japan; Malaysia; Mexico; Philippines; Poland; Portugal; South Korea; Thailand; United Kingdom; United States,East Asia; Europe; North America; Oceania; Other / Global; Southeast Asia,2022-07-13,True,https://clinicaltrials.gov/study/NCT03385564
NCT03393013,A Study of KZR-616 in Patients With SLE With and Without Lupus Nephritis,COMPLETED,"Phase 1, Phase 2","Kezar Life Sciences, Inc.",INDUSTRY,KZR-616,drug,Australia; Colombia; Mexico; Peru; Poland; Russia; Ukraine; United States,Europe; Latin America; North America; Oceania; Other / Global,2025-11-18,True,https://clinicaltrials.gov/study/NCT03393013
NCT03396393,Exploratory Study of DHA in Systemic Lupus Erythematosus Patients,UNKNOWN,Phase 2,"Kunming Pharmaceuticals, Inc.",INDUSTRY,Dihydroartemisinin tablet; Placebo tablet,drug,,,2018-01-23,False,https://clinicaltrials.gov/study/NCT03396393
NCT03407482,An Extension Study of GDC-0853 in Participants With Moderate to Severe Active Systemic Lupus Erythematosus,TERMINATED,Phase 2,"Genentech, Inc.",INDUSTRY,GDC-0853,drug,Argentina; Brazil; Bulgaria; Chile; Colombia; Mexico; South Korea; Spain; Taiwan; United Kingdom; United States,East Asia; Europe; Latin America; North America; Other / Global,2020-12-19,True,https://clinicaltrials.gov/study/NCT03407482
NCT03421184,Dietary Phytoestrogens as Risk Factors for Systemic Lupus Erythematosus,COMPLETED,N/A,"University Hospital, Bordeaux",OTHER,blood sample; food questionnaire; hair; urine sample,other,France,Europe,2026-05-14,False,https://clinicaltrials.gov/study/NCT03421184
NCT03426384,FLARE Lupus Research Study Systemic Lupus Erythematosus,COMPLETED,N/A,Mymee Inc.,INDUSTRY,Mymee Program,behavioral,United States,North America,2019-12-10,False,https://clinicaltrials.gov/study/NCT03426384
NCT03427151,Study of Repeated Administration of a 200-mcg Dose of IPP-201101 Plus Standard of Care in Patients With Systemic Lupus Erythematosus,COMPLETED,Phase 3,ImmuPharma,INDUSTRY,IPP-201101,drug,Czechia; France; Germany; Hungary; Mauritius; Puerto Rico; United States,Europe; North America; Other / Global,2019-04-11,False,https://clinicaltrials.gov/study/NCT03427151
NCT03446339,Pulmonary Hypertension Screening for Rheumatology Patients (SOPHIE),UNKNOWN,N/A,The University of Hong Kong,OTHER,,,China,East Asia,2021-08-03,False,https://clinicaltrials.gov/study/NCT03446339
NCT03451422,"Safety, Tolerability, Pharmacokinetics, Pharmacodynamics, and Immunogenicity of Efavaleukin Alfa in Participants With Systemic Lupus Erythematosus",COMPLETED,Phase 1,Amgen,INDUSTRY,Efavaleukin Alfa; Placebo,drug,France; Germany; Poland; United States,Europe; North America,2023-07-19,True,https://clinicaltrials.gov/study/NCT03451422
NCT03453619,Phase II Study Assessing Safety and Efficacy of APL-2 in Glomerulopathies,COMPLETED,Phase 2,"Apellis Pharmaceuticals, Inc.",INDUSTRY,APL-2,drug,United States,North America,2025-02-13,True,https://clinicaltrials.gov/study/NCT03453619
NCT03458156,Umbilical Cord Mesenchymal Stem Cell Transplantation for Lupus Nephritis,UNKNOWN,N/A,The First Affiliated Hospital of Dalian Medical University,OTHER,LN group; SLE group; the control group,biological; other,,,2018-03-12,False,https://clinicaltrials.gov/study/NCT03458156
NCT03459274,Feasibility of an Immersive Virtual Reality Based Biofeedback Intervention for Outpatients in Rheumatology,UNKNOWN,N/A,Cedars-Sinai Medical Center,OTHER,VR-Biofeedback,device,United States,North America,2018-05-31,False,https://clinicaltrials.gov/study/NCT03459274
NCT03473912,Meir Medical Center Rheumatologic Biobank,RECRUITING,N/A,Meir Medical Center,OTHER,,,Israel,Middle East,2019-03-11,False,https://clinicaltrials.gov/study/NCT03473912
NCT03480529,Monitoring the IMmUological TOXicity of Drugs,COMPLETED,N/A,Groupe Hospitalier Pitie-Salpetriere,OTHER,"drug inducing arthritis, lupus, hepatitis, or capillary leak syndrom",drug,France,Europe,2019-09-04,False,https://clinicaltrials.gov/study/NCT03480529
NCT03488654,CMR-Lupus Comprehensive Approach by Cardiovascular Magnetic Resonance Tomography,TERMINATED,N/A,"University Hospital, Basel, Switzerland",OTHER,Cardiovascular magnetic resonance,diagnostic_test,Switzerland,Europe,2018-04-05,False,https://clinicaltrials.gov/study/NCT03488654
NCT03492255,CYCLONES - CYClophosphamide LOw Dose and No Extra Steroid,TERMINATED,N/A,University of Sao Paulo General Hospital,OTHER,Cyclophosphamide; Methylprednisolone; Mycophenolate Mofetil; Prednisone,drug,Brazil,Latin America,2021-07-21,False,https://clinicaltrials.gov/study/NCT03492255
NCT03501667,Testing Pediatric Rheumatology Diagnostic Decision Support in Clinical Use,UNKNOWN,N/A,Boston Children's Hospital,OTHER,Use of UpToDate; Use of decision support tool,other,United States,North America,2020-07-07,False,https://clinicaltrials.gov/study/NCT03501667
NCT03504540,"Comparison of Complement Factors and Genetic Polymorphisms of AMD Between Patients With Systemic Lupus Erythematosus (SLE) With and Without Retinal ""Pseudo-drusen-like"" Deposits: Case-control Study (PL-AMD)",COMPLETED,N/A,Fondation Ophtalmologique Adolphe de Rothschild,NETWORK,Blood test,procedure,France,Europe,2021-05-24,False,https://clinicaltrials.gov/study/NCT03504540
NCT03517722,A Study of Ustekinumab in Participants With Active Systemic Lupus Erythematosus,TERMINATED,Phase 3,"Janssen Research & Development, LLC",INDUSTRY,Placebo; Ustekinumab (approximately 6 mg/kg); Ustekinumab 90 mg,drug,Argentina; Bulgaria; Canada; China; Colombia; Germany; Hungary; Japan; Lithuania; Poland; Portugal; Russia; Serbia; South Africa; South Korea; Spain; Taiwan; Thailand; Ukraine; United States,Africa; East Asia; Europe; Latin America; North America; Other / Global; Southeast Asia,2025-04-29,True,https://clinicaltrials.gov/study/NCT03517722
NCT03526042,Angiotensin-II Receptor Antibodies Blockade With Losartan in Patients With Lupus Nephritis,UNKNOWN,N/A,Instituto Nacional de Ciencias Medicas y Nutricion Salvador Zubiran,OTHER,Enalapril; Losartan,drug,Mexico,North America,2018-05-16,False,https://clinicaltrials.gov/study/NCT03526042
NCT03527472,Memantine for the Treatment of Cognitive Impairment in Systemic Lupus Erythematosus,COMPLETED,Phase 2,Vanderbilt University Medical Center,OTHER,Memantine; Placebo,drug,United States,North America,2026-04-22,False,https://clinicaltrials.gov/study/NCT03527472
NCT03537638,Multicomponent Strategy to Implement a Clinical Practice Guideline and Improve Health Outcomes in People With SLE,COMPLETED,N/A,Servicio Canario de Salud,OTHER,Multicomponent intervention,behavioral,Spain,Europe,2021-09-22,False,https://clinicaltrials.gov/study/NCT03537638
NCT03541564,An Investigational Study of Experimental Medication BMS-986165 in Healthy Participants to Study Electrocardiogram Effects,COMPLETED,Phase 1,Bristol-Myers Squibb,INDUSTRY,BMS-986165; Moxifloxacin; Placebo,drug; other,United States,North America,2020-01-27,False,https://clinicaltrials.gov/study/NCT03541564
NCT03543839,Trial of Belimumab in Early Lupus,RECRUITING,Phase 4,Northwell Health,OTHER,Belimumab; Belimumab/Placebo; Placebo,biological; other,United States,North America,2024-02-14,False,https://clinicaltrials.gov/study/NCT03543839
NCT03556007,A Study of NKTR-358 (LY3471851) in Participants With Systemic Lupus Erythematosus (SLE),COMPLETED,Phase 1,Nektar Therapeutics,INDUSTRY,LY3471851; Placebo,drug,United States,North America,2023-11-18,False,https://clinicaltrials.gov/study/NCT03556007
NCT03562065,Treatment of Refractory Systemic Lupus Erythematosus by Allogeneic Mesenchymal Stem Cells Derived From the Umbilical Cord,UNKNOWN,"Phase 1, Phase 2",Assistance Publique - Hôpitaux de Paris,OTHER,mesenchymal stem cells,biological,France,Europe,2021-07-08,False,https://clinicaltrials.gov/study/NCT03562065
NCT03575156,Microparticles's Role in the Pathophysiology of Systemic Lupus Erythematosus and Systemic Sclerosis,COMPLETED,N/A,"University Hospital, Bordeaux",OTHER,blood sample; urine sample,biological,France,Europe,2026-05-14,False,https://clinicaltrials.gov/study/NCT03575156
NCT03580291,Human Umbilical Cord Mesenchymal Stem Cells Treatment for Lupus Nephritis (LN),UNKNOWN,Phase 2,Lingyun Sun,OTHER,Mesenchymal stem cells; Mycophenolate Mofetil; Placebo of Mesenchymal stem cells; Placebo of Mycophenolate Mofetil,drug; other,China,East Asia,2018-07-10,False,https://clinicaltrials.gov/study/NCT03580291
NCT03583853,Autophagy in Systemic Lupus Erythematosus,UNKNOWN,N/A,Assiut University,OTHER,real time PCR,device,,,2018-07-12,False,https://clinicaltrials.gov/study/NCT03583853
NCT03597464,Aurinia Renal Assessments 2: Aurinia Renal Response in Lupus With Voclosporin,COMPLETED,Phase 3,Aurinia Pharmaceuticals Inc.,INDUSTRY,Placebo Oral Capsule; Voclosporin,drug,United States,North America,2022-12-14,True,https://clinicaltrials.gov/study/NCT03597464
NCT03610516,"Safety, Pharmacokinetics and Preliminary Efficacy Study of CFZ533 in Patients With Lupus Nephritis.",COMPLETED,Phase 2,Novartis Pharmaceuticals,INDUSTRY,CFZ533; Placebo,drug,Argentina; China; Germany; Hong Kong; Hungary; Russia; South Korea; Taiwan; Tunisia; Turkey (Türkiye),East Asia; Europe; Latin America; Other / Global,2024-10-09,True,https://clinicaltrials.gov/study/NCT03610516
NCT03616912,A Study of Baricitinib (LY3009104) in Participants With Systemic Lupus Erythematosus,TERMINATED,Phase 3,Eli Lilly and Company,INDUSTRY,Baricitinib; Placebo,drug,Australia; Austria; Belgium; Brazil; China; Croatia; Czechia; Germany; Greece; Hungary; Israel; Mexico; Netherlands; Russia; Switzerland; Taiwan; United Kingdom; United States,East Asia; Europe; Latin America; Middle East; North America; Oceania; Other / Global,2023-01-30,True,https://clinicaltrials.gov/study/NCT03616912
NCT03616964,A Study of Baricitinib in Participants With Systemic Lupus Erythematosus (SLE-BRAVE II),COMPLETED,Phase 3,Eli Lilly and Company,INDUSTRY,Baricitinib; Placebo,drug,Argentina; Chile; Colombia; France; India; Italy; Japan; Philippines; Poland; Romania; Serbia; South Africa; South Korea; Spain; United States,Africa; East Asia; Europe; Latin America; North America; Other / Global; South Asia; Southeast Asia,2022-11-23,True,https://clinicaltrials.gov/study/NCT03616964
NCT03618056,Evaluating HIV-1 Neutralization Antibody Breadth in Response to HIV gp120 Protein Vaccine in HIV-uninfected Adults With Quiescent Systemic Lupus Erythematosus,COMPLETED,Phase 1,National Institute of Allergy and Infectious Diseases (NIAID),NIH,AIDSVAX® B/E,biological,United States,North America,2022-02-07,True,https://clinicaltrials.gov/study/NCT03618056
NCT03626311,Omega-3 Replacement With Krill Oil in Disease Management of SLE,COMPLETED,N/A,Aker BioMarine Human Ingredients AS,INDUSTRY,AKBM-3031; Placebo,dietary_supplement; other,Canada; United States,North America,2021-10-12,False,https://clinicaltrials.gov/study/NCT03626311
NCT03656562,Study the Efficacy and Safety of VAY736 and CFZ533 in SLE Patients,COMPLETED,Phase 2,Novartis Pharmaceuticals,INDUSTRY,CFZ533; CFZ533 Placebo; VAY736; VAY736 Placebo,drug,Argentina; Australia; China; Czechia; France; Germany; Hungary; Israel; Japan; Poland; Russia; South Korea; Spain; Taiwan; Thailand,East Asia; Europe; Latin America; Middle East; Oceania; Other / Global; Southeast Asia,2026-05-14,True,https://clinicaltrials.gov/study/NCT03656562
NCT03656627,Nivolumab in Patients With Advanced Non-Small Cell Lung Cancer and Pre-existing Autoimmune Disease,TERMINATED,Phase 1,"Alliance Foundation Trials, LLC.",OTHER,Nivolumab,drug,United States,North America,2023-02-15,False,https://clinicaltrials.gov/study/NCT03656627
NCT03664908,Detection of Anti-glomerular Basement Membrane Antibodies (Anti-GBM): a Promising Biomarker for Lupus Nephritis (LN)?,COMPLETED,N/A,CHU de Reims,OTHER,Detection of circulating anti-GBM antibodies (using chemiluminescence method and indirect immunofluorescence (IIF) method).,other,France,Europe,2026-01-21,False,https://clinicaltrials.gov/study/NCT03664908
NCT03673748,Treatment of Lupus Nephritis With Allogeneic Mesenchymal Stem Cells,RECRUITING,Phase 2,Red de Terapia Celular,INDUSTRY,Mesenchymal stem cells (MSC); Placebo,drug,Spain,Europe,2025-07-24,False,https://clinicaltrials.gov/study/NCT03673748
NCT03684564,RIvaroxaban for Stroke Patients With AntiPhospholipid Syndrome,UNKNOWN,Phase 2,"University College, London",OTHER,Rivaroxaban; Warfarin,drug,United Kingdom,Europe,2023-12-11,False,https://clinicaltrials.gov/study/NCT03684564
NCT03687138,Searching for Diagnostic/Prognostic Biomarkers in SLE With Renal Involvement by Proteomic Techniques,COMPLETED,N/A,Natalia A. Rivera García,OTHER,24h urin sample,other,Spain,Europe,2022-05-20,False,https://clinicaltrials.gov/study/NCT03687138
NCT03687905,Proliferative Lupus Nephritis Treatment With Chloroquine and Hydroxychloroquine,UNKNOWN,N/A,Tanta University,OTHER,Chloroquine; Hydroxychloroquine,drug,Egypt,Middle East / Africa,2018-09-27,False,https://clinicaltrials.gov/study/NCT03687905
NCT03724916,"A Study to Evaluate the Safety, Pharmacokinetics (PK), and Pharmacodynamics (PD) of TAK-079 in Combination With Standard Background Therapy in Participants With Moderate to Severe Systemic Lupus Erythematosus (SLE)",COMPLETED,Phase 1,"Millennium Pharmaceuticals, Inc.",INDUSTRY,TAK-079; TAK-079 Placebo,drug,United States,North America,2024-03-29,True,https://clinicaltrials.gov/study/NCT03724916
NCT03728231,"Disease Activity in RA and SLE Patients and Its Relation to Muscle Performance,Fatigue and Blood Parameters",UNKNOWN,N/A,Assiut University,OTHER,Complete blood count,other,,,2018-11-02,False,https://clinicaltrials.gov/study/NCT03728231
NCT03734055,Peer Approaches to Lupus Self-management,ACTIVE_NOT_RECRUITING,N/A,Medical University of South Carolina,OTHER,Peer Mentoring; Social Support Group,behavioral,United States,North America,2025-08-20,True,https://clinicaltrials.gov/study/NCT03734055
NCT03735238,Implementing the Decision-Aid for Lupus (IDEAL Strategy),COMPLETED,N/A,University of Alabama at Birmingham,OTHER,SMILE Computerized Decision-Aid,other,United States,North America,2025-10-10,True,https://clinicaltrials.gov/study/NCT03735238
NCT03738826,Reducing Disparities in Medication Adherence in SLE,COMPLETED,N/A,Duke University,OTHER,Behavioral Intervention,behavioral,United States,North America,2025-06-17,True,https://clinicaltrials.gov/study/NCT03738826
NCT03742037,Efficacy and Safety of Four Doses of Cenerimod Compared to Placebo in Adult Subjects With Active Systemic Lupus Erythematosus,COMPLETED,Phase 2,Viatris Innovation GmbH,INDUSTRY,Cenerimod 0.5 mg; Cenerimod 1 mg; Cenerimod 2 mg; Cenerimod 4 mg; Placebo; cenerimod 2 mg (ex-4 mg),drug,Bulgaria; Chile; Czechia; France; Georgia; Germany; Greece; Hungary; Israel; Italy; Japan; Mexico; Philippines; Poland; Puerto Rico; Romania; Russia; Spain; Taiwan; Thailand; Turkey (Türkiye); Ukraine; United Kingdom; United States,East Asia; Europe; Latin America; Middle East; North America; Other / Global; Southeast Asia,2025-10-03,True,https://clinicaltrials.gov/study/NCT03742037
NCT03746028,The Lupus prEGnAnCY Cohort: An International Prospective Cohort of Lupus Pregnancies,UNKNOWN,N/A,McGill University Health Centre/Research Institute of the McGill University Health Centre,OTHER,,,Canada,North America,2022-06-24,False,https://clinicaltrials.gov/study/NCT03746028
NCT03746197,Interactive Digital Technology to Assess and Improve Cognitive Dysfunction in Patients With Systemic Lupus Erythematosus,UNKNOWN,N/A,National Jewish Health,OTHER,Project EVO Multi- Treatment,device,United States,North America,2020-01-13,False,https://clinicaltrials.gov/study/NCT03746197
NCT03747159,Synergetic B-cell Immunomodulation in SLE - 2nd Study.,ACTIVE_NOT_RECRUITING,Phase 3,Leiden University Medical Center,OTHER,Belimumab Injection,drug,Netherlands,Europe,2024-10-17,False,https://clinicaltrials.gov/study/NCT03747159
NCT03752983,Chemokine (CXCL13) as Anew Marker in Diagnosis of SLE,UNKNOWN,N/A,Assiut University,OTHER,blood samples,diagnostic_test,,,2019-01-29,False,https://clinicaltrials.gov/study/NCT03752983
NCT03757065,Cell Surface Marker Expression in Autoimmune Diseases,COMPLETED,N/A,"Alpine Immune Sciences, Inc.",INDUSTRY,,,Canada,North America,2020-08-27,False,https://clinicaltrials.gov/study/NCT03757065
NCT03771885,BI 705564 in Patients With Systemic Lupus Erythematosus (SLE),WITHDRAWN,Phase 1,Boehringer Ingelheim,INDUSTRY,BI 705564; Placebo,drug,,,2021-11-15,False,https://clinicaltrials.gov/study/NCT03771885
NCT03791827,Multicenter Registry of Pediatric Lupus Nephritis in China,UNKNOWN,N/A,Xiqiang Dang,OTHER,Azathioprine; Corticosteroid; Cyclophosphamide; Cyclosporine A; Hydroxychloroquine; Mycophenolate Mofetil; Rituximab; Tacrolimus,drug,China,East Asia,2019-04-05,False,https://clinicaltrials.gov/study/NCT03791827
NCT03802188,Hydroxychloroquine in Systemic Lupus Erythematosus,UNKNOWN,N/A,McGill University Health Centre/Research Institute of the McGill University Health Centre,OTHER,,,Canada,North America,2019-01-14,False,https://clinicaltrials.gov/study/NCT03802188
NCT03802578,"The Impact of Exercise on Hand Function, Daily Activities Performance and Quality of Life of SLE' Patients",COMPLETED,N/A,National and Kapodistrian University of Athens,OTHER,HAND EXERCISE,behavioral,Greece,Europe,2024-11-26,False,https://clinicaltrials.gov/study/NCT03802578
NCT03804723,Glucocorticoids Withdrawal in Early Systemic Lupus Erythematosus,UNKNOWN,N/A,University of Pisa,OTHER,oral Prednisone 5mg,drug,,,2019-01-18,False,https://clinicaltrials.gov/study/NCT03804723
NCT03816345,"Testing an Immunotherapy Anti-cancer Drug, Nivolumab, for Advanced Cancers in Patients With Autoimmune Disorders, AIM-NIVO",RECRUITING,Phase 1,National Cancer Institute (NCI),NIH,Biospecimen Collection; Cabozantinib; Fluoropyrimidine; Ipilimumab; Nivolumab; Platinum Compound; Platinum Doublet,biological; drug; procedure,Canada; United States,North America,2026-05-13,False,https://clinicaltrials.gov/study/NCT03816345
NCT03817424,"A Study to Evaluate VIB7734 in Participants With Systemic Lupus Erythematosus (SLE), Cutaneous Lupus Erythematosus (CLE), Sjogren's Syndrome, Systemic Sclerosis, Polymyositis, and Dermatomyositis",COMPLETED,Phase 1,Amgen,INDUSTRY,Placebo; VIB7734,drug,Poland; Spain; United States,Europe; North America,2024-12-13,False,https://clinicaltrials.gov/study/NCT03817424
NCT03828071,Autologous Hematopoietic Stem Cell Transplantation for Refractory Lupus Nephritis,COMPLETED,N/A,Nanjing University School of Medicine,OTHER,Autologous hematopoietic stem cell transplantation,procedure,China,East Asia,2019-02-04,False,https://clinicaltrials.gov/study/NCT03828071
NCT03840928,PatientSpot Formerly Known as ArthritisPower,UNKNOWN,N/A,Global Healthy Living Foundation,OTHER,,,United States,North America,2023-12-13,False,https://clinicaltrials.gov/study/NCT03840928
NCT03842787,Anti-ficolin-3 Antibodies in Lupus Nephritis,COMPLETED,N/A,"University Hospital, Grenoble",OTHER,Biological analysis,other,France,Europe,2021-09-28,False,https://clinicaltrials.gov/study/NCT03842787
NCT03843125,A Study of Baricitinib in Participants With Systemic Lupus Erythematosus (SLE),TERMINATED,Phase 3,Eli Lilly and Company,INDUSTRY,Baricitinib; Placebo,drug,Argentina; Australia; Austria; Belgium; Brazil; Chile; China; Colombia; Croatia; Czechia; France; Germany; Greece; Hungary; India; Israel; Italy; Japan; Mexico; Netherlands; Philippines; Poland; Romania; Russia; Serbia; South Africa; South Korea; Spain; Switzerland; Taiwan; United Kingdom; United States,Africa; East Asia; Europe; Latin America; Middle East; North America; Oceania; Other / Global; South Asia; Southeast Asia,2023-05-16,True,https://clinicaltrials.gov/study/NCT03843125
NCT03845517,A DOSE-RANGING STUDY TO EVALUATE EFFICACY AND SAFETY OF PF-06700841 IN SYSTEMIC LUPUS ERYTHEMATOSUS (SLE),COMPLETED,Phase 2,Pfizer,INDUSTRY,PF-06700841 15 mg; PF-06700841 30 mg; PF-06700841 45 mg; Placebo,drug,Argentina; Australia; Belgium; Bulgaria; Canada; China; Colombia; Czechia; France; Germany; Greece; Hong Kong; Hungary; Italy; Japan; Mexico; Poland; Portugal; Romania; Serbia; South Korea; Spain; Taiwan; Ukraine; United Kingdom; United States,East Asia; Europe; Latin America; North America; Oceania; Other / Global,2024-09-05,True,https://clinicaltrials.gov/study/NCT03845517
NCT03859570,Pentoxifylline in Lupus Nephritis,WITHDRAWN,Phase 4,MetroHealth Medical Center,OTHER,Pentoxifylline; Placebos,drug,United States,North America,2021-02-02,False,https://clinicaltrials.gov/study/NCT03859570
NCT03878303,Study of AC0058TA in Patients With Systemic Lupus Erythematosus (SLE),UNKNOWN,Phase 1,"ACEA Therapeutics, Inc.",INDUSTRY,AC0058TA; Placebo AC0058TA,drug,United States,North America,2019-03-18,False,https://clinicaltrials.gov/study/NCT03878303
NCT03896373,Role of the Neonatal Fc Receptor for IgG in the Pathophysiology of Lupus,COMPLETED,N/A,"University Hospital, Tours",OTHER,Blood samples,other,France,Europe,2021-02-24,False,https://clinicaltrials.gov/study/NCT03896373
NCT03913754,Psycho-social Consequences of Systemic Lupus Erythematosus,COMPLETED,N/A,Assistance Publique Hopitaux De Marseille,OTHER,Psycho-social consequences of lupus erythematosus,other,France,Europe,2025-09-18,False,https://clinicaltrials.gov/study/NCT03913754
NCT03915652,Addressing Disparities in Lupus Care Through an Integrated Care Management Program,COMPLETED,N/A,Brigham and Women's Hospital,OTHER,Rheum iCMP,behavioral,United States,North America,2025-09-25,True,https://clinicaltrials.gov/study/NCT03915652
NCT03917797,Mesenchymal Stromal Cells (MSC´s) in Renal Lupus,UNKNOWN,Phase 2,"Universidad de los Andes, Chile",OTHER,MSC treatment; Placebo; Standard of Care,biological; drug,Chile,Latin America,2023-02-08,False,https://clinicaltrials.gov/study/NCT03917797
NCT03919643,BAFF and APRIL and RESPONSE TO BELIMUMAB in SLE,UNKNOWN,N/A,Fundación Pública Andaluza para la gestión de la Investigación en Sevilla,OTHER,,,,,2019-04-18,False,https://clinicaltrials.gov/study/NCT03919643
NCT03920059,Fixed-dose Versus Concentration-controlled Mycophenolate Mofetil for the Treatment of Active Lupus Nephritis,TERMINATED,Phase 4,Chulalongkorn University,OTHER,Mycophenolate Mofetil,drug,Thailand,Southeast Asia,2021-02-01,False,https://clinicaltrials.gov/study/NCT03920059
NCT03920267,Long-Term Safety and Efficacy Study of Deucravacitinib in Participants With Systemic Lupus Erythematosus,COMPLETED,Phase 2,Bristol-Myers Squibb,INDUSTRY,BMS-986165,drug,Argentina; Brazil; Canada; Colombia; Hungary; Japan; Mexico; Poland; Romania; Russia; South Korea; Spain; Taiwan; United States,East Asia; Europe; Latin America; North America; Other / Global,2026-03-20,True,https://clinicaltrials.gov/study/NCT03920267
NCT03921398,Identifying New Therapeutic Targets for Lupus Treatment,COMPLETED,N/A,Assistance Publique - Hôpitaux de Paris,OTHER,,,France,Europe,2023-07-21,False,https://clinicaltrials.gov/study/NCT03921398
NCT03929887,KOrea Renal Biobank NEtwoRk System TOward NExt-generation Analysis,RECRUITING,N/A,Seoul National University Hospital,OTHER,Kidney Biopsy,other,South Korea,Other / Global,2020-02-12,False,https://clinicaltrials.gov/study/NCT03929887
NCT03933839,Internet-Based Pain Coping Skills Training for Patients With Lupus,COMPLETED,N/A,"University of North Carolina, Chapel Hill",OTHER,PainCOACH,behavioral,United States,North America,2020-05-20,False,https://clinicaltrials.gov/study/NCT03933839
NCT03933943,A Study of LY3361237 in Participants With Systemic Lupus Erythematosus,COMPLETED,Phase 1,Eli Lilly and Company,INDUSTRY,LY3361237; Placebo,drug,United States,North America,2021-03-04,False,https://clinicaltrials.gov/study/NCT03933943
NCT03937271,Objective Measurement Methods for Autoimmune Disease and Dry Eye Syndrome,WITHDRAWN,N/A,"Taipei Veterans General Hospital, Taiwan",OTHER_GOV,Heart rate variability; Schirmer's test; Traditional Chinese Medicine pattern; Traditional Chinese Medicine pulse diagnosis; Traditional Chinese Medicine tongue diagnosis,diagnostic_test,Taiwan,East Asia,2021-02-05,False,https://clinicaltrials.gov/study/NCT03937271
NCT03937856,Smartphone Mindfulness Meditation for Patients With Rheumatic Diseases,TERMINATED,N/A,Johns Hopkins University,OTHER,Calm- Mindfulness Meditation smartphone application,behavioral,United States,North America,2021-04-26,False,https://clinicaltrials.gov/study/NCT03937856
NCT03938324,Peer i-Coaching for Activated Self-Management Optimization in Adolescents and Young Adults With Chronic Conditions,COMPLETED,N/A,Duke University,OTHER,PiCASO Intervention Group; Sham Comparator: Attention Control Group,behavioral,United States,North America,2025-07-28,True,https://clinicaltrials.gov/study/NCT03938324
NCT03941184,Spontaneous Coronary Artery Dissection (SCAD) and Autoimmunity,COMPLETED,N/A,Mayo Clinic,OTHER,,,United States,North America,2020-11-23,False,https://clinicaltrials.gov/study/NCT03941184
NCT03942718,Systemic Lupus Erythematosus Exercise Program,COMPLETED,N/A,University Medical Center Mainz,OTHER,Exercise,other,Germany,Europe,2022-11-10,False,https://clinicaltrials.gov/study/NCT03942718
NCT03943147,An Investigational Study to Evaluate the Safety and Effectiveness of BMS-986165 With Background Treatment in Participants With Lupus Nephritis,TERMINATED,Phase 2,Bristol-Myers Squibb,INDUSTRY,BMS-986165; Mycophenolate Mofetil; Placebo,drug,Australia; Belgium; Canada; China; Czechia; Germany; Israel; Italy; Mexico; Netherlands; Russia; South Korea; Spain; Taiwan; United Kingdom; United States,East Asia; Europe; Middle East; North America; Oceania; Other / Global,2022-10-17,True,https://clinicaltrials.gov/study/NCT03943147
NCT03949426,"Safety, Tolerability and Pharmacokinetics of KPG-818 in Healthy Subjects",COMPLETED,Phase 1,"Kangpu Biopharmaceuticals, Ltd.",INDUSTRY,KPG-818,drug,United States,North America,2020-02-25,False,https://clinicaltrials.gov/study/NCT03949426
NCT03951259,Safety and Efficacy of SM934 Compared to Placebo in Adult Subjects With Active Systemic Lupus Erythematosus,COMPLETED,Phase 2,RenJi Hospital,OTHER,Placebos; SM934,drug,China,East Asia,2023-10-27,False,https://clinicaltrials.gov/study/NCT03951259
NCT03953261,Effect of Curcumin on Systemic Lupus Erythematosus,TERMINATED,Phase 2,Loma Linda University,OTHER,Curcumin supplement,drug,United States,North America,2022-08-05,False,https://clinicaltrials.gov/study/NCT03953261
NCT03958851,Renal Resistive Index as a Marker of Severity and Treatment Outcomes in Lupus Nephritis,UNKNOWN,N/A,Assiut University,OTHER,Doppler ultrasonography of renal arteries; Renal biopsy; The 24-hour urine protein test; complete blood counting (CBC); kidney function tests,diagnostic_test,,,2019-05-24,False,https://clinicaltrials.gov/study/NCT03958851
NCT03975361,Autoreactivity Threshold Analysis in Lupus and Immune Thrombocytopenia (Checkpoints ITP and SLE),UNKNOWN,N/A,Assistance Publique - Hôpitaux de Paris,OTHER,Bliss-Believe,other,France,Europe,2021-05-25,False,https://clinicaltrials.gov/study/NCT03975361
NCT03978520,A Study to Investigate the Safety and Efficacy of Elsubrutinib and Upadacitinib Given Alone or in Combination in Participants With Moderately to Severely Active Systemic Lupus Erythematosus (SLE),COMPLETED,Phase 2,AbbVie,INDUSTRY,Elsubrutinib; Placebo for elsubrutinib; Placebo for upadacitinib; Upadacitinib,drug,Argentina; Australia; Bulgaria; Canada; China; Colombia; France; Germany; Hungary; Italy; Japan; Mexico; Netherlands; New Zealand; Poland; Puerto Rico; South Korea; Spain; Taiwan; United Kingdom; United States,East Asia; Europe; Latin America; North America; Oceania; Other / Global,2023-07-21,True,https://clinicaltrials.gov/study/NCT03978520
NCT03979976,"Ramipril, Endothelial Function and Endothelial Progenitor Cells in Patients With Systemic Lupus Erythematosus",COMPLETED,"Phase 2, Phase 3",Federal University of São Paulo,OTHER,Ramipril,drug,Brazil,Latin America,2019-06-10,False,https://clinicaltrials.gov/study/NCT03979976
NCT03984227,New Signaling Pathway Targeting Systemic Lupus Erythematosus,UNKNOWN,N/A,Assiut University,OTHER,Taking peripheral blood samples,genetic,,,2019-06-28,False,https://clinicaltrials.gov/study/NCT03984227
NCT04018222,Translation of a Diagnostic Test for Lupus Flare Prediction From Bench to Clinic,UNKNOWN,N/A,"Progentec Diagnostics, Inc.",INDUSTRY,,,United States,North America,2020-09-16,False,https://clinicaltrials.gov/study/NCT04018222
NCT04022655,Predictors of Mortality in Patients With Autoimmune Diseases Admitted to the Intensive Care Unit,UNKNOWN,N/A,University of Göttingen,OTHER,ICU Care,other,Germany,Europe,2019-07-24,False,https://clinicaltrials.gov/study/NCT04022655
NCT04024306,Steroid-induced Diabetes Mellitus in Systemic Lupus Erythematosus (SLE) Patients,UNKNOWN,N/A,Assiut University,OTHER,,,Egypt,Middle East / Africa,2023-07-19,False,https://clinicaltrials.gov/study/NCT04024306
NCT04032496,Contemplation-Based Intervention and Health Outcomes RCT in Lupus Patients,UNKNOWN,N/A,University of Toronto,OTHER,Contemplative-Based Intervention for People Living with SLE; Health Enhancement Program (HEP),behavioral,,,2019-12-20,False,https://clinicaltrials.gov/study/NCT04032496
NCT04035265,Application of MRI for Musculoskeletal Involvement in SLE,UNKNOWN,N/A,Hospital del Mar,OTHER,Blood test,procedure,Spain,Europe,2019-07-31,False,https://clinicaltrials.gov/study/NCT04035265
NCT04037293,Premature Atherosclerosis in Systemic Lupus Erythematosus,UNKNOWN,N/A,Peking Union Medical College Hospital,OTHER,CIMT and baPWV measurement,diagnostic_test,China,East Asia,2019-07-31,False,https://clinicaltrials.gov/study/NCT04037293
NCT04046172,Treatment of Periodontal Disease in Systemic Lupus Erythematosus,UNKNOWN,N/A,"University College, London",OTHER,supra-gingival scaling and polishing; supra/sub gingival root surface debridement,procedure,United Kingdom,Europe,2021-10-12,False,https://clinicaltrials.gov/study/NCT04046172
NCT04058028,Efficacy and Safety of AMG 570 in Subjects With Active Systemic Lupus Erythematosus (SLE),COMPLETED,Phase 2,Amgen,INDUSTRY,Placebo for Rozibafusp Alfa; Rozibafusp Alfa,drug,Argentina; Australia; Bulgaria; Canada; Czechia; France; Germany; Greece; Hong Kong; Hungary; Italy; Japan; Mexico; Poland; Portugal; Russia; South Korea; Spain; United States,East Asia; Europe; Latin America; North America; Oceania; Other / Global,2024-09-24,True,https://clinicaltrials.gov/study/NCT04058028
NCT04060888,A Study of Ustekinumab in Chinese Participants With Active Systemic Lupus Erythematosus,WITHDRAWN,Phase 3,"Janssen Research & Development, LLC",INDUSTRY,Placebo; Ustekinumab (approximately 6 mg/kg); Ustekinumab 90 milligram (mg),drug,,,2025-02-03,False,https://clinicaltrials.gov/study/NCT04060888
NCT04077684,"Efficacy and Safety of Low-dose IL-2 in Patients With SLE: a Multicenter, Randomised, Placebo-controlled Trial",COMPLETED,Phase 2,Peking University People's Hospital,OTHER,Interleukin-2,drug,China,East Asia,2024-12-03,False,https://clinicaltrials.gov/study/NCT04077684
NCT04082416,Study of Recombinant Human B Lymphocyte(RC18) Administered Subcutaneously to Subjects With Systemic Lupus Erythematosus(SLE),COMPLETED,Phase 3,"RemeGen Co., Ltd.",INDUSTRY,Placebo plus standard therapy; RC18 160 mg plus standard therapy,biological,China,East Asia,2023-05-11,False,https://clinicaltrials.gov/study/NCT04082416
NCT04089930,Long-term Immunogenicity of a Live Herpes Zoster Vaccine in Systemic Lupus Erythematosus (SLE) Patients,COMPLETED,N/A,Tuen Mun Hospital,OTHER_GOV,Immunogenicity,diagnostic_test,China,East Asia,2024-02-16,False,https://clinicaltrials.gov/study/NCT04089930
NCT04098055,Effect of Insoles in Patients With Systemic Lupus Erythematosus,COMPLETED,N/A,University of Seville,OTHER,Custom-Made Foot Orthoses; Placebo,device,Spain,Europe,2022-05-19,False,https://clinicaltrials.gov/study/NCT04098055
NCT04108611,Immune Adsorption Role in Treatment of Resistant Lupus,COMPLETED,N/A,Dr. Mohamed Ahmed El ghiriani,OTHER,hemodiafiltration with endogenous re infusion (HFR),procedure,Egypt,Middle East / Africa,2019-10-01,False,https://clinicaltrials.gov/study/NCT04108611
NCT04110184,Haematological Indices in Systemic Lupus Erythematosus,UNKNOWN,N/A,Assiut University,OTHER,Systemic lupus erythematosus disease activity index (SLEDAI),other,,,2019-10-01,False,https://clinicaltrials.gov/study/NCT04110184
NCT04127747,Efficacy of Individualized Rituximab in Maintaining Remission of Moderate and Severe Systemic Lupus Erythematosus,UNKNOWN,Phase 4,"Second Affiliated Hospital, School of Medicine, Zhejiang University",OTHER,Individualized dose of rituximab; Standard dose of rituximab,drug,China,East Asia,2020-11-17,False,https://clinicaltrials.gov/study/NCT04127747
NCT04128579,Study of EQ001 (Itolizumab) in Systemic Lupus Erythematosus With or Without Active Proliferative Nephritis,COMPLETED,Phase 1,Equillium,INDUSTRY,Itolizumab [Bmab 600],drug,India; Poland; United States,Europe; North America; South Asia,2025-04-18,True,https://clinicaltrials.gov/study/NCT04128579
NCT04136145,Single Dose Study to Investigate the Pharmacokinetics (PK) and Safety of Belimumab 200 Milligrams (mg) Intravenous and 200 mg Subcutaneous Via Auto-injector in Chinese Healthy Subjects,COMPLETED,Phase 1,GlaxoSmithKline,INDUSTRY,Belimumab for IV; Belimumab for SC,drug,China,East Asia,2020-12-28,True,https://clinicaltrials.gov/study/NCT04136145
NCT04141046,"LUPUS Brain: tACS to Target the Neurophysiology of Depression, Cognitive Deficits, and Pain in Patients With SLE",TERMINATED,N/A,"University of North Carolina, Chapel Hill",OTHER,XCSITE100 Stimulator - Active Sham; XCSITE100 Stimulator - Individualized alpha-tACS; XCSITE100 Stimulator - Individualized theta-tACS,device,United States,North America,2024-06-27,True,https://clinicaltrials.gov/study/NCT04141046
NCT04145687,Metformin In Prevention of Lupus Nephritis,UNKNOWN,Phase 4,RenJi Hospital,OTHER,Metformin,drug,China,East Asia,2019-10-31,False,https://clinicaltrials.gov/study/NCT04145687
NCT04146220,Efficacy of Lower Dose Prednisolone in the Induction of Remission of Lupus Nephritis,COMPLETED,Phase 4,"Bangabandhu Sheikh Mujib Medical University, Dhaka, Bangladesh",OTHER,Prednisolone,drug,Bangladesh,South Asia,2019-10-31,False,https://clinicaltrials.gov/study/NCT04146220
NCT04179032,Study of Subcutaneous (SC) Belimumab in Pediatric Participants With Systemic Lupus Erythematosus (SLE),ACTIVE_NOT_RECRUITING,Phase 2,GlaxoSmithKline,INDUSTRY,Belimumab,combination_product,Argentina; Germany; Japan; Mexico; Netherlands; Spain; United States,East Asia; Europe; Latin America; North America,2025-10-23,True,https://clinicaltrials.gov/study/NCT04179032
NCT04180228,Human Papilloma Virus Vaccination and Chronic Inflammatory Rheumatic Diseases.,COMPLETED,N/A,Hospices Civils de Lyon,OTHER,self-administred questionnaire,other,France,Europe,2021-12-10,False,https://clinicaltrials.gov/study/NCT04180228
NCT04181762,"Study of Safety, Efficacy and Tolerability of Secukinumab Versus Placebo, in Combination With SoC Therapy, in Patients With Active Lupus Nephritis",TERMINATED,Phase 3,Novartis Pharmaceuticals,INDUSTRY,Placebo; secukinumab,drug,Argentina; Australia; Brazil; Canada; Chile; China; Colombia; Croatia; Czechia; Denmark; France; Germany; Greece; Guatemala; India; Italy; Japan; Mexico; Norway; Peru; Philippines; Portugal; Romania; Russia; Slovakia; South Korea; Spain; Sweden; Switzerland; Taiwan; Thailand; Turkey (Türkiye); United States; Vietnam,East Asia; Europe; Latin America; North America; Oceania; Other / Global; South Asia; Southeast Asia,2025-05-16,True,https://clinicaltrials.gov/study/NCT04181762
NCT04184258,Treatment of Systemic Lupus Erythematosus With Pooled Allogenic Mesenchymal Stem Cells,COMPLETED,"Phase 1, Phase 2",Institute of Biophysics and Cell Engineering of National Academy of Sciences of Belarus,OTHER_GOV,Pooled mesenchymal stem cell; Standard treatment according to the Clinical protocols,biological; other,Belarus,Other / Global,2021-01-22,False,https://clinicaltrials.gov/study/NCT04184258
NCT04186871,"Study to Assess Safety and Effectiveness of Branebrutinib Treatment in Participants With Active Systemic Lupus Erythematosus or Primary Sjögren's Syndrome, or Branebrutinib Treatment Followed by Open-label Abatacept Treatment in Study Participants With Active Rheumatoid Arthritis",COMPLETED,Phase 2,Bristol-Myers Squibb,INDUSTRY,abatacept; branebrutinib; branebrutinib placebo,drug,Argentina; Belgium; France; Germany; Mexico; Netherlands; Poland; Spain; United Kingdom; United States,Europe; Latin America; North America,2024-01-16,True,https://clinicaltrials.gov/study/NCT04186871
NCT04213690,A Pilot Study to Explore the Role of Gut Flora in Lupus,WITHDRAWN,N/A,ProgenaBiome,OTHER,No Intervention,other,United States,North America,2025-06-05,False,https://clinicaltrials.gov/study/NCT04213690
NCT04218890,"TF, TFPI and Plasmin as Novel Bio-markers in Early Diagnosis of Lupus Nephritis",UNKNOWN,N/A,Assiut University,OTHER,"Urinary tissue factor (TF), tissue factor pathway inhibitor (TFPI) and plasmin",diagnostic_test,,,2020-01-07,False,https://clinicaltrials.gov/study/NCT04218890
NCT04221477,A Study to Evaluate the Efficacy and Safety of Obinutuzumab in Participants With ISN/RPS 2003 Class III or IV Lupus Nephritis,ACTIVE_NOT_RECRUITING,Phase 3,Hoffmann-La Roche,INDUSTRY,Acetaminophen; Diphenhydramine; MMF; Methylprednisolone; Obinutuzumab; Placebo; Prednisone,drug,Argentina; Brazil; Colombia; France; Germany; Israel; Italy; Mexico; Peru; Poland; Russia; South Africa; Spain; United Kingdom; United States,Africa; Europe; Latin America; Middle East; North America; Other / Global,2026-05-11,True,https://clinicaltrials.gov/study/NCT04221477
NCT04233164,Genomic Effects of Glucocorticoids in Patients With Systemic Lupus Erythematosus,COMPLETED,Early Phase 1,National Institute of Arthritis and Musculoskeletal and Skin Diseases (NIAMS),NIH,Solu-Medrol 1mg/kg; Solu-Medrol 250 mg,drug,United States,North America,2024-08-06,True,https://clinicaltrials.gov/study/NCT04233164
NCT04239521,"The Epidemiology, Management, and the Associated Burden of Related Conditions in Alopecia Areata",COMPLETED,N/A,Momentum Data,INDUSTRY,Exposure of interest (studies 2 & 3).,other,United Kingdom,Europe,2022-12-15,False,https://clinicaltrials.gov/study/NCT04239521
NCT04244539,Efficacy of High-intensity Laser in Jaccoud's Arthropathy in Systemic Lupus Erythematosus,COMPLETED,N/A,Jouf University,OTHER,high-intensity laser Device.,device,Egypt,Middle East / Africa,2020-01-28,False,https://clinicaltrials.gov/study/NCT04244539
NCT04256577,Serum Ceramides Level in Systemic Lupus Erythematosus (SLE) Patients as a Novel Marker for Renal Impairment,UNKNOWN,N/A,Assiut University,OTHER,serum ceramides level in blood,diagnostic_test,,,2020-02-17,False,https://clinicaltrials.gov/study/NCT04256577
NCT04266860,Establishing Clinical Utility of a New Diagnostic Test for Rheumatology Patients,COMPLETED,N/A,"Qure Healthcare, LLC",INDUSTRY,Experimental - Test Results and Education,other,United States,North America,2020-09-16,False,https://clinicaltrials.gov/study/NCT04266860
NCT04275193,The Safety and Efficacy of Zishenqing in Subjects With Active Systemic Lupus Erythematosus,UNKNOWN,"Phase 2, Phase 3",Shanghai University of Traditional Chinese Medicine,OTHER,Placebo; Zishenqing,drug,China,East Asia,2020-04-28,False,https://clinicaltrials.gov/study/NCT04275193
NCT04276701,Immune Mediators and Metabolites to Stratify Systemic Lupus Erythematosus Patients at High Risk of Cardio Vascular Diseases,ACTIVE_NOT_RECRUITING,N/A,"University Hospital, Bordeaux",OTHER,Ultrasonography assessment; blood sample; questionnaires,behavioral; biological; other,France; Germany,Europe,2026-02-03,False,https://clinicaltrials.gov/study/NCT04276701
NCT04293510,Evaluation of Janus Kinase_3 in Juvenile Onset Systemic Lupus Erythematosus,UNKNOWN,N/A,Assiut University,OTHER,renal biopsy and blood sampling,procedure,,,2020-03-04,False,https://clinicaltrials.gov/study/NCT04293510
NCT04294667,A Study to Evaluate the Efficacy and Safety of Dapirolizumab Pegol in Study Participants With Moderately to Severely Active Systemic Lupus Erythematosus,COMPLETED,Phase 3,UCB Biopharma SRL,INDUSTRY,DZP; Placebo,drug; other,Argentina; Australia; Austria; Belgium; Bulgaria; Canada; Chile; Colombia; Czechia; Denmark; France; Germany; Greece; Hungary; Italy; Mexico; Peru; Philippines; Poland; Romania; Serbia; South Korea; Spain; Taiwan; United States,East Asia; Europe; Latin America; North America; Oceania; Other / Global; Southeast Asia,2025-05-04,True,https://clinicaltrials.gov/study/NCT04294667
NCT04305197,A Study of ICP-022 in Patients With Systemic Lupus Erythematosus (SLE),COMPLETED,"Phase 1, Phase 2","Beijing InnoCare Pharma Tech Co., Ltd.",INDUSTRY,ICP-022; Placebos,drug,China,East Asia,2022-11-30,False,https://clinicaltrials.gov/study/NCT04305197
NCT04305418,Mindfulness- Based Intervention for Systemic Lupus Erythematosus (SLE) Patients,COMPLETED,N/A,"Bar-Ilan University, Israel",OTHER,Mindfulness- Based Intervention,other,Israel,Middle East,2020-03-12,False,https://clinicaltrials.gov/study/NCT04305418
NCT04318600,Allogeneic Amniotic Mesenchymal Stem Cell Therapy for Lupus Nephritis,COMPLETED,Phase 1,Yan'an Affiliated Hospital of Kunming Medical University,OTHER,human amniotic mesenchymal stem cell,drug,,,2020-03-24,False,https://clinicaltrials.gov/study/NCT04318600
NCT04320680,Systemic Lupus Erythematosus Within the Framework of the Multidisciplinary Consultation,RECRUITING,N/A,"University Hospital, Brest",OTHER,description of a lupus patient cohort,other,France,Europe,2025-02-04,False,https://clinicaltrials.gov/study/NCT04320680
NCT04320797,Urinary T Cell Biomarker for Prediction in Lupus Nephritis,UNKNOWN,N/A,"Charite University, Berlin, Germany",OTHER,Flow cytometry analysis of urine samples,diagnostic_test,Germany; United Kingdom,Europe,2022-03-09,False,https://clinicaltrials.gov/study/NCT04320797
NCT04335643,Telehealth CBT for Adolescents and Young Adults With Childhood-onset Systemic Lupus Erythematosus,COMPLETED,N/A,Michigan State University,OTHER,TEACH,behavioral,Canada; United States,North America,2025-02-13,False,https://clinicaltrials.gov/study/NCT04335643
NCT04335747,COVID-19 Infection in Vulnerable Patients With Inflammatory Rheumatic Diseases,TERMINATED,N/A,Salome Kristensen,OTHER,COVID-19 infection,other,Denmark,Europe,2021-07-21,False,https://clinicaltrials.gov/study/NCT04335747
NCT04345159,Association Between Long-term Hydroxychloroquine Treatment and Outcome of a History of Symptoms Suggestive of COVID-19 Infection During the Epidemic Period in France in Patients With Autoimmune Disease,COMPLETED,N/A,Fondation Ophtalmologique Adolphe de Rothschild,NETWORK,Questionnaire by phone call,other,France,Europe,2021-01-07,False,https://clinicaltrials.gov/study/NCT04345159
NCT04355702,Covid-19 in Lupus Patients,COMPLETED,N/A,"University Hospital, Montpellier",OTHER,,,France,Europe,2021-03-01,False,https://clinicaltrials.gov/study/NCT04355702
NCT04356014,Telangiectatic Palmoplantar Keratoderma in Systemic and Subacute Lupus Erythematosus,UNKNOWN,N/A,"University Hospital, Montpellier",OTHER,,,France,Europe,2020-04-21,False,https://clinicaltrials.gov/study/NCT04356014
NCT04358302,Individual Patient Exposure and Response in Pediatric Lupus,COMPLETED,N/A,Duke University,OTHER,Pillsy,behavioral,United States,North America,2024-07-15,False,https://clinicaltrials.gov/study/NCT04358302
NCT04361734,The Role of Lipids in Immune Cell Function in SLE Patients,UNKNOWN,N/A,"University College, London",OTHER,Blood sampling to include Deoxyribonucleic Acid (DNA) and Ribonucleic Acid (RNA),other,United Kingdom,Europe,2020-04-24,False,https://clinicaltrials.gov/study/NCT04361734
NCT04368299,Telemedicine for Follow-up of Systemic Lupus Erythematosus,COMPLETED,N/A,Chinese University of Hong Kong,OTHER,Standard care; Telemedicine,other,Hong Kong,East Asia,2022-03-09,False,https://clinicaltrials.gov/study/NCT04368299
NCT04369495,BAFF Levels and Lupus Nephritis (LN),WITHDRAWN,N/A,Universidad de Antioquia,OTHER,BAFF serum levels,other,,,2024-05-13,False,https://clinicaltrials.gov/study/NCT04369495
NCT04376827,A Study of Guselkumab in Participants With Active Lupus Nephritis,TERMINATED,Phase 2,"Janssen Research & Development, LLC",INDUSTRY,Guselkumab Dose 1; Guselkumab Dose 2; Placebo; Standard-of-care treatment,drug,Argentina; Mexico; Poland; Russia; Spain; Taiwan; Thailand; Ukraine; United States,East Asia; Europe; Latin America; North America; Other / Global; Southeast Asia,2025-03-30,True,https://clinicaltrials.gov/study/NCT04376827
NCT04397107,The Therapeutic Value and Mechanism of Recombinant Human Interleukin-2 on Children With Rheumatic Diseases,COMPLETED,N/A,The First Hospital of Jilin University,OTHER,IL-2,drug,China,East Asia,2022-08-18,False,https://clinicaltrials.gov/study/NCT04397107
NCT04397237,Prevalence and Seroconversion of COVID-19 in Autoimmune Diseases in Europe,UNKNOWN,N/A,Pitié-Salpêtrière Hospital,OTHER,,,France,Europe,2020-12-21,False,https://clinicaltrials.gov/study/NCT04397237
NCT04400240,Care Coordination Approaches to Learning Lupus Self-management,COMPLETED,N/A,Medical University of South Carolina,OTHER,CALLS,behavioral,United States,North America,2020-05-22,False,https://clinicaltrials.gov/study/NCT04400240
NCT04402086,Rheumatology Patient Registry and Biorepository,RECRUITING,N/A,Yale University,OTHER,,,United States,North America,2026-02-13,False,https://clinicaltrials.gov/study/NCT04402086
NCT04411407,PROM Collected Via a WebApp Versus a Touch Screen Solution Among Patients With SLE,COMPLETED,N/A,Salome Kristensen,OTHER,PROM registration via the DANBIO WebApp and the outpatient touchscreen in a randomised order,device,Denmark,Europe,2021-04-01,False,https://clinicaltrials.gov/study/NCT04411407
NCT04424602,Comparison between2 Drugs in Lupus Nephritis,COMPLETED,Phase 4,Al-Azhar University,OTHER,cyclo phosphamide; mycophenolate,drug,Egypt,Middle East / Africa,2022-06-21,False,https://clinicaltrials.gov/study/NCT04424602
NCT04431167,Healthy Lifestyle Intervention in Patients with Systemic Lupus Erythematosus: the Living Well with Lupus Study,COMPLETED,N/A,University of Sao Paulo,OTHER,Living well with Lupus,behavioral,Brazil,Latin America,2024-12-11,False,https://clinicaltrials.gov/study/NCT04431167
NCT04433585,A Study of LY3471851 in Adults With Systemic Lupus Erythematosus (SLE),COMPLETED,Phase 2,Nektar Therapeutics,INDUSTRY,LY3471851; Placebo,drug,Argentina; Australia; Canada; Czechia; Germany; Hungary; India; Israel; Japan; Mexico; Poland; Puerto Rico; Romania; Russia; South Korea; Spain; Taiwan; Ukraine; United States,East Asia; Europe; Latin America; Middle East; North America; Oceania; Other / Global; South Asia,2024-04-23,True,https://clinicaltrials.gov/study/NCT04433585
NCT04440566,O-GlcNAcylation Role in the Pathophysiology of Systemic Lupus Erythematosus,COMPLETED,N/A,"University Hospital, Bordeaux",OTHER,blood sample,biological,France,Europe,2024-01-19,False,https://clinicaltrials.gov/study/NCT04440566
NCT04447053,Sequential Belimumab and T-cell Based Therapy in SLE,UNKNOWN,Phase 4,"National University Hospital, Singapore",OTHER,Belimumab Injection [Benlysta],drug,Singapore,Southeast Asia,2023-06-22,False,https://clinicaltrials.gov/study/NCT04447053
NCT04449653,Mobile Study to Measure and Predict Lupus Disease Activity Using Digital Signals,UNKNOWN,N/A,"Progentec Diagnostics, Inc.",INDUSTRY,,,United States,North America,2020-06-29,False,https://clinicaltrials.gov/study/NCT04449653
NCT04449991,Per-protocol Repeat Kidney Biopsy in Incident Cases of Lupus Nephritis,RECRUITING,N/A,Karolinska Institutet,OTHER,Repeat kidney biopsy,procedure,Sweden,Europe,2025-09-02,False,https://clinicaltrials.gov/study/NCT04449991
NCT04451772,A Study of the Safety of Oral Elsubrutinib Capsules and Oral Upadacitinib Tablets Given Alone or in Combination (ABBV-599) for Adult Participants With Moderately to Severely Active Systemic Lupus Erythematosus to Assess Change in Disease State,COMPLETED,Phase 2,AbbVie,INDUSTRY,Elsubrutinib; Placebo for Elsubrutinib; Placebo for Upadacitinib; Upadacitinib,drug,Argentina; Australia; Bulgaria; China; Colombia; Germany; Hungary; Italy; Japan; Mexico; New Zealand; Poland; Puerto Rico; South Korea; Spain; Taiwan; United Kingdom; United States,East Asia; Europe; Latin America; North America; Oceania; Other / Global,2025-01-14,True,https://clinicaltrials.gov/study/NCT04451772
NCT04453215,Laser Therapy for Patients With Systemic Lupus Erythematosus,COMPLETED,N/A,Dr. Merve Benli,OTHER,GaAlAs semiconductor diode laser device,device,Turkey (Türkiye),Other / Global,2021-11-10,False,https://clinicaltrials.gov/study/NCT04453215
NCT04461158,CCCR Lupus Patient Navigator Program,COMPLETED,N/A,Medical University of South Carolina,OTHER,Patient Navigator Services,behavioral,United States,North America,2026-03-09,True,https://clinicaltrials.gov/study/NCT04461158
NCT04481633,Efficacy of Pre-exposure Treatment With Hydroxy-Chloroquine on the Risk and Severity of COVID-19 Infection,COMPLETED,N/A,"University Hospital, Toulouse",OTHER,COVID 19 Self-Questionnaire; COVID 19 serology,diagnostic_test; other,France,Europe,2026-01-06,False,https://clinicaltrials.gov/study/NCT04481633
NCT04486118,Centrally Acting ACE Inhibition in SLE,ACTIVE_NOT_RECRUITING,Phase 2,Northwell Health,OTHER,Benazepril Pill; Lisinopril Pills,drug,United States,North America,2025-09-19,False,https://clinicaltrials.gov/study/NCT04486118
NCT04515719,Efficacy and Safety of Belimumab in SLE Patients,COMPLETED,Phase 4,RenJi Hospital,OTHER,Belimumab; Placebo,biological,China,East Asia,2025-05-14,False,https://clinicaltrials.gov/study/NCT04515719
NCT04516408,Recombinant Zoster Vaccine in Stable SLE Patients,UNKNOWN,N/A,RenJi Hospital,OTHER,Placebo; Recombinant zoster vaccine,biological,China,East Asia,2022-10-26,False,https://clinicaltrials.gov/study/NCT04516408
NCT04517240,A Study on Protein Losing Enteropathy In Systemic Lupus Erythematosus,UNKNOWN,N/A,Assiut University,OTHER,endoscopy,other,,,2020-08-18,False,https://clinicaltrials.gov/study/NCT04517240
NCT04522505,Long-term Follow-up for Evaluating the Safety of CS20AT04 in Subject with Lupus Nephritis,COMPLETED,N/A,"Corestemchemon, Inc.",INDUSTRY,,,South Korea,Other / Global,2025-01-10,False,https://clinicaltrials.gov/study/NCT04522505
NCT04527172,Neuromuscular Ultrasonography Utility for Detection of Peripheral Neuropathy in Systemic Lupus Erythematosus,COMPLETED,N/A,Assiut University,OTHER,neuromuscular ultrasound,diagnostic_test,Egypt,Middle East / Africa,2020-08-28,False,https://clinicaltrials.gov/study/NCT04527172
NCT04530461,Serologic Profile of SARS CoV2 in COVID-19 Patients With Systemic Diseases,UNKNOWN,N/A,faida agili,OTHER,Serological test,diagnostic_test,Tunisia,Other / Global,2020-09-22,False,https://clinicaltrials.gov/study/NCT04530461
NCT04532541,Monogenic Lupus in Childhood Onset Systemic Lupus Erythematosus,UNKNOWN,N/A,Children's Hospital of Fudan University,OTHER,Monogenic lupus screening,other,China,East Asia,2024-03-08,False,https://clinicaltrials.gov/study/NCT04532541
NCT04534647,Serological and Urinary Biomarkers in Latin American Patients With Systemic Lupus Erythematosus: GLADEL 2.0 Cohort,UNKNOWN,N/A,Liga Panamericana de Asociaciones de Reumatologia (PANLAR),OTHER,different serum and urine biomarkers,diagnostic_test,Argentina,Latin America,2021-04-26,False,https://clinicaltrials.gov/study/NCT04534647
NCT04558814,Evaluation of Serum Galectin-9 Level in Systemic Lupus Erythematosus Patients and it's Association With Disease Activity and Organ Damage,UNKNOWN,N/A,Assiut University,OTHER,Serum galectin-9 level,diagnostic_test,,,2020-09-25,False,https://clinicaltrials.gov/study/NCT04558814
NCT04564339,Study of Ravulizumab in Proliferative Lupus Nephritis (LN) or Immunoglobulin A Nephropathy (IgAN),TERMINATED,Phase 2,"Alexion Pharmaceuticals, Inc.",INDUSTRY,Background Therapy; Placebo; Ravulizumab,drug; other,Australia; Canada; France; Germany; Italy; Netherlands; Poland; South Korea; Spain; Taiwan; United Kingdom; United States,East Asia; Europe; North America; Oceania; Other / Global,2026-01-22,True,https://clinicaltrials.gov/study/NCT04564339
NCT04570306,Transcriptional and Immune Parameters of Response to Belimumab,COMPLETED,N/A,"Biomedical Research Foundation, Academy of Athens",OTHER,Belimumab,drug,Greece,Europe,2024-06-11,False,https://clinicaltrials.gov/study/NCT04570306
NCT04580108,Highly Sensitive Serum Cardiac Troponin T and Cardiovascular Events in Patients With Systemic Lupus Erythematosus,COMPLETED,N/A,Assistance Publique - Hôpitaux de Paris,OTHER,,,France,Europe,2020-10-08,False,https://clinicaltrials.gov/study/NCT04580108
NCT04582136,Efficacy and Safety of Sirolimus in Active Systemic Lupus Erythematosus,ACTIVE_NOT_RECRUITING,Phase 3,Chinese SLE Treatment And Research Group,OTHER,Placebo; Sirolimus,drug,China,East Asia,2025-09-26,False,https://clinicaltrials.gov/study/NCT04582136
NCT04604990,"National Systemic Lupus Erythematosus Prospective Cohort, Saudi Arabia",RECRUITING,N/A,King Saud University,OTHER,,,Saudi Arabia,Middle East,2021-09-01,False,https://clinicaltrials.gov/study/NCT04604990
NCT04643067,Phase 1b/2a Study to Evaluate Safety and Efficacy of KPG-818 in SLE,COMPLETED,"Phase 1, Phase 2","Kangpu Biopharmaceuticals, Ltd.",INDUSTRY,KPG-818 high dose; KPG-818 low dose; KPG-818 mid dose; Placebo,drug,United States,North America,2024-05-23,False,https://clinicaltrials.gov/study/NCT04643067
NCT04643470,Zanubrutinib in Participants With Active Proliferative Lupus Nephritis,COMPLETED,Phase 2,BeiGene,INDUSTRY,Placebo; Zanubrutinib,drug,China,East Asia,2024-11-29,False,https://clinicaltrials.gov/study/NCT04643470
NCT04645225,Clinical Characteristic and MEFV Gene Mutations in Patient With Juvenile Onest Systemic Lupus Erythematosus,UNKNOWN,N/A,Assiut University,OTHER,. MEFV genetic testing,device,,,2020-11-27,False,https://clinicaltrials.gov/study/NCT04645225
NCT04645589,Evaluating the Safety of Myfortic (Mycophenolate Sodium) in Patients With Lupus Nephritis,COMPLETED,N/A,Novartis Pharmaceuticals,INDUSTRY,Myfortic,drug,Taiwan,East Asia,2025-12-09,False,https://clinicaltrials.gov/study/NCT04645589
NCT04647708,Study of M5049 in CLE and SLE Participants,COMPLETED,Phase 1,"Merck Healthcare KGaA, Darmstadt, Germany, an affiliate of Merck KGaA, Darmstadt, Germany",INDUSTRY,M5049; Placebo,drug,Bulgaria; Germany; Moldova; North Macedonia; Spain; Ukraine,Europe; Other / Global,2024-02-21,False,https://clinicaltrials.gov/study/NCT04647708
NCT04648059,Epigenetics in Lupus Nephritis,UNKNOWN,N/A,University of Göttingen,OTHER,Blood sampling,diagnostic_test,Germany,Europe,2022-03-14,False,https://clinicaltrials.gov/study/NCT04648059
NCT04671706,Belimumab in Patients With Systemic Lupus Erythematosus,NOT_YET_RECRUITING,N/A,Grupo de Trabajo de Enfermedades Autoinmunes Sistémicas (GEAS) de la Fundación Española de Medicina,OTHER,,,Spain,Europe,2020-12-17,False,https://clinicaltrials.gov/study/NCT04671706
NCT04680637,Efficacy and Safety of Efavaleukin Alfa in Subjects With Active Systemic Lupus Erythematosus,TERMINATED,Phase 2,Amgen,INDUSTRY,Efavaleukin Alfa; Placebo; Standard of Care,drug; other,Austria; Bulgaria; Canada; Chile; Colombia; France; Greece; Hong Kong; Italy; Japan; Mexico; Poland; Russia; South Korea; Spain; Switzerland; Taiwan; Turkey (Türkiye); United States,East Asia; Europe; Latin America; North America; Other / Global,2024-06-28,True,https://clinicaltrials.gov/study/NCT04680637
NCT04700267,A Study Evaluating the Effects of GLPG3970 Given as Oral Treatment for 12 Weeks in Adults With Systemic Lupus Erythematosus,TERMINATED,Phase 1,Galapagos NV,INDUSTRY,GLPG3970 film-coated tablet; Placebo film-coated tablet,drug,Bulgaria; Moldova; Poland; Spain; Ukraine,Europe; Other / Global,2021-10-21,False,https://clinicaltrials.gov/study/NCT04700267
NCT04702256,Induction Therapy for Lupus Nephritis With no Added Oral Steroids: A Trial Comparing Oral Corticosteroids Plus Mycophenolate Mofetil (MMF) Versus Obinutuzumab and MMF,RECRUITING,Phase 3,Assistance Publique - Hôpitaux de Paris,OTHER,"Administration of Methylprednisolone + Prednisone + Mycophenolate mofetil; Administration of methylprednisolone, paracetamol and dexchlorpheniramine; Obinutuzumab administration",drug,France,Europe,2025-11-24,False,https://clinicaltrials.gov/study/NCT04702256
NCT04717583,Efficacy of Intense Pulsed Light in the Treatment of Facial Telangiectasia in Systemic Lupus Erythematosus,UNKNOWN,N/A,Second Xiangya Hospital of Central South University,OTHER,Intense pulsed light (IPL) treatment,procedure,China,East Asia,2021-05-18,False,https://clinicaltrials.gov/study/NCT04717583
NCT04726553,Nature of Anifrolumab Impact on Vaccine-Emergent Immunity in SLE,UNKNOWN,Early Phase 1,Oklahoma Medical Research Foundation,OTHER,Anifrolumab; Standard of Care,drug,United States,North America,2023-03-22,False,https://clinicaltrials.gov/study/NCT04726553
NCT04736953,Sirolimus Treatment Of Patients With SLE,NOT_YET_RECRUITING,Phase 2,State University of New York - Upstate Medical University,OTHER,Placebo; Sirolimus,drug; other,,,2023-06-05,False,https://clinicaltrials.gov/study/NCT04736953
NCT04747288,Objective Measurement With TCM Pattern for AIDDES,UNKNOWN,N/A,"Taipei Veterans General Hospital, Taiwan",OTHER_GOV,36-Item Short Form Survey (SF-36); EULAR Sjögren's Syndrome Patient Reported Index (ESSPRI); Heart rate variability; Ocular Surface Diseast Index (OSDI); Schirmer's test; Traditional Chinese Medicine pattern; Traditional Chinese Medicine tongue diagnosis,diagnostic_test,Taiwan,East Asia,2022-12-13,False,https://clinicaltrials.gov/study/NCT04747288
NCT04749875,Study of Leukocyte Populations in Patients With Chronic Inflammatory,UNKNOWN,N/A,Assistance Publique - Hôpitaux de Paris,OTHER,blood sample,other,France,Europe,2021-02-11,False,https://clinicaltrials.gov/study/NCT04749875
NCT04750057,Anifrolumab Early Access Program,NO_LONGER_AVAILABLE,N/A,AstraZeneca,INDUSTRY,Anifrolumab,drug,,,2021-05-06,False,https://clinicaltrials.gov/study/NCT04750057
NCT04751396,Testing of an Educational Tool for Patients With Melanoma and Pre-Existing Autoimmune Disease Who Are Candidates for Immune Checkpoint Inhibitors,RECRUITING,N/A,M.D. Anderson Cancer Center,OTHER,Best Practice; Educational Intervention; Interview; Questionnaire Administration; Survey Administration,other,United States,North America,2025-11-10,False,https://clinicaltrials.gov/study/NCT04751396
NCT04754698,COVID-19 CoronaVac in Patients With Autoimmune Rheumatic Diseases and HIV/AIDS,COMPLETED,Phase 4,University of Sao Paulo General Hospital,OTHER,CoronaVac,biological,Brazil,Latin America,2024-03-26,False,https://clinicaltrials.gov/study/NCT04754698
NCT04756492,Prognostic Factors for Treatment Responses in Patients With Active Lupus Nephritis at Sohag University Hospital,UNKNOWN,N/A,Sohag University,OTHER,sandimmun,drug,Egypt,Middle East / Africa,2021-02-16,False,https://clinicaltrials.gov/study/NCT04756492
NCT04776161,Medication Adherence Patterns in Rheumatic Diseases: A Behavioral Trial,COMPLETED,N/A,Brigham and Women's Hospital,OTHER,Cue-Reward Intervention; Cue-Reward Intervention with possible intensification,behavioral,United States,North America,2023-10-04,True,https://clinicaltrials.gov/study/NCT04776161
NCT04786431,Shotgun Mass Spectrometry-based Lipid Profiling in Chronic Inflammatory Diseases,COMPLETED,N/A,Universidade Nova de Lisboa,OTHER,Blood collection for lipid profiling by LC-MS,other,,,2021-03-08,False,https://clinicaltrials.gov/study/NCT04786431
NCT04799730,Expression of CXCR4 in Patients With Systemic Lupus Erythematosus,UNKNOWN,N/A,Sohag University,OTHER,,,,,2021-03-16,False,https://clinicaltrials.gov/study/NCT04799730
NCT04810754,An Open Label Study to Evaluate Daratumumab in Participants With Moderate to Severe Systemic Lupus Erythematosus,UNKNOWN,Phase 2,"Charite University, Berlin, Germany",OTHER,Daratumumab Injection,drug,,,2021-03-23,False,https://clinicaltrials.gov/study/NCT04810754
NCT04833465,Development of a Therapeutic Endpoint in Pediatric Rheumatologic Conditions,RECRUITING,N/A,Children's National Research Institute,OTHER,No Intervention,other,United States,North America,2026-04-06,False,https://clinicaltrials.gov/study/NCT04833465
NCT04835441,ALPN-101 (Acazicolcept) in Systemic Lupus Erythematosus,COMPLETED,Phase 2,"Alpine Immune Sciences Inc, A Subsidiary of Vertex",INDUSTRY,ALPN-101; Placebo,drug,France; Hungary; Poland; Puerto Rico; Spain; Taiwan; United States,East Asia; Europe; North America; Other / Global,2025-08-15,True,https://clinicaltrials.gov/study/NCT04835441
NCT04835883,Exploring the Efficacy and Safety of CS20AT04 (Allogenic Bone Marrow-Derived Stem Cell) in Systemic Lupus Erythematosus Patients,UNKNOWN,Phase 2,Hanyang University Seoul Hospital,OTHER,CS20AT04 (allogenic bone marrow derived mesenchymal stem cell),biological,South Korea,Other / Global,2021-04-08,False,https://clinicaltrials.gov/study/NCT04835883
NCT04839315,COVID-19 Vaccination in Rheumatic Disease Patients,TERMINATED,Early Phase 1,Mayo Clinic,OTHER,mRNA COVD19 vaccine,biological,United States,North America,2022-06-03,False,https://clinicaltrials.gov/study/NCT04839315
NCT04857151,"Stress, Inflammation and Immune Response Pilot Study- Aim 3",COMPLETED,Early Phase 1,"University of Wisconsin, Madison",OTHER,App based mindfulness program (ABMP),behavioral,United States,North America,2024-05-16,False,https://clinicaltrials.gov/study/NCT04857151
NCT04866615,Posterior Segment Evaluation of Patients With SLE Using OCT and OCTA,UNKNOWN,N/A,Minia University,OTHER,Optvue OCT,diagnostic_test,Egypt,Middle East / Africa,2021-07-07,False,https://clinicaltrials.gov/study/NCT04866615
NCT04868838,Daratumumab to Treat Active Lupus Nephritis,ACTIVE_NOT_RECRUITING,Phase 2,Mayo Clinic,OTHER,Daratumumab,drug,United States,North America,2025-07-03,False,https://clinicaltrials.gov/study/NCT04868838
NCT04870333,PROphylaxis for paTiEnts at Risk of COVID-19 infecTion -V,COMPLETED,"Phase 2, Phase 3",Cambridge University Hospitals NHS Foundation Trust,OTHER,Ciclesonide; Niclosamide; Placebo; Sotrovimab,drug,United Kingdom,Europe,2025-06-20,False,https://clinicaltrials.gov/study/NCT04870333
NCT04870359,Pre-emptive Treatments in Lupus Nephritis Patients With Serological Reactivation,COMPLETED,N/A,The University of Hong Kong,OTHER,Pre-emptive increase of immunosuppressive treatments; Prednisolone and/or AZA/MMF,drug; procedure,Hong Kong,East Asia,2024-12-16,False,https://clinicaltrials.gov/study/NCT04870359
NCT04873739,AS-OCT Study of Cornea and Tear Film Parameters in SLE Patients,COMPLETED,N/A,Minia University,OTHER,Anterior Segment OCT,diagnostic_test,Egypt,Middle East / Africa,2022-02-03,False,https://clinicaltrials.gov/study/NCT04873739
NCT04877691,Subcutaneous Anifrolumab in Adult Patients With Systemic Lupus Erythematosus,ACTIVE_NOT_RECRUITING,Phase 3,AstraZeneca,INDUSTRY,Medi-546; Placebo,drug,Argentina; Bulgaria; Chile; Colombia; Germany; Hungary; Japan; Mexico; Philippines; Poland; Spain; Thailand; Ukraine; United Kingdom; United States,East Asia; Europe; Latin America; North America; Southeast Asia,2026-04-17,False,https://clinicaltrials.gov/study/NCT04877691
NCT04882878,A Study of Nipocalimab in Adult Participants With Active Systemic Lupus Erythematosus,COMPLETED,Phase 2,"Janssen Research & Development, LLC",INDUSTRY,Nipocalimab; Placebo; Standard-of-care treatment,drug; other,Argentina; Bulgaria; Colombia; Germany; Hungary; Japan; Poland; South Africa; Spain; Taiwan; Ukraine; United States,Africa; East Asia; Europe; Latin America; North America,2025-12-08,False,https://clinicaltrials.gov/study/NCT04882878
NCT04883619,A Study of Nipocalimab in Adult Participants With Active Lupus Nephritis,WITHDRAWN,Phase 2,"Janssen Research & Development, LLC",INDUSTRY,Nipocalimab; Placebo; Standard-of-care treatment,drug; other,,,2026-02-27,False,https://clinicaltrials.gov/study/NCT04883619
NCT04892212,Sirolimus in Treatment of Proteinuric Flares of Lupus Nephritis,UNKNOWN,"Phase 2, Phase 3",Peking Union Medical College Hospital,OTHER,Sirolimus,drug,,,2021-05-19,False,https://clinicaltrials.gov/study/NCT04892212
NCT04893161,A Model About the Response of Belimumab in SLE,UNKNOWN,Phase 4,First Affiliated Hospital Xi'an Jiaotong University,OTHER,Belimumab,drug,,,2023-09-21,False,https://clinicaltrials.gov/study/NCT04893161
NCT04894695,Urine Exosomes to Identify Biomarkers for LN,UNKNOWN,N/A,RenJi Hospital,OTHER,biomarkers detection in different groups,diagnostic_test,China,East Asia,2021-08-03,False,https://clinicaltrials.gov/study/NCT04894695
NCT04895241,A Study to Learn About the Safety of Litifilimab (BIIB059) Injections and Whether They Can Improve Symptoms of Adult Participants Who Have Systemic Lupus Erythematosus,ACTIVE_NOT_RECRUITING,Phase 3,Biogen,INDUSTRY,Litifilimab; Placebo,drug,Australia; Brazil; Bulgaria; Chile; France; Greece; Mexico; Peru; Philippines; Poland; South Korea; Spain; Sweden; Taiwan; United States,East Asia; Europe; Latin America; North America; Oceania; Other / Global; Southeast Asia,2026-02-10,False,https://clinicaltrials.gov/study/NCT04895241
NCT04895696,A Study Evaluating the Efficacy and Safety of Afimetoran Compared With Placebo in Participants With Active Systemic Lupus Erythematosus (SLE),ACTIVE_NOT_RECRUITING,Phase 2,Bristol-Myers Squibb,INDUSTRY,Afimetoran; Placebo,drug; other,Argentina; Australia; Brazil; Chile; China; Colombia; France; Germany; India; Ireland; Japan; Mexico; Poland; Puerto Rico; Romania; Spain; Taiwan; United Kingdom; United States,East Asia; Europe; Latin America; North America; Oceania; Other / Global; South Asia,2026-05-14,False,https://clinicaltrials.gov/study/NCT04895696
NCT04902807,"Conception of a Diagnosis, Prognosis and Therapeutic Decision Tool for Patients With Autoimmunity and Inflammation",RECRUITING,N/A,"Institut National de la Santé Et de la Recherche Médicale, France",OTHER_GOV,Collection of samples,biological,France,Europe,2025-09-08,False,https://clinicaltrials.gov/study/NCT04902807
NCT04907175,Individual Patient Expanded Access IND of Autologous HB-adMSCs for the Treatment of Systemic Lupus Erythematosus (SLE),NO_LONGER_AVAILABLE,N/A,Hope Biosciences Research Foundation,INDUSTRY,HB-adMSCs,biological,United States,North America,2025-09-29,False,https://clinicaltrials.gov/study/NCT04907175
NCT04908865,Open-label Study of Belimumab Plus Standard Therapy in Chinese Pediatric Participants With Active Systemic Lupus Erythematosus (SLE),COMPLETED,Phase 4,GlaxoSmithKline,INDUSTRY,Belimumab; Standard therapy,drug,China,East Asia,2026-05-11,True,https://clinicaltrials.gov/study/NCT04908865
NCT04915105,Personal Precise Treatment on Psoriasis and Psoriatic Arthritis,UNKNOWN,N/A,Taichung Veterans General Hospital,OTHER,Markers data from PBMCs,diagnostic_test,,,2021-06-07,False,https://clinicaltrials.gov/study/NCT04915105
NCT04924296,A Phase II Study to Evaluate the Efficacy and Safety of SHR-1314 in Lupus Nephritis,UNKNOWN,Phase 2,"Suzhou Suncadia Biopharmaceuticals Co., Ltd.",INDUSTRY,Placebo; SHR-1314,drug,,,2021-06-11,False,https://clinicaltrials.gov/study/NCT04924296
NCT04925934,Study of VIB7734 for the Treatment of Moderate to Severely Active SLE,COMPLETED,Phase 2,Amgen,INDUSTRY,Placebo; VIB7734,drug; other,Argentina; Greece; India; Mexico; Poland; Russia; Serbia; Spain; Taiwan; Ukraine; United States,East Asia; Europe; Latin America; North America; Other / Global; South Asia,2024-07-23,True,https://clinicaltrials.gov/study/NCT04925934
NCT04931563,Anifrolumab Asian PhIII Efficacy Study for Systemic Lupus Erythematosus (SLE),COMPLETED,Phase 3,AstraZeneca,INDUSTRY,Anifrolumab; placebo,biological; drug,China; Hong Kong; Philippines; South Korea; Taiwan; Thailand,East Asia; Other / Global; Southeast Asia,2025-10-16,False,https://clinicaltrials.gov/study/NCT04931563
NCT04942314,Practice of Treat-to-target on Pediatric Systemic Lupus Erythematosus: a Two-center Retrospective Study,UNKNOWN,N/A,Jia Deng,OTHER,,,,,2021-06-28,False,https://clinicaltrials.gov/study/NCT04942314
NCT04951427,PRediction Of Flares In Lupus With autoantibodiEs and Chemokines,UNKNOWN,N/A,UMC Utrecht,OTHER,,,Netherlands,Europe,2022-05-24,False,https://clinicaltrials.gov/study/NCT04951427
NCT04956484,Belimumab In Early Systemic Lupus Erythematosus,COMPLETED,Phase 4,Peking Union Medical College Hospital,OTHER,Belimumab; Standard of care,biological; drug,China,East Asia,2022-07-08,False,https://clinicaltrials.gov/study/NCT04956484
NCT04961567,A Study to Learn About the Safety of Litifilimab (BIIB059) Injections and Whether They Can Improve Symptoms of Adult Participants Who Have Systemic Lupus Erythematosus,ACTIVE_NOT_RECRUITING,Phase 3,Biogen,INDUSTRY,Litifilimab; Placebo,drug,Argentina; Belgium; Canada; China; Colombia; Czechia; Germany; Hungary; Israel; Italy; Japan; Netherlands; Puerto Rico; Romania; Serbia; United Kingdom; United States,East Asia; Europe; Latin America; Middle East; North America; Other / Global,2026-01-29,False,https://clinicaltrials.gov/study/NCT04961567
NCT04963296,A Study to Evaluate the Efficacy and Safety of Obinutuzumab in Participants With Systemic Lupus Erythematosus,ACTIVE_NOT_RECRUITING,Phase 3,Hoffmann-La Roche,INDUSTRY,Acetaminophen/Paracetamol; Diphenhydramine hydrochloride; Methylprednisolone; Obinutuzumab; Placebo,drug,Argentina; Brazil; Czechia; France; Italy; Mexico; New Zealand; Peru; Poland; Russia; South Africa; Spain; United Kingdom; United States,Africa; Europe; Latin America; North America; Oceania; Other / Global,2026-05-14,False,https://clinicaltrials.gov/study/NCT04963296
NCT04963881,Antiphospholipid Antibodies in Patients of Antiphospholipid Syndrome (APS) With Systemic Lupus Erythematosus (SLE).,COMPLETED,N/A,Fatima Memorial Hospital,OTHER,Antibody testing,diagnostic_test,Pakistan,South Asia,2021-07-15,False,https://clinicaltrials.gov/study/NCT04963881
NCT04970199,Cardiovascular Protective Role of Laser Acupuncture in Systemic Lupus,COMPLETED,N/A,Cairo University,OTHER,laser application on acupoints,device,Egypt,Middle East / Africa,2022-01-28,False,https://clinicaltrials.gov/study/NCT04970199
NCT04971590,"Study to Assess Demographic, Pharmacologic, Biomarker, Clinical Features and Quality of Life (QoL) of Participants With Lupus Nephritis",COMPLETED,N/A,GlaxoSmithKline,INDUSTRY,Medical chart review; Participant completed survey,other,Kuwait; Oman; Qatar; United Arab Emirates,Middle East; Other / Global,2026-01-22,True,https://clinicaltrials.gov/study/NCT04971590
NCT04976322,A Study to Evaluate the Safety and Tolerability of Dapirolizumab Pegol in Study Participants With Systemic Lupus Erythematosus,ENROLLING_BY_INVITATION,Phase 3,UCB Biopharma SRL,INDUSTRY,Dapirolizumab pegol,drug,Argentina; Belgium; Bulgaria; Canada; Chile; China; Colombia; Czechia; Germany; Greece; Hungary; Italy; Japan; Mexico; Peru; Philippines; Poland; Romania; Serbia; South Korea; Spain; Taiwan; United States,East Asia; Europe; Latin America; North America; Other / Global; Southeast Asia,2026-05-01,False,https://clinicaltrials.gov/study/NCT04976322
NCT04976465,Treatment and Clinical Outcomes Among SLE Patients in Pregnancy,RECRUITING,Phase 1,Qilu Hospital of Shandong University,OTHER,Anticoagulation; Without Anticoagulation,drug,China,East Asia,2023-11-18,False,https://clinicaltrials.gov/study/NCT04976465
NCT04983784,The Effectiveness of Walking in Patients With Systemic Lupus Erythematosus,UNKNOWN,N/A,Dalin Tzu Chi General Hospital,OTHER,Routine care; walking,behavioral; other,Taiwan,East Asia,2021-08-10,False,https://clinicaltrials.gov/study/NCT04983784
NCT04987333,"Study of Efavaleukin Alfa in Healthy Chinese, Japanese, and Caucasian Participants",COMPLETED,Phase 1,Amgen,INDUSTRY,Efavaleukin alfa,drug,United Kingdom,Europe,2024-03-29,True,https://clinicaltrials.gov/study/NCT04987333
NCT05000216,COVID-19 Booster Vaccine in Autoimmune Disease Non-Responders,TERMINATED,Phase 2,National Institute of Allergy and Infectious Diseases (NIAID),NIH,"Ad26.COV2.S; BNT162b2; BNT162b2, Bivalent; Continue IS (B cell depletion therapy); Continue IS (MMF or MPA); Continue IS (MTX); Moderna mRNA-1273; Moderna mRNA-1273, Bivalent; Monovalent [B.1.351] CoV2 preS dTM-AS03; Withhold IS (B cell depletion therapy); Withhold IS (MMF or MPA); Withhold IS (MTX)",biological; drug,United States,North America,2025-08-22,True,https://clinicaltrials.gov/study/NCT05000216
NCT05001698,Anifrolumab PK Study for Systemic Lupus Erythematosus (SLE),COMPLETED,Phase 1,AstraZeneca,INDUSTRY,Anifrolumab,biological,China,East Asia,2022-08-18,False,https://clinicaltrials.gov/study/NCT05001698
NCT05001737,"Evaluate Efficacy, Safety and Tolerability, PK and PD of Emapalumab in Children and Adults With MAS in Still's or SLE",COMPLETED,Phase 3,Swedish Orphan Biovitrum,INDUSTRY,Emapalumab,drug,Belgium; Canada; China; Czechia; France; Germany; Italy; Japan; Netherlands; Poland; Spain; United Kingdom; United States,East Asia; Europe; North America,2026-02-19,True,https://clinicaltrials.gov/study/NCT05001737
NCT05007340,ILD-SARDs Registry and Biorepository,RECRUITING,N/A,McGill University Health Centre/Research Institute of the McGill University Health Centre,OTHER,"Blood draws; Clinical data collection; Genetic data/DNA/RNA; Other biological samples to biobank (skin, lung and muscle biopsies; bronchoalveolar lavage (BAL fluid)",other,Canada,North America,2021-09-09,False,https://clinicaltrials.gov/study/NCT05007340
NCT05015465,AS-OCT Study of Cornea and Tear Film Parameters in Juvenile SLE Patients,UNKNOWN,N/A,Minia University,OTHER,Anterior Segment OCT,diagnostic_test,Egypt,Middle East / Africa,2021-08-20,False,https://clinicaltrials.gov/study/NCT05015465
NCT05017142,Swiss Pediatric Inflammatory Brain Disease Registry (Swiss-Ped-IBrainD),RECRUITING,N/A,University of Bern,OTHER,,,Switzerland,Europe,2024-12-16,False,https://clinicaltrials.gov/study/NCT05017142
NCT05029336,Autologous Stem Cell Transplant (ASCT) for Autoimmune Diseases,RECRUITING,Phase 2,Stephan Grupp MD PhD,OTHER,Depletion of CD3/CD19 in an autologous stem cell transplant,biological,United States,North America,2025-10-14,False,https://clinicaltrials.gov/study/NCT05029336
NCT05030779,A Study of CD19/BCMA Chimeric Antigen Receptor T Cells Therapy for Patients With Refractory Systemic Lupus Erythematosus,UNKNOWN,Early Phase 1,Zhejiang University,OTHER,Assigned Interventions CD19/BCMA CAR T-cells,biological,China,East Asia,2021-09-01,False,https://clinicaltrials.gov/study/NCT05030779
NCT05039619,"A Study to Evaluate the Efficacy, Safety, and Pharmacokinetics of Obinutuzumab in Adolescents With Active Class III or IV Lupus Nephritis and the Safety and PK of Obinutuzumab in Pediatric Participants",RECRUITING,Phase 2,Hoffmann-La Roche,INDUSTRY,Acetaminophen/paracetamol; Diphenhydramine hydrochloride (HCl); Methylprednisolone; Mycophenolate Mofetil; Obinutuzumab; Placebo; Prednisone,drug,Brazil; Canada; France; Italy; Mexico; Peru; Poland; Russia; South Africa; Spain; United Kingdom; United States,Africa; Europe; Latin America; North America; Other / Global,2026-05-04,False,https://clinicaltrials.gov/study/NCT05039619
NCT05039840,Efficacy and Safety of Frexalimab (SAR441344) in the Treatment of Systemic Lupus Erythematosus,ACTIVE_NOT_RECRUITING,Phase 2,Sanofi,INDUSTRY,Placebo IV; Placebo SC; SAR441344 IV; SAR441344 SC,drug,Argentina; Brazil; Chile; Georgia; Greece; Hungary; Italy; Mauritius; Mexico; Puerto Rico; Russia; Spain; Switzerland; Turkey (Türkiye); Ukraine; United States,Europe; Latin America; North America; Other / Global,2026-03-27,False,https://clinicaltrials.gov/study/NCT05039840
NCT05045417,IL17 in Systemic Lupus Erythematosus Patients: Association With Disease Activity and Organ Damage,UNKNOWN,N/A,Sohag University,OTHER,Serum level of IL-17,diagnostic_test,Egypt,Middle East / Africa,2021-09-16,False,https://clinicaltrials.gov/study/NCT05045417
NCT05048238,Evaluation of Tofacitinib in Prevention of Photosensitivity in Lupus,COMPLETED,Phase 1,National Institute of Allergy and Infectious Diseases (NIAID),NIH,Tofacitinib,drug,United States,North America,2025-08-22,True,https://clinicaltrials.gov/study/NCT05048238
NCT05057481,Reappraisal of the Therapies of Refractory Autoimmune Hemolytic Anemia in Systemic Lupus Erythematosus,UNKNOWN,Phase 3,Assiut University,OTHER,Mycophenolate Mofetil 500mg; Rituximab,drug,Egypt,Middle East / Africa,2021-10-27,False,https://clinicaltrials.gov/study/NCT05057481
NCT05063513,Autologous Stem Cell Transplantation: International Lupus Trial,WITHDRAWN,"Phase 2, Phase 3",European Society for Blood and Marrow Transplantation,NETWORK,Autologous Hematopoietic Stem Cell Transplantation; Rituximab,biological; drug,France,Europe,2023-09-13,False,https://clinicaltrials.gov/study/NCT05063513
NCT05082363,The Expression Profile of New Complement Components in Childhood Lupus Nephritis,UNKNOWN,N/A,Assiut University,OTHER,C4d evaluation in lupus nephritis in serum and renal tissue,combination_product,,,2021-10-18,False,https://clinicaltrials.gov/study/NCT05082363
NCT05085418,A Study of CD19/BCMA Chimeric Antigen Receptor T Cells Therapy for Patients With Refractory Immune Nephritis,UNKNOWN,Early Phase 1,Zhejiang University,OTHER,Assigned Interventions CD19/BCMA CAR T-cells,biological,China,East Asia,2021-10-20,False,https://clinicaltrials.gov/study/NCT05085418
NCT05087628,PRV-3279-2a Trial in Systemic Lupus,TERMINATED,Phase 2,"Provention Bio, a Sanofi Company",INDUSTRY,PRV-3279; Placebo,biological; other,China; Hong Kong; Puerto Rico; United States,East Asia; North America; Other / Global,2026-04-03,True,https://clinicaltrials.gov/study/NCT05087628
NCT05090189,Exercise and Nutrition Recommendations for Patients Using Glucocorticoids (ENRG),UNKNOWN,N/A,Bruno Gualano,OTHER,Exercise Training,other,Brazil,Latin America,2021-10-22,False,https://clinicaltrials.gov/study/NCT05090189
NCT05097989,Study of ALXN2050 in Proliferative Lupus Nephritis (LN) or Immunoglobulin A Nephropathy (IgAN),TERMINATED,Phase 2,"Alexion Pharmaceuticals, Inc.",INDUSTRY,ALXN2050; Placebo,drug,Argentina; Australia; Brazil; China; Germany; Israel; Italy; Mexico; Serbia; South Korea; Spain; Taiwan; Thailand; Turkey (Türkiye); United Kingdom; United States,East Asia; Europe; Latin America; Middle East; North America; Oceania; Other / Global; Southeast Asia,2025-10-15,True,https://clinicaltrials.gov/study/NCT05097989
NCT05101447,Pharmacokinetically-driven Dosing of Mycophenolate Mofetil for the Treatment of Pediatric Proliferative Lupus Nephritis,WITHDRAWN,Phase 2,"Children's Hospital Medical Center, Cincinnati",OTHER,Mycophenolate Mofetil,drug,,,2023-08-30,False,https://clinicaltrials.gov/study/NCT05101447
NCT05105217,Evaluation of Slit2 in Systemic Lupus Erythematosus and Systemic Sclerosis Patients,UNKNOWN,N/A,Assiut University,OTHER,Slit2 biomarker,other,,,2021-11-03,False,https://clinicaltrials.gov/study/NCT05105217
NCT05106998,NFC Changes in SLE Patients and Its Correlation With Anti-U1RNPAntibodies and Disease Activity,UNKNOWN,N/A,Assiut University,OTHER,nailfold capillaroscopy,device,,,2021-12-14,False,https://clinicaltrials.gov/study/NCT05106998
NCT05111158,MFERG Study of HCQ Retinopathy in Lupus Nephritis Patients: A Randomized Controlled Clinical Trial,UNKNOWN,N/A,Minia University,OTHER,mfERG,diagnostic_test,Egypt,Middle East / Africa,2021-11-08,False,https://clinicaltrials.gov/study/NCT05111158
NCT05115370,"Vaccination Perception in Inflammatory Conditions - Flu, Pneumonia and COVID-19",COMPLETED,N/A,University of Nottingham,OTHER,Semi-structured qualitative interview,other,United Kingdom,Europe,2022-04-15,False,https://clinicaltrials.gov/study/NCT05115370
NCT05116163,Breaking Implicit Bias Habits: An Individuation Pilot Study In Rheumatology,COMPLETED,N/A,Brigham and Women's Hospital,OTHER,Implicit bias educational modules; Individuation Intervention plus implicit bias educational modules,behavioral; other,United States,North America,2025-11-12,True,https://clinicaltrials.gov/study/NCT05116163
NCT05120882,Epidemiology of Lupus Nephritis in Nephrology Unit in Assiut University Hospital,UNKNOWN,N/A,Assiut University,OTHER,,,,,2021-11-15,False,https://clinicaltrials.gov/study/NCT05120882
NCT05123586,A IMMA Master Protocol: A Study of LY3361237 in Participants With at Least Moderately Active Systemic Lupus Erythematosus,TERMINATED,Phase 2,Eli Lilly and Company,INDUSTRY,LY3361237; Placebo,drug,Argentina; Czechia; France; Mexico; Poland; Puerto Rico; Taiwan; United States,East Asia; Europe; Latin America; North America; Other / Global,2025-01-20,True,https://clinicaltrials.gov/study/NCT05123586
NCT05126277,"Safety, Efficacy and Tolerability of Ianalumab Versus Placebo, Combination With SoC Therapy, in Participants With Active Lupus Nephritis",RECRUITING,Phase 3,Novartis Pharmaceuticals,INDUSTRY,ianalumab s.c. q12w; ianalumab s.c. q4w; placebo s.c.,drug,Argentina; Brazil; Canada; Chile; China; Colombia; Czechia; Estonia; France; Germany; Guatemala; Hong Kong; Hungary; India; Italy; Lithuania; Malaysia; Mexico; Romania; Singapore; South Korea; Spain; Taiwan; Thailand; United Kingdom; United States; Vietnam,East Asia; Europe; Latin America; North America; Other / Global; South Asia; Southeast Asia,2026-03-18,False,https://clinicaltrials.gov/study/NCT05126277
NCT05127980,Occurrence of Antibodies Cross-reacting With Autoantigens in Primary EBV Infection,RECRUITING,N/A,"University Hospital, Basel, Switzerland",OTHER,"Data collection: Participant characteristics (Illness course, complications of primary EBV infection and provided treatments); Data collection: Patient reported outcome (Fatigue questionnaires); Data collection: blood samples (analysed for EBV serology, auto-antibody-testing/biobanking, RNA expression analyses, procalcitonin)",other,Switzerland,Europe,2025-02-25,False,https://clinicaltrials.gov/study/NCT05127980
NCT05132621,The Genital Tract Microflora in Women With Systemic Lupus Erythematosus (SLE) and Immunoglobulin A (IgA) Nephropathy.,UNKNOWN,N/A,Medical University of Warsaw,OTHER,Smear,diagnostic_test,Poland,Europe,2021-11-24,False,https://clinicaltrials.gov/study/NCT05132621
NCT05138133,Phase 3 Study of Anifrolumab in Adult Patients With Active Proliferative Lupus Nephritis,ACTIVE_NOT_RECRUITING,Phase 3,AstraZeneca,INDUSTRY,Anifrolumab; Placebo,drug,Argentina; Belgium; Brazil; Bulgaria; China; Colombia; France; Germany; Hungary; India; Italy; Japan; Malaysia; Mexico; Netherlands; Peru; Poland; Puerto Rico; Russia; Taiwan; Thailand; Turkey (Türkiye); United States; Vietnam,East Asia; Europe; Latin America; North America; Other / Global; South Asia; Southeast Asia,2026-02-24,False,https://clinicaltrials.gov/study/NCT05138133
NCT05140824,"A Study to Evaluate the Safety, Tolerability, and PK Profile of Single and Multiple Doses TJ202 in Patient With Systemic Lupus Erythematosus",TERMINATED,Phase 1,"TJ Biopharma Co., Ltd.",INDUSTRY,Placebo; TJ202 injection,biological; drug,China,East Asia,2024-04-15,False,https://clinicaltrials.gov/study/NCT05140824
NCT05141201,SAPHNELO Systemic Lupus Erythematosus Japan Post-Marketing Surveillance (PMS),ACTIVE_NOT_RECRUITING,N/A,AstraZeneca,INDUSTRY,,,Japan,East Asia,2026-03-19,False,https://clinicaltrials.gov/study/NCT05141201
NCT05146414,Clonal Hematopoiesis of Indeterminate Potential and Accelerated Atherosclerosis in Systemic Lupus Erythematosus,COMPLETED,N/A,Assistance Publique - Hôpitaux de Paris,OTHER,,,France,Europe,2021-12-06,False,https://clinicaltrials.gov/study/NCT05146414
NCT05155345,"A Study to Evaluate the Safety, Tolerability, Pharmacokinetics, and Pharmacodynamics of Subcutaneously Administered Mosunetuzumab to Participants With Systemic Lupus Erythematosus",COMPLETED,Phase 1,Hoffmann-La Roche,INDUSTRY,Mosunetuzumab; Tocilizumab,drug,Moldova; Poland; United States,Europe; North America; Other / Global,2025-04-29,False,https://clinicaltrials.gov/study/NCT05155345
NCT05157334,The Effect of Deep Breathing and Transcutaneus Electrical Nerve Stimulation on Heart Rate Variability,UNKNOWN,N/A,Aalborg University Hospital,OTHER,Deep breathing; Non-invasive auricular electrical transcutaneous vagus nerve stimulation,device; other,Denmark,Europe,2021-12-15,False,https://clinicaltrials.gov/study/NCT05157334
NCT05162586,The WILLOW Study With M5049 in SLE and CLE (SCLE and/or DLE) (WILLOW),COMPLETED,Phase 2,"EMD Serono Research & Development Institute, Inc.",INDUSTRY,Enpatoran high dose; Enpatoran low dose; Enpatoran medium dose; Placebo,drug,Argentina; Australia; Brazil; Bulgaria; Chile; China; Colombia; Greece; Israel; Japan; Mauritius; Mexico; Moldova; Philippines; Poland; Romania; Serbia; South Africa; South Korea; Spain; Taiwan; United States,Africa; East Asia; Europe; Latin America; Middle East; North America; Oceania; Other / Global; Southeast Asia,2025-12-01,True,https://clinicaltrials.gov/study/NCT05162586
NCT05176041,SLE Therapy Changes in Pregnancy and Relation to Pregnancy Outcome,COMPLETED,N/A,University of Jordan,OTHER,Naser Al-Husban,other,,,2022-01-04,False,https://clinicaltrials.gov/study/NCT05176041
NCT05179018,Clinical and Diagnostic Value of Ribosomal p2 Autoantibodies in Systemic Lupus Erythematosus,UNKNOWN,N/A,Assiut University,OTHER,Ribosomal p2 Autoantibodies as a Serum marker,diagnostic_test,,,2022-02-24,False,https://clinicaltrials.gov/study/NCT05179018
NCT05193591,"Anti-C1s, Anti-HMGB1 and Anti-C1q Autoantibodies in Systemic Lupus Erythematosus (DYSALARM-322)",RECRUITING,N/A,"University Hospital, Grenoble",OTHER,Autoantibodies evaluation in lupus,other,France,Europe,2024-08-30,False,https://clinicaltrials.gov/study/NCT05193591
NCT05195086,A Pharmacoeconomic Study Comparing the Use of Mycophenolate Mofetil or Cyclophosphamide as Induction Therapy in Lupus Nephritis Patients in Egypt,COMPLETED,N/A,Nada Magdy Mansour,OTHER,cellcept; endoxan,drug,Egypt,Middle East / Africa,2022-01-18,False,https://clinicaltrials.gov/study/NCT05195086
NCT05201469,VIBRANT: VIB4920 for Active Lupus Nephritis,RECRUITING,Phase 2,National Institute of Allergy and Infectious Diseases (NIAID),NIH,Placebo for VIB4920; VIB4920,drug,United States,North America,2025-12-19,False,https://clinicaltrials.gov/study/NCT05201469
NCT05203419,Multiple Ascending Dose Study of MHS552 in Adults Participants With Systemic Lupus Erythematosus (SLE),TERMINATED,Phase 1,Novartis Pharmaceuticals,INDUSTRY,MHS552; Placebo,drug,Germany,Europe,2024-10-09,False,https://clinicaltrials.gov/study/NCT05203419
NCT05203692,A Study of a Single Ascending Dose Study of DS-7011a in Healthy Subjects,COMPLETED,Phase 1,Daiichi Sankyo,INDUSTRY,DS-7011a; Placebo,drug,United States,North America,2023-04-11,False,https://clinicaltrials.gov/study/NCT05203692
NCT05207358,Minimizing Glucocorticoid Administration in Patients With Proliferative Lupus Nephritis,RECRUITING,Phase 4,Institutul Clinic Fundeni,OTHER,Corticosteroids; Cyclophosphamide; Mycophenolate Mofetil; Rituximab,drug,Romania,Europe,2022-03-03,False,https://clinicaltrials.gov/study/NCT05207358
NCT05230316,Gynecological Symptoms and Health-related Quality of Life in Egyptian Women With SLE,UNKNOWN,N/A,Fayoum University,OTHER,,,Egypt,Middle East / Africa,2023-05-01,False,https://clinicaltrials.gov/study/NCT05230316
NCT05232864,"Open-label Extension Study of Efficacy, Safety and Tolerability of Secukinumab in Patients With Active Lupus Nephritis",TERMINATED,Phase 3,Novartis Pharmaceuticals,INDUSTRY,Secukinumab,drug,Australia; Brazil; Colombia; Czechia; Guatemala; Japan; Philippines; Portugal; Slovakia; South Korea; Spain; Thailand; Vietnam,East Asia; Europe; Latin America; Oceania; Other / Global; Southeast Asia,2025-05-16,True,https://clinicaltrials.gov/study/NCT05232864
NCT05236491,COvid-19 Vaccine Booster in Immunocompromised Rheumatic Diseases,UNKNOWN,"Phase 2, Phase 3",Paul R Fortin,OTHER,COVID-19 vaccine,biological,Canada,North America,2023-01-17,False,https://clinicaltrials.gov/study/NCT05236491
NCT05243875,Lupus Education Alliance Program,TERMINATED,N/A,Tulane University,OTHER,LEAP Education; LEAP Education + Navigation,behavioral,United States,North America,2025-08-03,False,https://clinicaltrials.gov/study/NCT05243875
NCT05247203,Telitacicept Study in Chinese Subjects With Systemic Lupus Erythematosus,COMPLETED,Phase 1,"RemeGen Co., Ltd.",INDUSTRY,Telitacicept; standard therapy,biological; drug,China,East Asia,2023-12-06,False,https://clinicaltrials.gov/study/NCT05247203
NCT05251415,Clinico-biological Collection to Investigate the Physiopathology of Systemic Autoimmune Diseases,RECRUITING,N/A,"University Hospital, Toulouse",OTHER,Blood sampling,biological,France,Europe,2026-03-17,False,https://clinicaltrials.gov/study/NCT05251415
NCT05253638,Evaluation Of Serum MIF Level in SLE Patients,UNKNOWN,N/A,Assiut University,OTHER,Macrophage migration inhibitory factor,diagnostic_test,,,2022-02-24,False,https://clinicaltrials.gov/study/NCT05253638
NCT05260255,Effect of Vitamin D Supplement on Disease Activity in SLE,COMPLETED,N/A,Department of Medical Services Ministry of Public Health of Thailand,OTHER_GOV,Placebo; vitamin D2 ( calciferol ),drug,Thailand,Southeast Asia,2025-01-06,False,https://clinicaltrials.gov/study/NCT05260255
NCT05261529,Effects of an Intervention With EVOO and Physical Activity in Patients With Systemic Lupus Erythematosus,UNKNOWN,N/A,Universidad de Granada,OTHER,Extra Virgin Olive Oil (EVOO); Physical Exercise Program,behavioral; dietary_supplement,Spain,Europe,2022-12-20,False,https://clinicaltrials.gov/study/NCT05261529
NCT05262686,Efficacy and Immunological Evaluation of Belimumab Plus Low Dose IL-2 in the Treatment of Systemic Lupus Erythematosus,UNKNOWN,Phase 3,Peking University People's Hospital,OTHER,Belimumab; Interleukin-2,drug,China,East Asia,2022-03-25,False,https://clinicaltrials.gov/study/NCT05262686
NCT05268289,"Study of Efficacy and Safety of LNP023 in Participants With Active Lupus Nephritis Class III-IV, +/- V",RECRUITING,Phase 2,Novartis Pharmaceuticals,INDUSTRY,Iptacopan (part 1); Iptacopan (part 2); Iptacopan + placebo; Placebo + standard of care,drug,Argentina; Brazil; China; Colombia; France; Germany; Hong Kong; Hungary; India; Israel; Malaysia; Mexico; Philippines; Portugal; Puerto Rico; Singapore; Spain; Turkey (Türkiye); United Kingdom; United States,East Asia; Europe; Latin America; Middle East; North America; Other / Global; South Asia; Southeast Asia,2026-04-20,False,https://clinicaltrials.gov/study/NCT05268289
NCT05275348,Delivery of Enhance Fitness Trial,UNKNOWN,N/A,University of Washington,OTHER,In-person Enhance Fitness; Tele-Enhance Fitness,behavioral,United States,North America,2022-03-11,False,https://clinicaltrials.gov/study/NCT05275348
NCT05278663,"A Study to Assess the Safety, Tolerability, and Pharmacokinetics of E6742 in Systemic Lupus Erythematosus Participants",COMPLETED,"Phase 1, Phase 2","Eisai Co., Ltd.",INDUSTRY,E6742; Placebo,drug; other,Japan,East Asia,2023-09-29,False,https://clinicaltrials.gov/study/NCT05278663
NCT05287581,Motivating Individuals With Lupus to Exercise,COMPLETED,N/A,University of Michigan,OTHER,MOVES,behavioral,United States,North America,2024-02-08,False,https://clinicaltrials.gov/study/NCT05287581
NCT05288855,Voclosporin in Adolescent and Pediatric Subjects With Lupus Nephritis,TERMINATED,Phase 3,Aurinia Pharmaceuticals Inc.,INDUSTRY,Placebo Oral Capsule; Voclosporin,drug,Colombia; Japan; Mexico; Thailand; United States,East Asia; Latin America; North America; Southeast Asia,2026-02-10,False,https://clinicaltrials.gov/study/NCT05288855
NCT05289544,Phone-Based Based Walk With Ease Program for Adults With Arthritis,COMPLETED,N/A,University of South Carolina,OTHER,Phone-Based Walk With Ease,behavioral,United States,North America,2026-03-06,True,https://clinicaltrials.gov/study/NCT05289544
NCT05292456,Monıtorıng Glucocortıcoıd Treatment In Patıents Followed In Rheumatology Clınıc,UNKNOWN,N/A,Hacettepe University,OTHER,,,Turkey (Türkiye),Other / Global,2022-08-03,False,https://clinicaltrials.gov/study/NCT05292456
NCT05306574,A Study of Telitacicept for the Treatment of Moderately to Severely Active Systemic Lupus Erythematosus (REMESLE-1),TERMINATED,Phase 3,Vor Biopharma,INDUSTRY,Placebo; Telitacicept,biological,Argentina; Australia; Bulgaria; Chile; Colombia; Germany; Guatemala; Hungary; Mauritius; Mexico; Philippines; Poland; Puerto Rico; Spain; United States,Europe; Latin America; North America; Oceania; Other / Global; Southeast Asia,2026-01-09,False,https://clinicaltrials.gov/study/NCT05306574
NCT05306873,Examining Distinct Immunophenotypes to Validate and Enhance Rational Treatment in Systemic Lupus,TERMINATED,Phase 2,National Institute of Allergy and Infectious Diseases (NIAID),NIH,Mycophenolate Mofetil; Placebo for Mycophenolate Mofetil; Placebo for Voclosporin; Voclosporin,drug,United States,North America,2025-09-09,True,https://clinicaltrials.gov/study/NCT05306873
NCT05314231,Safety and Pharmacokinetic Study of Subcutaneous ALXN1720 in Participants With Proteinuria,COMPLETED,Phase 1,"Alexion Pharmaceuticals, Inc.",INDUSTRY,ALXN1720,drug,South Korea,Other / Global,2023-06-29,False,https://clinicaltrials.gov/study/NCT05314231
NCT05314881,NCF Gene & TNFSF4 in SLE Patients,UNKNOWN,N/A,Assiut University,OTHER,"TNFS4, NCF gene",genetic,,,2022-04-06,False,https://clinicaltrials.gov/study/NCT05314881
NCT05315739,Vagus Nerve Stimulation for Systemic Lupus Erythematous,COMPLETED,N/A,"Rigshospitalet, Denmark",OTHER,Non-invasive transcutaneous vagus nerve stimulation (tVNS); Sham vagus nerve stimulation,device,Denmark,Europe,2025-09-26,False,https://clinicaltrials.gov/study/NCT05315739
NCT05321108,"Aerobic Exercise Versus Whole-Body Vibration on Fatigue, Functional Capacity, Quality of Life in Systemic Lupus",UNKNOWN,N/A,Cairo University,OTHER,Group A (GA)(Aerobic exercise group); Group B (GB) (Whole-body vibration (WBV) group),other,Egypt,Middle East / Africa,2023-08-31,False,https://clinicaltrials.gov/study/NCT05321108
NCT05326841,Effect of Cholecalciferol Supplementation on Disease Activity and Quality of Life of Systemic Lupus Erythematosus Patients .,COMPLETED,Phase 3,Dr Cipto Mangunkusumo General Hospital,OTHER,Vitamin D3,drug,Indonesia,Southeast Asia,2022-04-14,False,https://clinicaltrials.gov/study/NCT05326841
NCT05328557,"A Phase Ia Study to Evaluate the Safety, Tolerability, Pharmacokinetics and Pharmacodynamics of Subcutaneously Administered CUG252 in Normal Healthy Volunteers",COMPLETED,Phase 1,Cugene Inc.,INDUSTRY,CUG252; Placebo,drug,United States,North America,2025-02-20,False,https://clinicaltrials.gov/study/NCT05328557
NCT05329831,Effects of Telehealth Initiative on Lupus Patients,COMPLETED,N/A,Selcuk University,OTHER,Structured training using telehealth,behavioral,Turkey (Türkiye),Other / Global,2022-10-26,False,https://clinicaltrials.gov/study/NCT05329831
NCT05337124,A Prospective Observational Registry of Patients Treated With LUPKYNIS® (Voclosporin) in the US,COMPLETED,N/A,Aurinia Pharmaceuticals Inc.,INDUSTRY,LUPKYNIS,drug,United States,North America,2025-06-24,False,https://clinicaltrials.gov/study/NCT05337124
NCT05339217,Efficacy and Immunological Evaluation of Telitacicept and Low Dose IL2 in the Treatment of Systemic Lupus Erythematosus,UNKNOWN,Phase 3,Liu Tian,OTHER,Interleukin-2; Telitacicept,drug,China,East Asia,2024-04-03,False,https://clinicaltrials.gov/study/NCT05339217
NCT05345899,Evaluation of Plasma Vitamin C Levels in a Population of Chronic Rheumatism in Immuno-Rheumatology,UNKNOWN,N/A,Centre Hospitalier Universitaire de Nice,OTHER,Evaluation of quality of life; Evaluation of vitamin C level in plasma,diagnostic_test; other,France,Europe,2024-02-09,False,https://clinicaltrials.gov/study/NCT05345899
NCT05347992,ELEVATE - (Empower Lupus Erythematosus Patients Via Allowing RemoTe Evaluation),COMPLETED,N/A,DxTerity Diagnostics,INDUSTRY,,,United States,North America,2025-01-07,False,https://clinicaltrials.gov/study/NCT05347992
NCT05352919,An Extension Study to Learn More About the Long-Term Safety of Litifilimab (BIIB059) Injections and Whether They Can Improve Symptoms of Adult Participants Who Have Systemic Lupus Erythematosus,ENROLLING_BY_INVITATION,Phase 3,Biogen,INDUSTRY,Litifilimab; Litifilimab-matching placebo,drug,Argentina; Belgium; Brazil; Bulgaria; Chile; China; Colombia; Czechia; France; Greece; Hungary; Israel; Italy; Japan; Mexico; Peru; Philippines; Poland; Puerto Rico; Romania; Serbia; South Korea; Spain; Taiwan; United Kingdom; United States,East Asia; Europe; Latin America; Middle East; North America; Other / Global; Southeast Asia,2026-05-08,False,https://clinicaltrials.gov/study/NCT05352919
NCT05358652,Precision Medicine in LN: A Multicenter Proof-of-concept Study for Histopathological Biomarkers Analysis in Renal Biopsy,UNKNOWN,N/A,Fundacin Biomedica Galicia Sur,OTHER,,,Spain,Europe,2022-05-03,False,https://clinicaltrials.gov/study/NCT05358652
NCT05362812,Prediction of Lupus Renal Flares Study,UNKNOWN,N/A,"Charite University, Berlin, Germany",OTHER,,,Germany,Europe,2022-05-10,False,https://clinicaltrials.gov/study/NCT05362812
NCT05379725,Mediterranean vs. High-Fermented-Food Diet Adherence on Inflammation in Lupus,TERMINATED,N/A,University of Florida,OTHER,High Fermented Food Dietary Pattern; Mediterranean Dietary Pattern,other,United States,North America,2025-06-26,False,https://clinicaltrials.gov/study/NCT05379725
NCT05381545,Laser Puncture and Program of Lifestyle Modification in Lupus Females,UNKNOWN,N/A,Cairo University,OTHER,"energy expenditure programming and low-calories recommended diet programming; laser puncture, energy expenditure programming, and low-calories recommended diet programming",behavioral,Egypt,Middle East / Africa,2022-05-19,False,https://clinicaltrials.gov/study/NCT05381545
NCT05392790,Progressive Resisted Exercise Plus Aerobic Exercise on Osteoporotic Systemic Lupus Erythmatosus,COMPLETED,N/A,Cairo University,OTHER,Aerobic exercises; Calcium and Vit D; Progressive resisted exercise training,drug; other,Egypt,Middle East / Africa,2024-09-20,False,https://clinicaltrials.gov/study/NCT05392790
NCT05394922,Glycosylation Analysis of Lupus Anti-DNA Antibodies (GALA),RECRUITING,N/A,"University Hospital, Montpellier",OTHER,,,France,Europe,2024-08-05,False,https://clinicaltrials.gov/study/NCT05394922
NCT05402735,Value of Uric Acid as Early Predictor of Lupus Nephritis,UNKNOWN,N/A,Assiut University,OTHER,Serum uric acid level,diagnostic_test,Egypt,Middle East / Africa,2022-06-02,False,https://clinicaltrials.gov/study/NCT05402735
NCT05411016,A Study of KK4277 in Healthy Volunteers and Patients With Systemic Lupus Erythematosus and Cutaneous Lupus Erythematosus,ACTIVE_NOT_RECRUITING,Phase 1,"Kyowa Kirin Co., Ltd.",INDUSTRY,KK4277; Placebo,drug,Japan; South Korea,East Asia; Other / Global,2025-09-19,False,https://clinicaltrials.gov/study/NCT05411016
NCT05418855,Clinical Characteristics and Outcomes of SLE Patients Admitted to Critical Care Unit,UNKNOWN,N/A,Assiut University,OTHER,,,,,2022-06-14,False,https://clinicaltrials.gov/study/NCT05418855
NCT05424627,Myeloid Derived Suppressor Cells in Systemic Lupus Erythematosus,NOT_YET_RECRUITING,N/A,"Central Hospital, Nancy, France",OTHER,,,France,Europe,2022-06-21,False,https://clinicaltrials.gov/study/NCT05424627
NCT05426902,Utilizing Qualitative and Quantitative Methods to Understand a New Model of Type 1 and 2 Systemic Lupus Erythematosus (SLE),COMPLETED,N/A,Duke University,OTHER,SLE@Duke,behavioral,United States,North America,2023-09-14,True,https://clinicaltrials.gov/study/NCT05426902
NCT05430087,Vitamin D and Curcumin Piperine Attenuates Disease Activity and Cytokine Levels in Systemic Lupus Erythematosus Patients,COMPLETED,Phase 2,Saiful Anwar Hospital,OTHER,Observe the clinical outcome and inflammatory cytokines levels in patients with systemic lupus erythematosus (SLE) after being supplemented with Cholecalciferol (Vitamin D3) and Curcumin-Piperine.,drug,Indonesia,Southeast Asia,2022-06-24,False,https://clinicaltrials.gov/study/NCT05430087
NCT05430854,Study of Daxdilimab (HZN-7734) for the Treatment of Systemic Lupus Erythematosus in an Open-label Extension Study,TERMINATED,Phase 2,Amgen,INDUSTRY,Daxdilimab,biological,Argentina; Greece; India; Mexico; Poland; Serbia; Spain; Taiwan; United States,East Asia; Europe; Latin America; North America; South Asia,2024-09-19,True,https://clinicaltrials.gov/study/NCT05430854
NCT05432531,Efficiency of Use of Baracetinib in Treatment of Lupus Nephritis,UNKNOWN,Phase 3,Assiut University,OTHER,"Anti JAK1,2; Cyclophosphamid",drug,Egypt,Middle East / Africa,2023-01-04,False,https://clinicaltrials.gov/study/NCT05432531
NCT05433857,Probiotics in Systemic Lupus Erythematosus,COMPLETED,Phase 2,Ain Shams University,OTHER,Lacteol forte capsules,drug,Egypt,Middle East / Africa,2025-11-19,False,https://clinicaltrials.gov/study/NCT05433857
NCT05440422,The Role of Anifrolumab in Improving Markers of Vascular Risk in Patients With Systemic Lupus Erythematosus (SLE) - IFN-CVD,RECRUITING,Phase 2,National Institute of Arthritis and Musculoskeletal and Skin Diseases (NIAMS),NIH,Placebo; anifrolumab,drug; other,United States,North America,2026-04-06,False,https://clinicaltrials.gov/study/NCT05440422
NCT05443516,Disease Activity Biomarkers in Patients With Systemic Lupus Erythematosus,RECRUITING,N/A,Cliniques universitaires Saint-Luc- Université Catholique de Louvain,OTHER,,,Belgium,Europe,2022-07-05,False,https://clinicaltrials.gov/study/NCT05443516
NCT05451277,At the Heart of the Matter - Speckle Tracking Echocardiography in Lupus Mothers and Their Offspring,UNKNOWN,N/A,Evelyne Vinet,OTHER,,,Canada,North America,2022-08-11,False,https://clinicaltrials.gov/study/NCT05451277
NCT05453422,"Self-Acupressure on Pain, Fatigue and Sleep Quality in Systemic Lupus Erythematosus",UNKNOWN,N/A,Istanbul Sabahattin Zaim University,OTHER,Self-Acupressure,other,Turkey (Türkiye),Other / Global,2022-07-12,False,https://clinicaltrials.gov/study/NCT05453422
NCT05458531,Monitoring of Inflammatory Conditions,COMPLETED,N/A,University of Nottingham,OTHER,Questionnaire; Semi-structured interview,other,United Kingdom,Europe,2024-02-28,False,https://clinicaltrials.gov/study/NCT05458531
NCT05458622,"3TR (Taxonomy, Treatment, Targets and Remission) Systemic Lupus Erithematosus Study Protocol",ACTIVE_NOT_RECRUITING,Phase 3,"University Hospital, Brest",OTHER,Blood sample; Saliva sample; Stood sample; Tissue sample; Urine sample,biological; procedure,France,Europe,2025-01-23,False,https://clinicaltrials.gov/study/NCT05458622
NCT05465707,A Study of CM313 Injection in Subjects With Systemic Lupus Erythematosus,UNKNOWN,"Phase 1, Phase 2",Keymed Biosciences Co.Ltd,INDUSTRY,CM313 16 mg/kg; CM313 2 mg/kg; CM313 4 mg/kg; CM313 8 mg/kg; Placebo,biological,,,2022-07-20,False,https://clinicaltrials.gov/study/NCT05465707
NCT05470569,Argentinian Prospective Registry of Patients With Lupus,RECRUITING,N/A,Sociedad Argentina de Reumatologia,OTHER,,,Argentina,Latin America,2022-07-22,False,https://clinicaltrials.gov/study/NCT05470569
NCT05474885,BCMA-CD19 cCAR T Cell Treatment of Relapsed/Refractory Systemic Lupus Erythematosus (SLE),UNKNOWN,Phase 1,iCell Gene Therapeutics,INDUSTRY,BCMA-CD19 cCAR T cells,biological,China,East Asia,2022-07-26,False,https://clinicaltrials.gov/study/NCT05474885
NCT05478018,Type 1 Interferon Induced Changes to Exercise Adaptations in Systemic Lupus Erythematosus Patients,COMPLETED,N/A,"Rigshospitalet, Denmark",OTHER,High Intensity Interval Training (HIIT),behavioral,Denmark,Europe,2025-09-09,False,https://clinicaltrials.gov/study/NCT05478018
NCT05495893,MMF Versus CYC in the Induction Therapy of Pediatric Active Proliferative LN,UNKNOWN,Phase 4,Second Xiangya Hospital of Central South University,OTHER,Cyclophosphamide; Mycophenolate Mofetil,drug,China,East Asia,2022-08-10,False,https://clinicaltrials.gov/study/NCT05495893
NCT05504187,"Study to Evaluate Safety, Tolerability and Pharmacodynamics of KP104 in Participants With Thrombotic Microangiopathy Secondary to Systemic Lupus Erythematosus",NOT_YET_RECRUITING,Phase 2,"Kira Pharmacenticals (US), LLC.",INDUSTRY,KP104,drug,,,2024-10-28,False,https://clinicaltrials.gov/study/NCT05504187
NCT05506033,Optimization of Glucocorticoid Taper Strategies for SLE-ITP,UNKNOWN,N/A,Fujian Medical University Union Hospital,OTHER,rapid GCs taper,procedure,China,East Asia,2022-08-25,False,https://clinicaltrials.gov/study/NCT05506033
NCT05508009,Early Trial of Allogeneic Hematopoietic Stem Cell Transplantation for Patients Who Will Receive a Kidney Transplant From the Same Donor,RECRUITING,"Phase 1, Phase 2",Alice Bertaina,OTHER,ATG; CliniMACS® TCR α/β Reagent Kit and CliniMACS® CD19 System; Cyclophosphamide 100 mg/Kg; Cyclophosphamide 1200 mg/Kg; Fludarabine; Kidney Transplant; Melphalan; Rituximab; Total Body Irradiation,device; drug; procedure; radiation,United States,North America,2023-07-17,False,https://clinicaltrials.gov/study/NCT05508009
NCT05516511,Serum Levels of Angiotensin Converting Enzyme in Systemic Lupus Erythematous Patients,UNKNOWN,N/A,Sohag University,OTHER,Angiotensin Converting Enzyme test,diagnostic_test,Egypt,Middle East / Africa,2022-11-09,False,https://clinicaltrials.gov/study/NCT05516511
NCT05531565,A 2-Part Study to Learn Whether Litifilimab (BIIB059) Injections Can Improve Symptoms of Adult Participants Who Have Active Cutaneous Lupus Erythematosus,RECRUITING,"Phase 2, Phase 3",Biogen,INDUSTRY,Litifilimab; Placebo,drug,Argentina; Belgium; Brazil; Bulgaria; Canada; Chile; China; Colombia; France; Germany; Hungary; Italy; Japan; Mexico; Peru; Philippines; Poland; Portugal; Puerto Rico; Saudi Arabia; Serbia; Slovakia; South Korea; Spain; Sweden; Switzerland; Taiwan; Ukraine; United Kingdom; United States,East Asia; Europe; Latin America; Middle East; North America; Other / Global; Southeast Asia,2026-04-23,False,https://clinicaltrials.gov/study/NCT05531565
NCT05538208,The Pediatric Lupus Nephritis Mycophenolate Mofetil (PLUMM) Study,RECRUITING,Phase 2,"Children's Hospital Medical Center, Cincinnati",OTHER,Mycophenolate Mofetil,drug,United States,North America,2026-03-18,False,https://clinicaltrials.gov/study/NCT05538208
NCT05539001,Screening Biomarkers for Severe Lupus Based on Multi-omics Studies,UNKNOWN,N/A,The Affiliated Nanjing Drum Tower Hospital of Nanjing University Medical School,OTHER,,,China,East Asia,2023-04-19,False,https://clinicaltrials.gov/study/NCT05539001
NCT05540327,"The Willow LTE Study With M5049 in Participants With SCLE, DLE and/or SLE (WILLOW LTE)",ACTIVE_NOT_RECRUITING,Phase 2,"Merck Healthcare KGaA, Darmstadt, Germany, an affiliate of Merck KGaA, Darmstadt, Germany",INDUSTRY,M5049 high dose; M5049 low dose; M5049 medium dose; Placebo,drug,Argentina; Australia; Brazil; Bulgaria; Chile; China; Colombia; Greece; Israel; Japan; Mauritius; Mexico; Moldova; Philippines; Poland; Romania; Serbia; South Africa; South Korea; Spain; Taiwan; United States,Africa; East Asia; Europe; Latin America; Middle East; North America; Oceania; Other / Global; Southeast Asia,2026-04-16,False,https://clinicaltrials.gov/study/NCT05540327
NCT05540665,Study of Daxdilimab (HZN-7734) in Participants With Active Proliferative Lupus Nephritis (LN),TERMINATED,Phase 2,Amgen,INDUSTRY,Daxdilimab; Placebo (Normal Saline),drug,Argentina; Brazil; Croatia; Israel; Malaysia; Philippines; Poland; Serbia; Spain; Taiwan; Thailand; United States,East Asia; Europe; Latin America; Middle East; North America; Southeast Asia,2025-03-24,True,https://clinicaltrials.gov/study/NCT05540665
NCT05544448,"In Vitro Effect Study of Interleukin-2 Muteins on Regulatory T Cells of Patients With Different Autoimmune, Allo-immune or Inflammatory Diseases",COMPLETED,N/A,Assistance Publique - Hôpitaux de Paris,OTHER,Blood sample taken at a single time point,other,France,Europe,2026-02-11,False,https://clinicaltrials.gov/study/NCT05544448
NCT05559671,Safety of the Herpes Zoster Subunit Vaccine in Lupus,RECRUITING,Phase 4,NYU Langone Health,OTHER,Herpes Zoster Subunit (HZ/su) Vaccine; Placebo,biological,United States,North America,2025-12-26,False,https://clinicaltrials.gov/study/NCT05559671
NCT05566977,Autologous Adoptive T Regulatory Cell Transfer in Autoimmune Diseases.,UNKNOWN,Phase 1,Ain Shams University,OTHER,autologous adoptive T regulatory cell transfer.,other,Egypt,Middle East / Africa,2022-10-05,False,https://clinicaltrials.gov/study/NCT05566977
NCT05567198,Gonadotropin-releasing Hormone Agonist (GnRHa) in Ovarian Preservation in SLE Subjects Receiving Cyclophosphamide as Determined by Questionnaires,RECRUITING,N/A,National Institute of Arthritis and Musculoskeletal and Skin Diseases (NIAMS),NIH,,,United States,North America,2026-04-28,False,https://clinicaltrials.gov/study/NCT05567198
NCT05585671,Belimumab In Prevention of LN,NOT_YET_RECRUITING,N/A,RenJi Hospital,OTHER,Belimumab,drug,,,2022-10-19,False,https://clinicaltrials.gov/study/NCT05585671
NCT05588830,The Efficacy and Safety of Telitacicept and Belimumab in Active Lupus Nephritis in the Real World: a Prospective Cohort Study,UNKNOWN,N/A,The Affiliated Nanjing Drum Tower Hospital of Nanjing University Medical School,OTHER,Belimumab; Telitacicept,drug,,,2022-10-20,False,https://clinicaltrials.gov/study/NCT05588830
NCT05590390,Osteoporosis and Fragility Fractures Among SLE Patients. (FRAIL Trial),ACTIVE_NOT_RECRUITING,N/A,Azienda Ospedaliera Universitaria Integrata Verona,OTHER,DXA; PROs; serum sample,diagnostic_test,Italy,Europe,2024-08-06,False,https://clinicaltrials.gov/study/NCT05590390
NCT05607368,Mast Cells Are Involved in the Mechanism of NPSLE Epilepsy,UNKNOWN,N/A,"Nanfang Hospital, Southern Medical University",OTHER,,,China,East Asia,2022-11-07,False,https://clinicaltrials.gov/study/NCT05607368
NCT05609812,Atacicept in Subjects With Active Lupus Nephritis (COMPASS),WITHDRAWN,Phase 3,"Vera Therapeutics, Inc.",INDUSTRY,Atacicept; Placebo,drug,Puerto Rico; Spain; United States,Europe; North America; Other / Global,2025-05-23,False,https://clinicaltrials.gov/study/NCT05609812
NCT05613582,The Effectiveness of Transcranial Direct Current Stimulation as Adjunctive Treatment for Chronic Daily Headache in Systemic Lupus Erythematosus,UNKNOWN,N/A,Indonesia University,OTHER,Transcranial Direct Current Stimulation,device,,,2022-11-14,False,https://clinicaltrials.gov/study/NCT05613582
NCT05617677,A Study to Assess Effectiveness and Safety of Deucravacitinib Compared With Placebo in Participants With Active Systemic Lupus Erythematosus (SLE),ACTIVE_NOT_RECRUITING,Phase 3,Bristol-Myers Squibb,INDUSTRY,Deucravacitinib; Placebo,drug; other,Argentina; Brazil; Bulgaria; Canada; China; Colombia; France; Germany; Hong Kong; India; Ireland; Italy; Lithuania; Mexico; Moldova; Peru; Poland; Puerto Rico; Romania; South Korea; Turkey (Türkiye); United States,East Asia; Europe; Latin America; North America; Other / Global; South Asia,2025-12-03,False,https://clinicaltrials.gov/study/NCT05617677
NCT05620407,A Study to Evaluate Effectiveness and Safety of Deucravacitinib (BMS-986165) Compared With Placebo in Participants With Active Systemic Lupus Erythematosus,ACTIVE_NOT_RECRUITING,Phase 3,Bristol-Myers Squibb,INDUSTRY,Deucravacitinib; Placebo,drug; other,Argentina; Australia; Brazil; Bulgaria; Chile; Czechia; Greece; Hungary; India; Japan; Mexico; Peru; Poland; Portugal; Puerto Rico; Singapore; Spain; Taiwan; Thailand; Turkey (Türkiye); United Kingdom; United States,East Asia; Europe; Latin America; North America; Oceania; Other / Global; South Asia; Southeast Asia,2025-12-02,False,https://clinicaltrials.gov/study/NCT05620407
NCT05624437,BElimumab corticoSteroids Sparing Treatment in Systemic Lupus Erythematosus,COMPLETED,N/A,Centre Hospitalier de Niort,OTHER,data record,other,France,Europe,2022-11-22,False,https://clinicaltrials.gov/study/NCT05624437
NCT05624749,Phase 3 Study to Evaluate Ianalumab on Top of Standard-of-care Therapy in Patients With Systemic Lupus Erythematosus (SIRIUS-SLE 2),ACTIVE_NOT_RECRUITING,Phase 3,Novartis Pharmaceuticals,INDUSTRY,ianalumab; placebo,drug,Argentina; Australia; Chile; Colombia; France; Germany; India; Italy; Malaysia; Mexico; Romania; South Korea; Taiwan; United Kingdom; United States,East Asia; Europe; Latin America; North America; Oceania; Other / Global; South Asia; Southeast Asia,2026-03-09,False,https://clinicaltrials.gov/study/NCT05624749
NCT05631717,The Study of Comparing the Efficacy and Safety of Human Umbilical Cord MSCs and Low-dose IL-2 in the Treatment of LN,UNKNOWN,Phase 3,The Affiliated Nanjing Drum Tower Hospital of Nanjing University Medical School,OTHER,Human umbilical cord mesenchymal stem cells; Interleukin-2,biological; drug,China,East Asia,2022-11-30,False,https://clinicaltrials.gov/study/NCT05631717
NCT05632029,Laser Acupuncture in Egyptian Systemic Lupus Females With Insulin Resistance,UNKNOWN,N/A,Cairo University,OTHER,active laser; sham laser,device,Egypt,Middle East / Africa,2022-11-30,False,https://clinicaltrials.gov/study/NCT05632029
NCT05635266,Tissue Repository Providing Annotated Biospecimens for Approved Investigator-directed Biomedical Research Initiatives,RECRUITING,N/A,Sanguine Biosciences,INDUSTRY,Specimen sample,diagnostic_test,United States,North America,2024-05-07,False,https://clinicaltrials.gov/study/NCT05635266
NCT05636670,Assessment of Cognitive Function and Gut Microbiota Analysis in Real World Patients With Lupus Cerebrovascular Disease,UNKNOWN,N/A,"Nanfang Hospital, Southern Medical University",OTHER,,,China,East Asia,2022-12-05,False,https://clinicaltrials.gov/study/NCT05636670
NCT05637112,A Treatment Effectiveness Study Among SLE Patients Receiving Anifrolumab in Routine Clinical Practice,ACTIVE_NOT_RECRUITING,N/A,AstraZeneca,INDUSTRY,None (Observational study),other,Austria; Belgium; Canada; France; Germany; Israel; Italy; Sweden; United Arab Emirates,Europe; Middle East; North America,2026-02-24,False,https://clinicaltrials.gov/study/NCT05637112
NCT05638802,A Study of DS-7011a in Patients With Systemic Lupus Erythematosus,COMPLETED,"Phase 1, Phase 2",Daiichi Sankyo,INDUSTRY,DS-7011a; Placebo,drug,United States,North America,2025-04-04,False,https://clinicaltrials.gov/study/NCT05638802
NCT05639114,Phase 3 Study to Evaluate Two Regimens of Ianalumab on Top of Standard-of-care Therapy in Patients With Systemic Lupus Erythematosus (SIRIUS-SLE 1),ACTIVE_NOT_RECRUITING,Phase 3,Novartis Pharmaceuticals,INDUSTRY,Ianalumab; Placebo,drug,Argentina; Brazil; Bulgaria; Canada; China; Colombia; Czechia; Guatemala; Hungary; Israel; Japan; Poland; Portugal; Slovakia; South Africa; Spain; Thailand; Turkey (Türkiye); United States,Africa; East Asia; Europe; Latin America; Middle East; North America; Other / Global; Southeast Asia,2026-03-09,False,https://clinicaltrials.gov/study/NCT05639114
NCT05648500,A Research Study to Evaluate the Effects of a New Oral Medicine Called Cenerimod in Adults With Systemic Lupus Erythematosus,ACTIVE_NOT_RECRUITING,Phase 3,Viatris Innovation GmbH,INDUSTRY,Cenerimod; Placebo,drug,Argentina; Brazil; Bulgaria; Colombia; France; Greece; India; Japan; Mexico; Philippines; Poland; Romania; South Korea; Taiwan; Thailand; Ukraine; United States,East Asia; Europe; Latin America; North America; Other / Global; South Asia; Southeast Asia,2026-05-06,False,https://clinicaltrials.gov/study/NCT05648500
NCT05659407,BAFF-var as a Biomarker of Response to B-depletive Treatment in Systemic Lupus Erythematosus and Rheumatoid Arthritis,UNKNOWN,N/A,University of Cagliari,OTHER,Belimumab in SLE patients / Rituximab in RA patients,drug,Italy,Europe,2022-12-21,False,https://clinicaltrials.gov/study/NCT05659407
NCT05666336,Multi-omics Studies on the Efficacy of Telitacicept in Chinese SLE Patients,UNKNOWN,Phase 4,Fen Li,OTHER,Cyclophosphamide; Hydroxychloroquine; Methylprednisolone; Mycophenolate Mofetil; Prednisone; Tacrolimus; Telitacicept,biological; drug,China,East Asia,2024-01-17,False,https://clinicaltrials.gov/study/NCT05666336
NCT05672576,A Research Study to Evaluate the Efficacy and Safety of Cenerimod in Subjects Suffering From Systemic Lupus Erythematosus,ACTIVE_NOT_RECRUITING,Phase 3,Viatris Innovation GmbH,INDUSTRY,Cenerimod; Placebo,drug,Chile; Czechia; Georgia; Germany; India; Malaysia; Mexico; Peru; Philippines; Poland; Portugal; Puerto Rico; Serbia; South Africa; Spain; Ukraine; United Kingdom; United States,Africa; Europe; Latin America; North America; Other / Global; South Asia; Southeast Asia,2026-04-02,False,https://clinicaltrials.gov/study/NCT05672576
NCT05680480,A Study of Telitacicept in Lupus Nephritis,RECRUITING,Phase 2,"RemeGen Co., Ltd.",INDUSTRY,Placebo; Telitacicept 160 mg; Telitacicept 240 mg,biological; drug,China,East Asia,2024-09-23,False,https://clinicaltrials.gov/study/NCT05680480
NCT05686746,Use of Baricitenib to Maintain of Remission,UNKNOWN,"Phase 2, Phase 3",Assiut University,OTHER,Baricitinib 2 MG; Baricitinib 4 MG; MMF,drug,Egypt,Middle East / Africa,2023-01-17,False,https://clinicaltrials.gov/study/NCT05686746
NCT05687526,A Study of Telitacicept in Subjects With Childhood-onset Systemic Lupus Erythematosus,COMPLETED,Phase 1,"RemeGen Co., Ltd.",INDUSTRY,Telitacicept,biological,China,East Asia,2026-03-09,False,https://clinicaltrials.gov/study/NCT05687526
NCT05688696,Evaluate the Efficacy and Safety of Orelabrutinib in Adult Patients With Systemic Lupus Erythematosus,RECRUITING,Phase 2,"Beijing InnoCare Pharma Tech Co., Ltd.",INDUSTRY,Orelabrutinib (High Dose); Orelabrutinib (Low Dose); Orelabrutinib Placebo,drug,China,East Asia,2024-08-16,False,https://clinicaltrials.gov/study/NCT05688696
NCT05689580,The Influence of Ketogenic Diet on Lupus Nephritis Patients' Immunity,UNKNOWN,N/A,Chang Gung Memorial Hospital,OTHER,Balanced diet; Ketogenic diet,dietary_supplement,Taiwan,East Asia,2023-01-19,False,https://clinicaltrials.gov/study/NCT05689580
NCT05693571,Engagement in CHildhood-Onset Systemic Lupus,ENROLLING_BY_INVITATION,N/A,Montefiore Medical Center,OTHER,Valera Smart Phone Application and Care Manager Dashboard,behavioral,United States,North America,2025-09-30,False,https://clinicaltrials.gov/study/NCT05693571
NCT05698173,Systemic Lupus Erythematosus and Accelerated Aging,RECRUITING,N/A,"University Hospital, Bordeaux",OTHER,blood sample,biological,France,Europe,2025-09-04,False,https://clinicaltrials.gov/study/NCT05698173
NCT05704088,SGLT2 Inhibitors Between Reno Protective Effects and Impact on Bone and Mineral Disease Among Lupus Nephritis Patients,COMPLETED,Phase 4,Mansoura University,OTHER,Dapagliflozin tablet; placebo,drug,Egypt,Middle East / Africa,2024-10-15,False,https://clinicaltrials.gov/study/NCT05704088
NCT05704153,Modelling and Control of Non-invasive Vagus Nerve Stimulation for Autoimmune Diseases (1A),UNKNOWN,N/A,Hospital Clinic of Barcelona,OTHER,Parasym 1Hz; Parasym 30Hz; Sham Intervention,device,Spain,Europe,2024-02-28,False,https://clinicaltrials.gov/study/NCT05704153
NCT05714670,The Effect of Curcumin on the Clinical Outcome of Pediatric Patients with Active Lupus Nephritis,COMPLETED,Phase 2,Ain Shams University,OTHER,Curcumin Oral Capsule,drug,Egypt,Middle East / Africa,2024-11-20,False,https://clinicaltrials.gov/study/NCT05714670
NCT05714930,LUPUS-BEST - Treat-to-target in Systemic Lupus Erythematosus,RECRUITING,N/A,"Heinrich-Heine University, Duesseldorf",OTHER,Treat-to-target as a new treatment concept,other,Germany,Europe,2025-08-24,False,https://clinicaltrials.gov/study/NCT05714930
NCT05724940,"Comparison of Clinical and Serological Differences Among Juvenile, Adult, and Late-onset Systemic Lupus Erythematosus",UNKNOWN,N/A,Sohag University,OTHER,"clinical and serological differences among juvenile, adult, and late-onset systemic lupus erythematosus in a cohort of SLE patients",other,,,2023-02-22,False,https://clinicaltrials.gov/study/NCT05724940
NCT05732402,An Open-label Study of Povetacicept in Autoantibody-Associated Glomerular Diseases,ACTIVE_NOT_RECRUITING,"Phase 1, Phase 2","Alpine Immune Sciences, Inc.",INDUSTRY,Povetacicept,drug,Australia; Puerto Rico; South Korea; United States,North America; Oceania; Other / Global,2025-10-14,False,https://clinicaltrials.gov/study/NCT05732402
NCT05747651,"3TR (Taxonomy, Treatment, Targets and Remission) Systemic Lupus Erythematosus Study Protocol 2",ACTIVE_NOT_RECRUITING,N/A,"University Hospital, Brest",OTHER,Blood sample; Saliva sample; Stool sample; Tissue sample; Urine sample,biological,France,Europe,2025-01-23,False,https://clinicaltrials.gov/study/NCT05747651
NCT05748899,Effect of Applying Ujjayi Pranayama on Cortisol in Lupus Patients,UNKNOWN,N/A,Badr University,OTHER,Ujjayi pranayama,behavioral,Egypt,Middle East / Africa,2023-03-01,False,https://clinicaltrials.gov/study/NCT05748899
NCT05748925,Cardio Renal Effects of SGLT2 Inhibitors Among Lupus Nephritis Patients,COMPLETED,Phase 4,Mansoura University,OTHER,dapagliflozin; placebo,drug,Egypt,Middle East / Africa,2025-04-16,True,https://clinicaltrials.gov/study/NCT05748925
NCT05763225,Validation of Patient E-tool to Measure Systemic Lupus Activity,COMPLETED,N/A,Association Francaise du Lupus et Autres Maladies Auto-immunes (AFL+),OTHER,,,France; Guadeloupe; Martinique,Europe; Other / Global,2024-07-31,False,https://clinicaltrials.gov/study/NCT05763225
NCT05765006,CD19-CART(Relma-cel) for Moderate to Severe Active Systemic Lupus Erythematosus,UNKNOWN,Phase 1,"Shanghai Ming Ju Biotechnology Co., Ltd.",INDUSTRY,Relma-cel,biological,China,East Asia,2023-03-15,False,https://clinicaltrials.gov/study/NCT05765006
NCT05780515,A Study of ANX009 in Adult Participants With Lupus Nephritis,COMPLETED,Phase 1,"Annexon, Inc.",INDUSTRY,ANX009,biological,Philippines; Taiwan,East Asia; Southeast Asia,2024-08-22,False,https://clinicaltrials.gov/study/NCT05780515
NCT05781750,A Study of Zetomipzomib (KZR-616) in Patients With Active Lupus Nephritis (PALIZADE),TERMINATED,Phase 2,"Kezar Life Sciences, Inc.",INDUSTRY,placebo; zetomipzomib,drug,Argentina; Brazil; China; Colombia; Greece; Guatemala; India; Malaysia; Philippines; South Africa; South Korea; United States,Africa; East Asia; Europe; Latin America; North America; Other / Global; South Asia; Southeast Asia,2025-12-05,True,https://clinicaltrials.gov/study/NCT05781750
NCT05791799,Etonogestrel Implants Protect Ovarian Reserve Function in Systemic Lupus Erythematosus,UNKNOWN,"Phase 2, Phase 3","Sixth Affiliated Hospital, Sun Yat-sen University",OTHER,Etonogestrel,drug,,,2023-03-30,False,https://clinicaltrials.gov/study/NCT05791799
NCT05796206,A Phase 2 Clinical Study of MIL62 in Systemic Lupus Erythematosus,ACTIVE_NOT_RECRUITING,Phase 2,"Beijing Mabworks Biotech Co., Ltd.",INDUSTRY,MIL62; placebo,drug,China,East Asia,2025-12-19,False,https://clinicaltrials.gov/study/NCT05796206
NCT05798117,"An Open-label, Study to Assess Safety, Efficacy and Cellular Kinetics of YTB323 in Severe, Refractory Systemic Lupus Erythematosus",ACTIVE_NOT_RECRUITING,"Phase 1, Phase 2",Novartis Pharmaceuticals,INDUSTRY,YTB323,drug,Australia; France; Germany; Spain; Switzerland,Europe; Oceania,2026-03-23,False,https://clinicaltrials.gov/study/NCT05798117
NCT05799378,Effects of Stopping Hydroxychloroquine in Elderly Lupus Disease,RECRUITING,Phase 3,NYU Langone Health,OTHER,Hydroxychloroquine; Placebo,drug,United States,North America,2026-02-25,False,https://clinicaltrials.gov/study/NCT05799378
NCT05810948,A Study to Assess Effectiveness and Safety of Efgartigimod in Chinese Patients With Lupus Nephritis (ZL-1103-013),COMPLETED,Phase 2,argenx,INDUSTRY,Placebo; efgartigimod IV,biological; other,China,East Asia,2025-12-18,False,https://clinicaltrials.gov/study/NCT05810948
NCT05818254,The HOP-STEP Intervention: Improving Maternal Health in Women With Lupus sIRB,ACTIVE_NOT_RECRUITING,N/A,Duke University,OTHER,HOP-STEP (Healthy Outcomes in Pregnancy with SLE Through Education of Providers) Intervention; Routine Care,behavioral,United States,North America,2026-05-06,False,https://clinicaltrials.gov/study/NCT05818254
NCT05828147,Anti-CD20 Antibodies for Treatment of SLE-PAH,UNKNOWN,Phase 4,Chinese SLE Treatment And Research Group,OTHER,Rituximab,drug,China,East Asia,2024-02-07,False,https://clinicaltrials.gov/study/NCT05828147
NCT05835310,An Efficacy and Safety Study of Intravenous Anifrolumab to Treat Systemic Lupus Erythematosus in Pediatric Participants,RECRUITING,Phase 3,AstraZeneca,INDUSTRY,Anifrolumab; Placebo,biological; drug,Argentina; Brazil; Canada; China; Colombia; France; Germany; Italy; Japan; Mexico; Poland; Portugal; South Africa; Spain; Turkey (Türkiye); United Kingdom; United States,Africa; East Asia; Europe; Latin America; North America; Other / Global,2026-05-06,False,https://clinicaltrials.gov/study/NCT05835310
NCT05835986,"A First-in-Human Study to Investigate the Safety, Tolerability, Pharmacokinetics and Pharmacodynamics of RO7507062 in Participants With Systemic Lupus Erythematosus",RECRUITING,Phase 1,Hoffmann-La Roche,INDUSTRY,RO7507062; Tocilizumab,drug,Colombia; France; Germany; Malaysia; Mexico; Netherlands; Peru; Poland; South Africa; Spain; Taiwan; Thailand; United Kingdom,Africa; East Asia; Europe; Latin America; North America; Southeast Asia,2026-05-11,False,https://clinicaltrials.gov/study/NCT05835986
NCT05843643,Program to Assess Adverse Events and Change in Disease Activity of Oral Upadacitinib in Adult Participants With Moderate to Severe Systemic Lupus Erythematosus,ACTIVE_NOT_RECRUITING,Phase 3,AbbVie,INDUSTRY,Placebo; Upadacitinib,drug,Argentina; Australia; Belgium; Bosnia and Herzegovina; Brazil; Bulgaria; Canada; Chile; China; Colombia; Croatia; Estonia; France; Germany; Greece; Guatemala; Hungary; Israel; Italy; Japan; Latvia; Lithuania; Mexico; New Zealand; Poland; Portugal; Puerto Rico; Romania; Serbia; Slovakia; South Africa; South Korea; Spain; Switzerland; Taiwan; Turkey (Türkiye); United Kingdom; United States,Africa; East Asia; Europe; Latin America; Middle East; North America; Oceania; Other / Global,2026-04-28,False,https://clinicaltrials.gov/study/NCT05843643
NCT05845151,Fibroblast Activating Protein Inhibitor PET Imaging in Lupus Nephritis,UNKNOWN,N/A,Ruijin Hospital,OTHER,68Ga-FAPI-04 PET,diagnostic_test,China,East Asia,2023-05-06,False,https://clinicaltrials.gov/study/NCT05845151
NCT05845593,Relationship Between Data Obtained With the LuGENE® Multiparameter Transcriptomics Blood Test and Clinical and Standard Laboratory Features of Patients With SLE (ReLATE),RECRUITING,N/A,"Ampel BioSolutions, LLC",INDUSTRY,Decision Support Test,other,United States,North America,2024-05-03,False,https://clinicaltrials.gov/study/NCT05845593
NCT05846347,Phase I Clinical Study of GC012F Injection in Treatment of Refractory Systemic Lupus Erythematosus,UNKNOWN,Phase 1,Zhejiang University,OTHER,GC012F injection,drug,China,East Asia,2023-05-11,False,https://clinicaltrials.gov/study/NCT05846347
NCT05856448,A Study Evaluating the Effects of GLPG3667 Administered as Oral Treatment in Adult Participants With Active Systemic Lupus Erythematosus,COMPLETED,Phase 2,Galapagos NV,INDUSTRY,GLPG3667; Placebo,drug,Argentina; Bulgaria; Chile; France; Georgia; Germany; Hungary; Peru; Poland; Puerto Rico; Spain; United States,Europe; Latin America; North America; Other / Global,2026-05-14,False,https://clinicaltrials.gov/study/NCT05856448
NCT05858684,Dual Target CAR-T Cell Treatment for Refractory Systemic Lupus Erythematosus (SLE) Patients,UNKNOWN,Early Phase 1,RenJi Hospital,OTHER,GC012F injection,drug,China,East Asia,2023-05-15,False,https://clinicaltrials.gov/study/NCT05858684
NCT05859191,Study of Neonatal IgG Fc Receptor Expression in Natural Killer T Cells Expressing an Invariant T Receptor : Implication in the Pathophysiology of Systemic Lupus,RECRUITING,N/A,"University Hospital, Tours",OTHER,Blood sample,biological,France,Europe,2026-04-30,False,https://clinicaltrials.gov/study/NCT05859191
NCT05859997,Universal CAR-T Cells (BRL-301) in Relapse or Refractory Autoimmune Diseases,ENROLLING_BY_INVITATION,N/A,Bioray Laboratories,INDUSTRY,BRL-301,biological,China,East Asia,2024-11-20,False,https://clinicaltrials.gov/study/NCT05859997
NCT05863689,Microvascular Ocular Changes of Systemic Lupus Erythematous,UNKNOWN,N/A,Universidade do Porto,OTHER,Spectralis SD-OCT,diagnostic_test,Portugal,Europe,2023-10-19,False,https://clinicaltrials.gov/study/NCT05863689
NCT05863936,Trial of Belimumab Combined With Multi-target Induction Therapy in Lupus Nephritis,UNKNOWN,Phase 3,Nanjing University School of Medicine,OTHER,Belimumab Injection; Immunosuppressive Agents; Methylprednisolone Injectable Suspension,drug,China,East Asia,2023-05-18,False,https://clinicaltrials.gov/study/NCT05863936
NCT05866861,A Study in Participants With Mild-to-moderate Systemic Lupus Erythematosus,ACTIVE_NOT_RECRUITING,Phase 1,Cugene Inc.,INDUSTRY,CUG252; Placebo,drug,United States,North America,2025-02-20,False,https://clinicaltrials.gov/study/NCT05866861
NCT05869955,"A Study of CC-97540, CD-19-Targeted Nex-T CAR T Cells, in Participants With Severe, Refractory Autoimmune Diseases (Breakfree-1)",RECRUITING,Phase 1,"Juno Therapeutics, Inc., a Bristol-Myers Squibb Company",INDUSTRY,CC-97540; Cyclophosphamide; Fludarabine; Tocilizumab,drug,Belgium; France; Germany; Italy; Spain; United States,Europe; North America,2026-05-04,False,https://clinicaltrials.gov/study/NCT05869955
NCT05879419,Recombinant Herpes Zoster Vaccine in Patients With Autoimmune Rheumatic Diseases,ACTIVE_NOT_RECRUITING,Phase 4,University of Sao Paulo General Hospital,OTHER,MMF Discontinuation; MMF maintain; MTX Discontinuation; MTX maintain; Placebo; Recombinant Herpes Zoster Vaccine (RZV),biological; other,Brazil,Latin America,2026-05-04,False,https://clinicaltrials.gov/study/NCT05879419
NCT05879718,A Study to Learn About the Study Medicine (PF-06823859) in Adults With Active CLE or SLE With Skin Symptoms.,TERMINATED,Phase 2,Pfizer,INDUSTRY,PF-06823859; Placebo,drug,Canada; Greece; Spain; United States,Europe; North America,2026-03-13,False,https://clinicaltrials.gov/study/NCT05879718
NCT05880121,Neuron-specific Humoral and Cellular Immune Correlates of Structural and Functional Brain Connectomics in Neuropsychiatric Lupus,UNKNOWN,N/A,IRCCS San Raffaele,OTHER,MRI,diagnostic_test,Italy,Europe,2023-05-30,False,https://clinicaltrials.gov/study/NCT05880121
NCT05899907,Efficacy and Safety of Telitacicept in Early SLE,UNKNOWN,Phase 4,Peking Union Medical College Hospital,OTHER,Standard of Care; Telitacicept,drug,China,East Asia,2023-06-12,False,https://clinicaltrials.gov/study/NCT05899907
NCT05900232,Anti KU Antibodies and Its Relationship With Systemic Lupus Erythematosus,UNKNOWN,N/A,Sohag University,OTHER,Anti _KU antibodies,diagnostic_test,Egypt,Middle East / Africa,2023-06-12,False,https://clinicaltrials.gov/study/NCT05900232
NCT05916781,Effectiveness of Mycophenolate Mofetil Combined With Tacrolimus for Steroid Tapering in Systemic Lupus Erythematosus,RECRUITING,Phase 4,Chinese SLE Treatment And Research Group,OTHER,Glucocorticoid; Mycophenolate Mofetil; Tacrolimus,drug,China,East Asia,2024-07-09,False,https://clinicaltrials.gov/study/NCT05916781
NCT05917288,A Study of Belimumab in Chinese Pediatric Participants With Systemic Lupus Erythematosus,COMPLETED,Phase 1,GlaxoSmithKline,INDUSTRY,Belimumab; Standard of care,biological; drug,China,East Asia,2025-11-14,True,https://clinicaltrials.gov/study/NCT05917288
NCT05927688,"Assessment of Physician Consideration of EPRO's, from Patients with Gout, Rheumatoid Arthritis, Sjogren's Syndrome or Systemic Lupus, on the Frequency of Therapeutic Adjustments",RECRUITING,N/A,"University Hospital, Strasbourg, France",OTHER,Therapeutic management following access by the physician to his patient's ePROs,behavioral,France,Europe,2025-03-12,False,https://clinicaltrials.gov/study/NCT05927688
NCT05929248,Exploring the Therapeutic Effect of Telitacicept on Lupus Erythematosus Complicated With Thrombocytopenia,UNKNOWN,Phase 2,Guanmin Gao,OTHER,Placebo; Telitacicept; conventional therapy,drug,,,2023-07-03,False,https://clinicaltrials.gov/study/NCT05929248
NCT05930314,CNCT19 Cell Injection for Refractory Systemic Lupus Erythematosus,UNKNOWN,Early Phase 1,Peking Union Medical College Hospital,OTHER,CNCT19 cell injection,drug,China,East Asia,2023-07-05,False,https://clinicaltrials.gov/study/NCT05930314
NCT05933213,Comparing Mescaline Sodium Enteric-coated Tablets vs Morte-mescaline in the Treatment of Adult Lupus Nephritis,UNKNOWN,Phase 4,Xiangya Hospital of Central South University,OTHER,Glucocorticoids; Mescaline sodium enteric-coated tablets; Morte-mescaline,drug,,,2023-07-06,False,https://clinicaltrials.gov/study/NCT05933213
NCT05934149,Lupus Landmark Study: A Prospective Registry and Biorepository,RECRUITING,N/A,Lupus Research Alliance,OTHER,,,Canada; United States,North America,2026-04-15,False,https://clinicaltrials.gov/study/NCT05934149
NCT05938725,"KYSA-1: A Study of Anti-CD19 Chimeric Antigen Receptor T-Cell (CD19 CAR T) Therapy, in Subjects With Refractory Lupus Nephritis",ACTIVE_NOT_RECRUITING,"Phase 1, Phase 2",Kyverna Therapeutics,INDUSTRY,KYV-101 anti-CD19 CAR-T cell therapy; Standard lymphodepletion regimen,biological; drug,United States,North America,2025-10-29,False,https://clinicaltrials.gov/study/NCT05938725
NCT05958446,Fetal-Hope Study: Home Monitoring of Fetal Heart Rate in SSA+ Pregnant Women,UNKNOWN,N/A,ASST Fatebenefratelli Sacco,OTHER,,,Italy,Europe,2023-07-24,False,https://clinicaltrials.gov/study/NCT05958446
NCT05961267,Study of Gynecological Follow-up of Patients With Autoimmune Disease or Inflammatory Rheumatism,COMPLETED,N/A,"University Hospital, Bordeaux",OTHER,Questionnaire,behavioral,France,Europe,2024-09-19,False,https://clinicaltrials.gov/study/NCT05961267
NCT05962788,Long-Term Voclosporin Treatment in Adolescent and Pediatric Subjects With Lupus Nephritis,TERMINATED,Phase 3,Aurinia Pharmaceuticals Inc.,INDUSTRY,voclosporin,drug,Colombia; Japan; Mexico; Thailand; United States,East Asia; Latin America; North America; Southeast Asia,2026-02-10,False,https://clinicaltrials.gov/study/NCT05962788
NCT05964751,the Association Between Metabolic Syndrome and Its Components With Lupus Nephritis in Systemic Lupus Erythematosus Patients,UNKNOWN,N/A,Sohag University,OTHER,fasting blood suger; lipid profile,diagnostic_test,Egypt,Middle East / Africa,2023-07-28,False,https://clinicaltrials.gov/study/NCT05964751
NCT05966480,Phase 2 Placebo-Controlled Study to Assess the Safety and Efficacy of ESK-001 in Active Systemic Lupus Erythematosus,ACTIVE_NOT_RECRUITING,Phase 2,Alumis Inc,INDUSTRY,Envudeucitinib; Placebo,drug,Argentina; Bulgaria; Chile; Colombia; Croatia; Denmark; Georgia; Germany; Hungary; India; Mexico; Peru; Philippines; Poland; Puerto Rico; Romania; South Korea; Spain; Taiwan; United Kingdom; United States,East Asia; Europe; Latin America; North America; Other / Global; South Asia; Southeast Asia,2026-04-08,False,https://clinicaltrials.gov/study/NCT05966480
NCT05967520,JMKX000189 for Moderate to Severe Active Systemic Lupus Erythematosus,UNKNOWN,Phase 2,Jemincare,INDUSTRY,JMKX000189; Placebo,drug,China,East Asia,2023-10-13,False,https://clinicaltrials.gov/study/NCT05967520
NCT05971498,"Assessment of Anxiety, Depression, Sleep Quality and Quality of Life in Systemic Lupus Erythematosus Patients",UNKNOWN,N/A,Assiut University,OTHER,,,Egypt,Middle East / Africa,2023-09-18,False,https://clinicaltrials.gov/study/NCT05971498
NCT05984251,"A Study to Evaluate the Safety, Tolerability, and Pharmacokinetics of CCX168 in Healthy Participants",COMPLETED,Phase 1,Amgen,INDUSTRY,CCX168; Placebo,drug,Switzerland,Europe,2023-08-09,False,https://clinicaltrials.gov/study/NCT05984251
NCT05984316,Systemic Lupus Erythematosus,UNKNOWN,N/A,Biruni University,OTHER,Exercise,other,Turkey (Türkiye),Other / Global,2023-10-18,False,https://clinicaltrials.gov/study/NCT05984316
NCT05988216,Universal CAR-T Cells (BRL-301) in Refractory Systemic Lupus Erythematosus,RECRUITING,N/A,Bioray Laboratories,INDUSTRY,BRL-301,biological,China,East Asia,2024-09-27,False,https://clinicaltrials.gov/study/NCT05988216
NCT06001606,"Immunogenicity, Reactogenicity of Shingrix in SLE",UNKNOWN,Phase 3,Seoul National University Hospital,OTHER,Placebo; Shingrix,drug,South Korea,Other / Global,2023-08-21,False,https://clinicaltrials.gov/study/NCT06001606
NCT06004960,"A Study to Assess the Mass Balance Recovery (Absorption, Distribution, Metabolism and Excretion) of [14C]CCX168 in Healthy Participants",COMPLETED,Phase 1,Amgen,INDUSTRY,[14C]CCX168,drug,United States,North America,2023-08-22,False,https://clinicaltrials.gov/study/NCT06004960
NCT06010472,An Exploratory Clinical Study of Anti-CD19 CAR NK Cells in the Treatment of Systemic Lupus Erythematosus,RECRUITING,Early Phase 1,Changhai Hospital,OTHER,anti-CD19 CAR NK cells (KN5501),drug,China,East Asia,2025-04-29,False,https://clinicaltrials.gov/study/NCT06010472
NCT06013995,"A Study to Investigate the Safety, Tolerability, Drug Levels and Drug Effects of BMS-986326 in Adult Participants With Different Forms of Lupus",RECRUITING,Phase 1,Bristol-Myers Squibb,INDUSTRY,BMS-986326; Placebo for BMS-986326,drug; other,Argentina; Bulgaria; Germany; Mexico; Netherlands; Poland; Romania; Spain; United States,Europe; Latin America; North America,2026-04-01,False,https://clinicaltrials.gov/study/NCT06013995
NCT06015230,"Clinical Study to Investigate the Safety, Tolerability, and Pharmacokinetics of GR1603 in SLE",ACTIVE_NOT_RECRUITING,"Phase 1, Phase 2","Genrix (Shanghai) Biopharmaceutical Co., Ltd.",INDUSTRY,Placebo in phase Ⅱ; high dose GR1603 in phase Ⅱ; high dose GR1603 in phaseⅠb; low dose GR1603 in phase Ⅰb; low dose GR1603 in phase Ⅱ,biological,China,East Asia,2024-09-25,False,https://clinicaltrials.gov/study/NCT06015230
NCT06029335,Clinical Risk Assessment of Cognitive Function in Systemic Autoimmune Diseases,UNKNOWN,N/A,University of Pecs,OTHER,,,Hungary,Europe,2023-09-11,False,https://clinicaltrials.gov/study/NCT06029335
NCT06032923,Double-blind Placebo Controlled Study to Evaluate the Effect of NAD+ Boosting With Nicotinamide Riboside on Immunometabolism and Immunity in Systemic Lupus Erythematosus,RECRUITING,"Phase 1, Phase 2","National Heart, Lung, and Blood Institute (NHLBI)",NIH,Nicotinamide Riboside,dietary_supplement,United States,North America,2026-02-17,False,https://clinicaltrials.gov/study/NCT06032923
NCT06038474,Descartes-08 for Patients With Systemic Lupus Erythematosus,ACTIVE_NOT_RECRUITING,Phase 2,Cartesian Therapeutics,INDUSTRY,Descartes-08,drug,United States,North America,2026-03-27,False,https://clinicaltrials.gov/study/NCT06038474
NCT06041568,A Study of Imvotamab in Severe Systemic Lupus Erythematosus,TERMINATED,Phase 1,"IGM Biosciences, Inc.",INDUSTRY,Imvotamab,drug,Poland; South Korea; United States,Europe; North America; Other / Global,2025-02-10,False,https://clinicaltrials.gov/study/NCT06041568
NCT06044337,A Long-Term Extension Study to Learn More About the Safety of Litifilimab (BIIB059) Injections and Whether They Can Improve Symptoms of Adult Participants Who Have Active Cutaneous Lupus Erythematosus,ENROLLING_BY_INVITATION,Phase 3,Biogen,INDUSTRY,BIIB059 (litifilimab),drug,Argentina; Brazil; Bulgaria; Canada; Chile; China; Colombia; France; Germany; Hungary; Italy; Japan; Mexico; Philippines; Poland; Portugal; Serbia; Slovakia; South Korea; Spain; Sweden; Switzerland; Taiwan; United Kingdom; United States,East Asia; Europe; Latin America; North America; Other / Global; Southeast Asia,2026-05-05,False,https://clinicaltrials.gov/study/NCT06044337
NCT06046534,Retrospective Medical Chart Review Study to Describe the Experience of SLE Patients Treated With Anifrolumab in the Early Access Programs.,COMPLETED,N/A,AstraZeneca,INDUSTRY,None (Observational study),other,France; Greece; Israel; Italy; Portugal; Spain; United Kingdom,Europe; Middle East,2025-05-13,False,https://clinicaltrials.gov/study/NCT06046534
NCT06056778,The Prevalence Evaluation of Systemic Lupus Erythematosus in Russian Patients With Reproductive Issues (PRISMA),COMPLETED,N/A,AstraZeneca,INDUSTRY,,,Russia,Other / Global,2025-02-28,False,https://clinicaltrials.gov/study/NCT06056778
NCT06056921,Safety and Efficacy of CD19 Targeted CAR-T Therapy for Refractory Autoimmune Disease,RECRUITING,Phase 1,"Chongqing Precision Biotech Co., Ltd",INDUSTRY,CD19 targeted CAR-T cells,biological,China,East Asia,2023-09-28,False,https://clinicaltrials.gov/study/NCT06056921
NCT06058078,RY_SW01 Cell Injection Therapy in Active Lupus Nephritis,RECRUITING,Phase 2,Jiangsu Renocell Biotech Company,INDUSTRY,Basic treatment; RY_SW01 cell injection,drug,China,East Asia,2024-01-18,False,https://clinicaltrials.gov/study/NCT06058078
NCT06063668,Autotaxin as Abiomarker in Systemic Lupus Erythematosus Patients,UNKNOWN,N/A,Assiut University,OTHER,,,,,2023-10-03,False,https://clinicaltrials.gov/study/NCT06063668
NCT06064929,A Study to Learn More About the Safety and Effects of Felzartamab in Adults With Lupus Nephritis Aged 18 to 75 Years Old,ACTIVE_NOT_RECRUITING,Phase 1,"HI-Bio, A Biogen Company",INDUSTRY,Felzartamab,drug,Argentina; Australia; Canada; United States,Latin America; North America; Oceania,2025-12-31,False,https://clinicaltrials.gov/study/NCT06064929
NCT06073613,Periodontal Status in Patients With Chronic Skin Diseases,COMPLETED,N/A,University of Medicine and Pharmacy at Ho Chi Minh City,OTHER,oral health status,diagnostic_test,Vietnam,Southeast Asia,2023-10-10,False,https://clinicaltrials.gov/study/NCT06073613
NCT06087523,Pulmonary Disease Among Patients With Systemic Lupus Erythematosus,UNKNOWN,N/A,Odense University Hospital,OTHER,Multidisciplinary discussion,other,Denmark,Europe,2023-10-17,False,https://clinicaltrials.gov/study/NCT06087523
NCT06106893,A Clinical Study of CD19 Universal CAR-γδT Cells in Active Systemic Lupus Erythematosus,RECRUITING,"Phase 1, Phase 2","Union Hospital, Tongji Medical College, Huazhong University of Science and Technology",OTHER,CD19 Universal CAR-γδ T Cells,biological,China,East Asia,2025-01-08,False,https://clinicaltrials.gov/study/NCT06106893
NCT06106906,A Clinical Study of CD19 CAR-T in Active Systemic Lupus Erythematosus,RECRUITING,"Phase 1, Phase 2","Union Hospital, Tongji Medical College, Huazhong University of Science and Technology",OTHER,CD19 CAR-T cell infusion,biological,China,East Asia,2025-01-08,False,https://clinicaltrials.gov/study/NCT06106906
NCT06113900,Assessment of Safety and Efficacy of SGLT2is Among LN Patients,UNKNOWN,"Phase 1, Phase 2",Ain Shams University,OTHER,Dapagliflozin 10mg Tab orally once daily,drug,Egypt,Middle East / Africa,2023-11-02,False,https://clinicaltrials.gov/study/NCT06113900
NCT06119763,AntiDFS70 Lupus Nephritis,UNKNOWN,N/A,Sohag University,OTHER,anti dfs70 antibodies,diagnostic_test,Egypt,Middle East / Africa,2023-11-07,False,https://clinicaltrials.gov/study/NCT06119763
NCT06121297,RESET-SLE: A Phase 1/2 Open-Label Study to Evaluate the Safety and Efficacy of CABA-201 in Subjects With Active Systemic Lupus Erythematosus,RECRUITING,"Phase 1, Phase 2",Cabaletta Bio,INDUSTRY,CABA-201,biological,Canada; Spain; United States,Europe; North America,2026-04-09,False,https://clinicaltrials.gov/study/NCT06121297
NCT06133972,Phase 3 Extension Study to Evaluate Long-term Safety of Ianalumab in Participants With Systemic Lupus Erythematosus (SIRIUS-SLE Extension).,RECRUITING,Phase 3,Novartis Pharmaceuticals,INDUSTRY,Ianalumab; Placebo,drug,Argentina; Australia; Brazil; Bulgaria; Canada; Chile; China; Colombia; Czechia; France; Germany; Guatemala; Hungary; India; Israel; Italy; Japan; Malaysia; Mexico; Poland; Portugal; Romania; South Africa; South Korea; Spain; Taiwan; Thailand; United States,Africa; East Asia; Europe; Latin America; Middle East; North America; Oceania; Other / Global; South Asia; Southeast Asia,2026-03-13,False,https://clinicaltrials.gov/study/NCT06133972
NCT06137053,Effect of Telitacicept on Transitional Regulatory B Cells in Patients With Systemic Lupus Erythematosus,UNKNOWN,N/A,Yanfeng Hou,OTHER,,,China,East Asia,2023-11-21,False,https://clinicaltrials.gov/study/NCT06137053
NCT06144710,SG301-SC Injection Safety Study in Subjects With Systemic Lupus Erythematosus,ACTIVE_NOT_RECRUITING,Phase 1,"Hangzhou Sumgen Biotech Co., Ltd.",INDUSTRY,SG301 SC Injection; SG301 SC Placebo,drug,China,East Asia,2026-03-09,False,https://clinicaltrials.gov/study/NCT06144710
NCT06150651,Safety of PiggyBac Transposon CAR T-cells Targeting CD-19 in Refractory Lupus.,COMPLETED,Phase 1,Chulalongkorn University,OTHER,PiggyBac Transposon-Mediated CD19 CAR-T Therapy,other,Thailand,Southeast Asia,2026-03-23,False,https://clinicaltrials.gov/study/NCT06150651
NCT06151990,Assessment of Lipid Profile in Juvenile Systemic Lupus Erythematosus,UNKNOWN,N/A,Assiut University,OTHER,lipid profile,other,Egypt,Middle East / Africa,2023-11-30,False,https://clinicaltrials.gov/study/NCT06151990
NCT06152172,CARTIMMUNE: Study of Patients With Autoimmune Diseases Receiving KYV-101,ACTIVE_NOT_RECRUITING,Phase 1,David Porter,OTHER,Cyclophosphamide; Fludarabine; KYV-101,drug,United States,North America,2026-02-18,False,https://clinicaltrials.gov/study/NCT06152172
NCT06153095,A Study of IMPT-514 in Active Refractory Lupus Nephritis (LN) and Systemic Lupus Erythematosus (SLE),WITHDRAWN,"Phase 1, Phase 2","Lyell Immunopharma, Inc.",INDUSTRY,IMPT-514,biological,Australia; United States,North America; Oceania,2025-02-10,False,https://clinicaltrials.gov/study/NCT06153095
NCT06155604,SGLT2 Inhibitor in Lupus Nephritis Patients With Chronic Kidney Disease,RECRUITING,Phase 2,The University of Hong Kong,OTHER,Dapagliflozin 10mg Tab; Standard maintenance therapy,drug,Hong Kong,East Asia,2024-12-16,False,https://clinicaltrials.gov/study/NCT06155604
NCT06161116,Efficacy And Safety Of MK-6194 In Adult Participants With Systemic Lupus Erythematosus (MK-6194-006),TERMINATED,Phase 2,Merck Sharp & Dohme LLC,INDUSTRY,MK-6194; Placebo,biological,Argentina; Brazil; Canada; Chile; China; Colombia; France; Guatemala; Italy; Japan; Malaysia; Mexico; Philippines; Poland; Spain; Turkey (Türkiye); United States,East Asia; Europe; Latin America; North America; Other / Global; Southeast Asia,2025-08-06,False,https://clinicaltrials.gov/study/NCT06161116
NCT06161363,Description of Compliance With Hydroxychloroquine Treatment in Patients With Systemic Lupus Erythematosus,COMPLETED,N/A,"University Hospital, Toulouse",OTHER,The Morisky Medication Adherence Scale,other,France,Europe,2025-12-31,False,https://clinicaltrials.gov/study/NCT06161363
NCT06166199,Effects of High-intensity Interval Training in Patients With Systemic Lupus Erythematosus,RECRUITING,N/A,Karolinska Institutet,OTHER,HIIT combined with resistance training,behavioral,Sweden,Europe,2023-12-12,False,https://clinicaltrials.gov/study/NCT06166199
NCT06167174,Exploring Biomarkers for Therapeutic Response of Lupus Nephritis Based on Multi Omics Analysis,RECRUITING,N/A,Chinese SLE Treatment And Research Group,OTHER,,,China,East Asia,2023-12-12,False,https://clinicaltrials.gov/study/NCT06167174
NCT06182969,A Study of APG-2575 in Patients With Mild-to-moderate Systemic Lupus Erythematosus.,RECRUITING,"Phase 1, Phase 2",Ascentage Pharma Group Inc.,INDUSTRY,APG-2575; Placebo,drug; other,China,East Asia,2025-12-16,False,https://clinicaltrials.gov/study/NCT06182969
NCT06188507,A First Time in Human Study to Evaluate the Safety and Tolerability of GSK3996401 Following Dosing With GSK4347859 in Healthy Participants,SUSPENDED,Phase 1,GlaxoSmithKline,INDUSTRY,GSK4347859; Placebo,drug,United Kingdom,Europe,2025-10-03,False,https://clinicaltrials.gov/study/NCT06188507
NCT06189157,MB-CART19.1 in Refractory SLE,RECRUITING,"Phase 1, Phase 2",Miltenyi Biomedicine GmbH,INDUSTRY,MB-CART19.1,biological,Germany,Europe,2025-11-26,False,https://clinicaltrials.gov/study/NCT06189157
NCT06208514,Brief Pain Exposure Therapy (BPET) For Nociplastic Pain,RECRUITING,N/A,University of Michigan,OTHER,Brief pain exposure therapy (BPET),behavioral,United States,North America,2026-05-11,False,https://clinicaltrials.gov/study/NCT06208514
NCT06210295,Anemia in Systemic Lupus Erythematosus Specially Refractory Type,NOT_YET_RECRUITING,N/A,Assiut University,OTHER,Laboratory investigtions,combination_product,,,2024-06-06,False,https://clinicaltrials.gov/study/NCT06210295
NCT06210464,Disease and Biomarker Profiling of Chinese Lupus Nephritis,UNKNOWN,N/A,Nan Shen,OTHER,,other,,,2024-01-18,False,https://clinicaltrials.gov/study/NCT06210464
NCT06217107,Wellness & Workforce Solution for Lupus/Lupus Nephritis,UNKNOWN,N/A,Morehouse School of Medicine,OTHER,Culturally congruent coaching; Health360x app; Micro-learning content,behavioral,,,2024-01-22,False,https://clinicaltrials.gov/study/NCT06217107
NCT06222853,Study of Therapeutic Efficacy of Anti-CD19 CAR-T Cells in Refractory Systemic Lupus Erythematosus,ACTIVE_NOT_RECRUITING,Phase 1,The Children's Hospital of Zhejiang University School of Medicine,OTHER,anti-CD19-CAR-T cells,biological,China,East Asia,2026-02-04,False,https://clinicaltrials.gov/study/NCT06222853
NCT06226324,fMRI Study of Early Brain Injury in Systemic Lupus Erythematosus,UNKNOWN,N/A,The Affiliated Hospital of Inner Mongolia Medical University,OTHER,neuropsychological test,other,China,East Asia,2024-01-26,False,https://clinicaltrials.gov/study/NCT06226324
NCT06227559,The Role of Some Hematological Parameters in Juvenile Systemic Lupue Erythematosus,UNKNOWN,N/A,Assiut University,OTHER,,,,,2024-01-29,False,https://clinicaltrials.gov/study/NCT06227559
NCT06228222,Predictors of Remission and Renal Outcomes in Lupus Nephritis in Assuit University Hospitals.,UNKNOWN,N/A,Assiut University,OTHER,renal biopsy,procedure,,,2024-01-29,False,https://clinicaltrials.gov/study/NCT06228222
NCT06231303,Gut Microbiota Dysbiosis in Lupus Nephritis,NOT_YET_RECRUITING,N/A,Hager Zanaty,OTHER,DNA extraction and PCR amplification,genetic,,,2024-01-30,False,https://clinicaltrials.gov/study/NCT06231303
NCT06232304,Transforming Care for Individuals With Childhood-onset Systemic Lupus Erythematosus,RECRUITING,N/A,Michigan State University,OTHER,TEACH,behavioral,Canada; United States,North America,2025-10-30,False,https://clinicaltrials.gov/study/NCT06232304
NCT06234852,Gradual Withdrawal of Low-dose Glucocorticoid in Clinically Quiescent Systemic Lupus Erythematosus.,COMPLETED,N/A,Phramongkutklao College of Medicine and Hospital,OTHER,Glucocorticoid maintenance group; Glucocorticoid withdrawal group,behavioral,Thailand,Southeast Asia,2024-04-19,False,https://clinicaltrials.gov/study/NCT06234852
NCT06238531,A Clinical Trial to Evaluate Safety of Gusacitinib in Patients With Systemic Lupus Erythematosus (SLE) or Lupus,WITHDRAWN,Phase 1,National Institute of Arthritis and Musculoskeletal and Skin Diseases (NIAMS),NIH,Gusacitinib,drug,United States,North America,2025-03-13,False,https://clinicaltrials.gov/study/NCT06238531
NCT06249438,A Study of C-CAR168 in the Treatment of Autoimmune Diseases Refractory to Standard Therapy,RECRUITING,Phase 1,RenJi Hospital,OTHER,CD20/BCMA-directed CAR-T cells,biological,China,East Asia,2025-07-25,False,https://clinicaltrials.gov/study/NCT06249438
NCT06255028,A Study of CNTY-101 in Participants With Refractory B Cell-mediated Autoimmune Diseases,ACTIVE_NOT_RECRUITING,Phase 1,"Century Therapeutics, Inc.",INDUSTRY,CNTY-101; IL-2; Lymphodepleting Chemotherapy,biological; drug,United States,North America,2026-01-08,False,https://clinicaltrials.gov/study/NCT06255028
NCT06255743,"(Anti-Ribosomal P Protein,Anti-U1 RNP, Anti-Nucleosome and Anti-ds DNA Antibodies) and Relation to Depression and Anxiety in SLE",UNKNOWN,N/A,Sohag University,OTHER,"Anti-Ribosomal P Protein,Anti-U1 RNP, Anti-Nucleosome and Anti-Double Strad DNA Antibodies",diagnostic_test,Egypt,Middle East / Africa,2024-02-13,False,https://clinicaltrials.gov/study/NCT06255743
NCT06263764,The Effect of Listening to Qur'an Recital on Quality of Life in Systemic Lupus Erythematosus Patients,UNKNOWN,N/A,Indonesia University,OTHER,Listening to Qur'an Recital,other,Indonesia,Southeast Asia,2024-02-16,False,https://clinicaltrials.gov/study/NCT06263764
NCT06265220,AB-101 in Combination With B-Cell Depleting mAb in Patients Who Failed Treatment for Class III or IV Lupus Nephritis or Other Forms of Refractory Systemic Lupus Erythematosus,ACTIVE_NOT_RECRUITING,Phase 1,"Artiva Biotherapeutics, Inc.",INDUSTRY,AB-101; Cyclophosphamide; Fludarabine; Obinutuzumab; Rituximab,drug,United States,North America,2025-12-10,False,https://clinicaltrials.gov/study/NCT06265220
NCT06277427,Refractory ANCA Associated Vasculitis and Lupus Nephritis Treated With BCMA-targeting CAR-T Cells,RECRUITING,N/A,Lingli Dong,OTHER,PRG-1801 （CAR-T against BCMA）,drug,China,East Asia,2024-02-26,False,https://clinicaltrials.gov/study/NCT06277427
NCT06285279,The BCMA/CD19 Dual Targeted CAR-T Cell in Participants With Autoimmune Kidney Diseases,RECRUITING,Phase 1,Nanjing University School of Medicine,OTHER,FKC288,drug,China,East Asia,2025-06-11,False,https://clinicaltrials.gov/study/NCT06285279
NCT06287125,Renal Assessment for Early Detection of Renal Impairment in Systemic Sclerosis and Systemic Lupus Erythematosus Patients,NOT_YET_RECRUITING,N/A,Assiut University,OTHER,"Renal multi-parametric MRI, Renal doppler ultrasound, Serum CD147",device,,,2024-02-29,False,https://clinicaltrials.gov/study/NCT06287125
NCT06288308,Fibrinogen to Albumin Ratio (FAR) as a Predictive Biomarker for Lupus Nephritis (LN),UNKNOWN,N/A,Assiut University,OTHER,fibronigin to albumin ratio,diagnostic_test,,,2024-03-01,False,https://clinicaltrials.gov/study/NCT06288308
NCT06293365,Two-period Crossover Study to Demonstrate the Comparability of Pharmacokinetics of Subcutaneous Ianalumab Between 2mL Auto-injector/2mL PFS with1mL Pre-filled Syringe in Adult Participants With Autoimmune Disease,ACTIVE_NOT_RECRUITING,Phase 2,Novartis Pharmaceuticals,INDUSTRY,VAY736 1ml PFS; VAY736 2 ml PFS; VAY736 2ml AI,biological,Argentina; Canada; Czechia; Hungary; Italy; Poland; Spain; United States,Europe; Latin America; North America,2026-05-12,False,https://clinicaltrials.gov/study/NCT06293365
NCT06294236,Study Evaluating SC291 in Subjects With Severe r/r B-cell Mediated Autoimmune Diseases (GLEAM),ACTIVE_NOT_RECRUITING,Phase 1,Sana Biotechnology,INDUSTRY,SC291,biological,United States,North America,2025-11-25,False,https://clinicaltrials.gov/study/NCT06294236
NCT06294483,Comparison Between Early-onset and Late-onset Patients With Systemic Lupus Erythematosus.,UNKNOWN,N/A,Sohag University,OTHER,2019 European League Against Rheumatism/American College of Rheumatology classification criteria for systemic lupus erythematosus.; Anti phospholipid marker; Antinuclear Antibody tests (ANA); C3 and C4 complement level.; CBC; Rest of ANA profile; SLEDAI scores; Serum creatinine and Alb/create ratio,diagnostic_test; other,Egypt,Middle East / Africa,2024-03-05,False,https://clinicaltrials.gov/study/NCT06294483
NCT06297408,Relma-cel for Moderate to Severe Active Systemic Lupus Erythematosus,NOT_YET_RECRUITING,Phase 1,"Shanghai Ming Ju Biotechnology Co., Ltd.",INDUSTRY,Relma-cel,drug,,,2024-03-07,False,https://clinicaltrials.gov/study/NCT06297408
NCT06308770,Fatigue in Lupus Intervention Programmes (FLIP),RECRUITING,N/A,University of Edinburgh,OTHER,4 week FMP; 7 week FMP; Standard Care,behavioral,United Kingdom,Europe,2026-05-07,False,https://clinicaltrials.gov/study/NCT06308770
NCT06308978,A Phase 1 Study of FT819 in B-cell Mediated Autoimmune Disease,RECRUITING,Phase 1,Fate Therapeutics,INDUSTRY,Bendamustine; Cyclophosphamide; FT819; Fludarabine,drug,France; Sweden; United Kingdom; United States,Europe; North America,2026-05-01,False,https://clinicaltrials.gov/study/NCT06308978
NCT06310811,Anti-CD19 CAR-T Cell Therapy in Participants With Moderate to Severe Active Systemic Lupus Erythematosus,SUSPENDED,N/A,"Union Hospital, Tongji Medical College, Huazhong University of Science and Technology",OTHER,RD06-04 Cells injection,drug,China,East Asia,2026-02-03,False,https://clinicaltrials.gov/study/NCT06310811
NCT06313151,The 2019 EULAR/ACR Classification Criteria as Predictor of Organ Damage in Systemic Lupus Erythematosus Patients,UNKNOWN,N/A,Sohag University,OTHER,,,Egypt,Middle East / Africa,2024-03-15,False,https://clinicaltrials.gov/study/NCT06313151
NCT06314282,INTERSTELLAR - International Study Evaluating Lupus Outcomes After Anifrolumab Real World Use,RECRUITING,N/A,AstraZeneca,INDUSTRY,,,Kazakhstan,Other / Global,2026-04-20,False,https://clinicaltrials.gov/study/NCT06314282
NCT06316076,Safety and Efficacy Study of CD19-CAR-DNT Cells in Autoimmune Diseases,RECRUITING,Phase 1,RenJi Hospital,OTHER,CD19-CAR-DNT cells,biological,China,East Asia,2024-03-18,False,https://clinicaltrials.gov/study/NCT06316076
NCT06316791,Exploratory Clinical Study of CNCT19 Anti CD19 Cell Therapy in the Treatment of Refractory Autoimmune Diseases,RECRUITING,Early Phase 1,Juventas Cell Therapy Ltd.,INDUSTRY,single dose of CNCT19,biological,China,East Asia,2025-02-10,False,https://clinicaltrials.gov/study/NCT06316791
NCT06327724,Belimumab in SLE Synovial Inflammation and Lymph Nodes,UNKNOWN,N/A,Academisch Medisch Centrum - Universiteit van Amsterdam (AMC-UvA),OTHER,Belimumab,drug,Netherlands,Europe,2024-03-25,False,https://clinicaltrials.gov/study/NCT06327724
NCT06333483,"Obe-cel in Adolescent [Applicable in UK Only] and Adult Severe, Refractory Systemic Lupus Erythematosus",RECRUITING,Phase 1,Autolus Limited,INDUSTRY,Obecabtagene autoleucel (obe-cel),biological,Spain; United Kingdom,Europe,2026-02-27,False,https://clinicaltrials.gov/study/NCT06333483
NCT06335979,An Ascending Dose Study of PIT565 in Participants With Systemic Lupus Erythematosus (SLE).,RECRUITING,Phase 1,Novartis Pharmaceuticals,INDUSTRY,PIT565,drug,Bulgaria; China; Germany; Hungary; Netherlands; Spain; Switzerland,East Asia; Europe,2026-03-23,False,https://clinicaltrials.gov/study/NCT06335979
NCT06340490,A Study of RJMty19 in Refractory Systemic Lupus Erythematosus (SLE),NOT_YET_RECRUITING,Phase 1,"Guangdong Ruishun Biotech Co., Ltd",INDUSTRY,RJMty19 (CD19-CAR-DNT cells),biological,China,East Asia,2024-04-01,False,https://clinicaltrials.gov/study/NCT06340490
NCT06340750,BAFF CAR-T Cells (LMY-920) for Systemic Lupus Erythematosus,RECRUITING,Phase 1,Luminary Therapeutics,INDUSTRY,LMY-920,biological,United States,North America,2025-06-03,False,https://clinicaltrials.gov/study/NCT06340750
NCT06342960,"KYSA-3: A Study of Anti-CD19 Chimeric Antigen Receptor T-Cell (CD19 CAR T) Therapy, in Subjects With Refractory Lupus Nephritis",ACTIVE_NOT_RECRUITING,"Phase 1, Phase 2",Kyverna Therapeutics,INDUSTRY,KYV-101 anti-CD19 CAR-T cell therapy; Standard lymphodepletion regimen,biological; drug,Germany,Europe,2025-10-29,False,https://clinicaltrials.gov/study/NCT06342960
NCT06347718,CAR-T Cells in Systemic B Cell Mediated Autoimmune Disease,RECRUITING,"Phase 1, Phase 2",Miltenyi Biomedicine GmbH,INDUSTRY,anti-CD19 CAR T cell therapy,drug,Germany,Europe,2025-09-30,False,https://clinicaltrials.gov/study/NCT06347718
NCT06349343,CD19/BCMA CAR-T Cell Therapy for Refractory/Moderate-to-severe Systemic Lupus Erythematosus,RECRUITING,Phase 1,"Union Hospital, Tongji Medical College, Huazhong University of Science and Technology",OTHER,CD19/BCMA CAR-T cell therapy,biological,China,East Asia,2025-03-26,False,https://clinicaltrials.gov/study/NCT06349343
NCT06350110,Fourth-gen CAR T Cells Targeting BCMA/CD19 for Refractory Systemic Lupus Erythematosus (SLE),RECRUITING,"Phase 1, Phase 2",Essen Biotech,OTHER,CD19- BCMA CAR-T cells,biological,China,East Asia,2024-10-15,False,https://clinicaltrials.gov/study/NCT06350110
NCT06356740,Efficacy and Tolerance of Abacavir/Lamivudine Treatment in Patients With Systemic Lupus Erythematosus,NOT_YET_RECRUITING,Phase 2,Hospices Civils de Lyon,OTHER,Blood sample; Lupus Impact Tracker questionnaire; Treatment :Abacavir 600 mg/lamivudine 300 mg,biological; drug; other,France,Europe,2024-04-10,False,https://clinicaltrials.gov/study/NCT06356740
NCT06360068,"A Prospective, Single Arm, Open Label, Proof of Concept Clinical Study of Sulfasalazine in the Treatment of Active Systemic Lupus Erythematosus",UNKNOWN,Phase 2,Qiong Fu,OTHER,Sulfasalazine Tablets,drug,,,2024-04-11,False,https://clinicaltrials.gov/study/NCT06360068
NCT06361745,Early Clinical Study of UTAA09 Injection in the Treatment of Relapsed/Refractory Autoimmune Diseases,UNKNOWN,N/A,"PersonGen BioTherapeutics (Suzhou) Co., Ltd.",INDUSTRY,T cell injection targeting CD19 chimeric antigen receptor,biological,China,East Asia,2024-04-15,False,https://clinicaltrials.gov/study/NCT06361745
NCT06365359,Systemic Lupus Erythematosus and Chlordecone Impregnation in Martinique,RECRUITING,N/A,University Hospital Center of Martinique,OTHER,Blood sample for analysis of plasma of organochlorine pesticides concentration; Blood sample for cell collection,other,France,Europe,2025-03-31,False,https://clinicaltrials.gov/study/NCT06365359
NCT06373081,Anti-CD19-CD3E-CAR-T Cells in Relapsed/Refractory Autoimmune Disease,UNKNOWN,N/A,Shanghai Changzheng Hospital,OTHER,Anti-CD19-CD3E-CAR-T cells,biological,China,East Asia,2024-04-18,False,https://clinicaltrials.gov/study/NCT06373081
NCT06373991,A Study to Evaluate the Safety and Efficacy of ATHENA CAR-T in Subjects With Systemic Lupus Erythematosus,NOT_YET_RECRUITING,Phase 1,EdiGene Inc.,INDUSTRY,ATHENA CAR-T; Cyclophosphamide; Fludarabine,biological; drug,China,East Asia,2024-06-17,False,https://clinicaltrials.gov/study/NCT06373991
NCT06375993,"A Phase 1 Study of Prulacabtagene Leucel (Prula-cel, Formerly ADI-001) in Autoimmune Disease",ENROLLING_BY_INVITATION,Phase 1,Adicet Therapeutics,INDUSTRY,ADI-001; Cyclophosphamide; Fludarabine,drug,United States,North America,2026-03-19,False,https://clinicaltrials.gov/study/NCT06375993
NCT06377228,A Study of TAK-007 in Adults With Refractory Lupus Nephritis (LN) or Refractory Systemic Sclerosis (SSc),WITHDRAWN,Phase 1,Takeda,INDUSTRY,Chemotherapy Agents; TAK-007,biological; drug,United States,North America,2025-04-06,False,https://clinicaltrials.gov/study/NCT06377228
NCT06378736,Electroencephalogram Recording in Patients With Systemic Lupus Erythematosus,UNKNOWN,N/A,Northwell Health,OTHER,"Electroencephalography (EEG) signals, which will be detected noninvasively from dry scalp surface electrodes while the subjects are in a state of wakeful rest.",other,United States,North America,2024-04-29,False,https://clinicaltrials.gov/study/NCT06378736
NCT06379646,An Clinical Study of YTS109 Cell Injection in Subjects With Recurrent/Refractory Autoimmune Disease,RECRUITING,N/A,"China Immunotech (Beijing) Biotechnology Co., Ltd.",INDUSTRY,YTS109,other,China,East Asia,2024-08-29,False,https://clinicaltrials.gov/study/NCT06379646
NCT06383104,Myofascial Techniques and Proprioceptive Neuromuscular Facilitation in Patients With Systemic Lupus Erythematosus.,COMPLETED,N/A,Universidad Católica San Antonio de Murcia,OTHER,Intervention,other,Spain,Europe,2025-03-27,False,https://clinicaltrials.gov/study/NCT06383104
NCT06394063,Efficacy and Safety of Telitacicept for Prevention of Flares in SLE Patients,RECRUITING,N/A,RenJi Hospital,OTHER,Placebo; Telitacicept,biological; drug,China,East Asia,2024-07-03,False,https://clinicaltrials.gov/study/NCT06394063
NCT06400537,Clinical Study of A-319 in the Treatment of Active/Refractory Systemic Lupus Erythematosus,RECRUITING,Phase 1,"Union Hospital, Tongji Medical College, Huazhong University of Science and Technology",OTHER,A-319,biological,China,East Asia,2025-09-17,False,https://clinicaltrials.gov/study/NCT06400537
NCT06404723,The Predictive and Prognostic Values of the Fibrinogen to Albumin Ratio and C-reactive Protien to Albumin Ratio in Systemic Lupus Erythematosus Patients,NOT_YET_RECRUITING,N/A,Sohag University,OTHER,Fibrinogen to albumin Ratio and C-reactive to Albumin Ratio,diagnostic_test,,,2024-05-08,False,https://clinicaltrials.gov/study/NCT06404723
NCT06406205,A Study of QLG1074 Combined With Background Therapy in Subjects With Active Lupus Nephritis,RECRUITING,Phase 3,"Qilu Pharmaceutical Co., Ltd.",INDUSTRY,Placebo; Voclosporin（QL1074）,drug,China,East Asia,2024-05-09,False,https://clinicaltrials.gov/study/NCT06406205
NCT06411249,A Study Describing the Efficacy and Safety of Belimumab Administered in Adult Participants With Early Systemic Lupus Erythematosus (SLE),RECRUITING,Phase 4,GlaxoSmithKline,INDUSTRY,Belimumab (GSK1550188),drug,Argentina; Brazil; France; Germany; Greece; Italy; Japan; Mexico; Portugal; Spain; United States,East Asia; Europe; Latin America; North America,2025-11-26,False,https://clinicaltrials.gov/study/NCT06411249
NCT06411639,Pharmacokinetics Study of Ianalumab in Chinese Participants With Autoimmune Diseases,WITHDRAWN,Phase 1,Novartis Pharmaceuticals,INDUSTRY,ianalumab,drug,,,2025-01-27,False,https://clinicaltrials.gov/study/NCT06411639
NCT06413511,A Study to Investigate the Safety and Pharmacological Effect of a Single Intravenous Infusion of Belantamab in Male and Female Participants Aged 18 to 75 With Autoimmune Disease,WITHDRAWN,Phase 1,GlaxoSmithKline,INDUSTRY,Belantamab,biological,,,2025-08-27,False,https://clinicaltrials.gov/study/NCT06413511
NCT06417398,Preliminary Clinical Study of UTAA09 Injection in the Treatment of Relapsed/Refractory Autoimmune Diseases,UNKNOWN,Early Phase 1,"PersonGen BioTherapeutics (Suzhou) Co., Ltd.",INDUSTRY,T cell injection targeting CD19 chimeric antigen receptor,biological,,,2024-05-16,False,https://clinicaltrials.gov/study/NCT06417398
NCT06417502,Observational Study of Pediatric Rheumatic and Immunologic Diseases in China: The CAPRID Registry,RECRUITING,N/A,Peking Union Medical College Hospital,OTHER,,,China,East Asia,2024-05-16,False,https://clinicaltrials.gov/study/NCT06417502
NCT06419205,"A Phase 2 Study to Evaluate the Safety, PD, PK, and Clinical Activity of ADX-097 in Participants With IgAN, LN or C3G",WITHDRAWN,Phase 2,Q32 Bio Inc.,INDUSTRY,ADX-097,drug,United States,North America,2025-04-20,False,https://clinicaltrials.gov/study/NCT06419205
NCT06420154,The Safety and Efficacy of Anti-CD19 CAR-T Cells in Patients With Relapsed/Refractory Autoimmune Diseases,NOT_YET_RECRUITING,Early Phase 1,First Affiliated Hospital of Wenzhou Medical University,OTHER,anti-CD19-CAR-T cells,biological,China,East Asia,2024-05-17,False,https://clinicaltrials.gov/study/NCT06420154
NCT06421701,Anti-CD19 CAR-NK Cells in Refractory/Relapsed Systemic Lupus Erythematosus,RECRUITING,Phase 1,"Second Affiliated Hospital, School of Medicine, Zhejiang University",OTHER,anti-CD19 CAR-NK cells,drug,China,East Asia,2025-05-25,False,https://clinicaltrials.gov/study/NCT06421701
NCT06428188,Sequential CAR-T Cells Targeting BCMA/CD19 in Patients With Relapsed/ Refractory Autoimmune Diseases,RECRUITING,"Phase 1, Phase 2",Essen Biotech,OTHER,BCMA/CD19 CAR-T cells,biological,China,East Asia,2024-11-05,False,https://clinicaltrials.gov/study/NCT06428188
NCT06428539,T Regulatory Cells IN LUPUS NEPHRITIS,NOT_YET_RECRUITING,N/A,Assiut University,OTHER,T-reg cells,diagnostic_test,,,2024-05-29,False,https://clinicaltrials.gov/study/NCT06428539
NCT06429800,A Study to Evaluate the Safety and Preliminary Efficacy of ATA3219 in Participants With Systemic Lupus Erythematosus,WITHDRAWN,Phase 1,Atara Biotherapeutics,INDUSTRY,ATA3219,drug,United States,North America,2025-04-24,False,https://clinicaltrials.gov/study/NCT06429800
NCT06434363,Phase I/II Study of AD-PluReceptor Plus Tafasitamab-cxix and Lymphodepleting Chemotherapy in Patients With Autoimmune Disorders,RECRUITING,"Phase 1, Phase 2",M.D. Anderson Cancer Center,OTHER,Cyclophosphamide; Fludarabine phosphate; Tafasitamab; Tafasitamab and NK cells,drug,United States,North America,2026-04-15,False,https://clinicaltrials.gov/study/NCT06434363
NCT06445127,Evaluation of Patients With Lupus Nephritis Using Kidney MRI (Magnetic Resonance Imaging),TERMINATED,N/A,Johns Hopkins University,OTHER,,,United States,North America,2025-05-07,False,https://clinicaltrials.gov/study/NCT06445127
NCT06448273,"A Study to Evaluate the Safety, Pharmacokinetics, and Pharmacokinetic of TQB3702 Tablets in Healthy Adult Subjects",UNKNOWN,Phase 1,"Chia Tai Tianqing Pharmaceutical Group Co., Ltd.",INDUSTRY,TQB3702 placebo; TQB3702 tablets,drug,China,East Asia,2024-08-12,False,https://clinicaltrials.gov/study/NCT06448273
NCT06449794,Neuropsycatric Disorders Among Children With Systemic Lupus Erythematosus in Sohag University Hospital,RECRUITING,N/A,Sohag University,OTHER,Anti Phospholipid antibodies; EEG,diagnostic_test; radiation,Egypt,Middle East / Africa,2024-06-11,False,https://clinicaltrials.gov/study/NCT06449794
NCT06456567,A Study of Telitacicept for the Treatment of Moderately to Severely Active Systemic Lupus Erythematosus (REMESLE-2),WITHDRAWN,Phase 3,Vor Biopharma,INDUSTRY,Placebo; Telitacicept,biological; drug,United States,North America,2026-01-09,False,https://clinicaltrials.gov/study/NCT06456567
NCT06458075,Intervention to Improve Communication and Medication Adherence in Lupus,RECRUITING,N/A,Duke University,OTHER,CO-LEAD,behavioral,United States,North America,2025-09-30,False,https://clinicaltrials.gov/study/NCT06458075
NCT06458972,Safety and Efficacy of Telitacicept in the Treatment of Systemic Lupus Erythematosus (SLE),RECRUITING,N/A,Tongji Hospital,OTHER,,,China,East Asia,2024-11-19,False,https://clinicaltrials.gov/study/NCT06458972
NCT06462144,"IMPT-514 in Systemic Lupus Erythematosus, Anca-associated Vasculitis, and Idiopathic Inflammatory Myopathy",TERMINATED,Early Phase 1,The Affiliated Nanjing Drum Tower Hospital of Nanjing University Medical School,OTHER,IMPT-514 CART Cell Injection,drug,China,East Asia,2026-01-28,False,https://clinicaltrials.gov/study/NCT06462144
NCT06462768,Neutrophil Extracellular Traps in Different Forms of Systemic Sclerosis,RECRUITING,N/A,CHU de Reims,OTHER,Blood sample,other,France,Europe,2024-06-17,False,https://clinicaltrials.gov/study/NCT06462768
NCT06465147,REACT-01: Reversing Autoimmunity Through Cell Therapy,RECRUITING,Phase 1,Seattle Children's Hospital,OTHER,SCRI-CAR19v3,biological,United States,North America,2025-12-12,False,https://clinicaltrials.gov/study/NCT06465147
NCT06468683,F01 in the Treatment of Moderate-to-severe Refractory Systemic Lupus Erythematosus,NOT_YET_RECRUITING,Phase 1,"Shanghai Simnova Biotechnology Co.,Ltd.",INDUSTRY,"After preconditioning with chemotherapy, F01 will be evaluated.",biological,China,East Asia,2024-06-21,False,https://clinicaltrials.gov/study/NCT06468683
NCT06475742,Long-term Safety and Tolerability of Cenerimod in Adults With Systemic Lupus Erythematosus,ENROLLING_BY_INVITATION,Phase 3,Viatris Innovation GmbH,INDUSTRY,Cenerimod,drug,Argentina; Brazil; Bulgaria; Chile; Colombia; Czechia; Georgia; Germany; Greece; Mexico; Peru; Philippines; Poland; Portugal; Puerto Rico; Romania; Serbia; South Africa; South Korea; Spain; Taiwan; Thailand; United States,Africa; East Asia; Europe; Latin America; North America; Other / Global; Southeast Asia,2026-05-06,False,https://clinicaltrials.gov/study/NCT06475742
NCT06479213,"REACH (Restore Energy, Activity Can Help) Lupus Study",ACTIVE_NOT_RECRUITING,N/A,Tufts Medical Center,OTHER,REACH Mobile Health Application; REACH Peer Coaching Program,behavioral,United States,North America,2025-07-20,False,https://clinicaltrials.gov/study/NCT06479213
NCT06485648,Mesenchymal Stem Cell Transfusion for the Treatment of Refractory Lupus Nephritis,NOT_YET_RECRUITING,Early Phase 1,Chinese PLA General Hospital,OTHER,Normal saline; Umbilical cord mesenchymal stem cells,biological; drug,,,2024-07-03,False,https://clinicaltrials.gov/study/NCT06485648
NCT06485674,Long-Term Organ Damage: Anifrolumab Versus Real-World Standard of Care in Adult Patients With Active Systemic Lupus Erythematosus,COMPLETED,N/A,AstraZeneca,INDUSTRY,,,Canada,North America,2026-04-22,False,https://clinicaltrials.gov/study/NCT06485674
NCT06491602,"A Study of Clinical Characteristics ,Risk Factors and Outcome of Lupus Nephritis Among Children With Systemic Lupus Erthromatousus in Sohag Univeristy Hospital",RECRUITING,N/A,Sohag University,OTHER,renal biobsy,diagnostic_test,Egypt,Middle East / Africa,2024-07-09,False,https://clinicaltrials.gov/study/NCT06491602
NCT06497361,Safety and Efficacy of PRG-2311 for Refractory Lupus Nephritis and IgG4-Related Disease,RECRUITING,Early Phase 1,Tongji Hospital,OTHER,PRG-2311,biological,China,East Asia,2024-07-11,False,https://clinicaltrials.gov/study/NCT06497361
NCT06497387,Safety and Efficacy of PRG-1801 for Refractory Lupus Nephritis and IgG4-Related Disease,RECRUITING,Early Phase 1,Tongji Hospital,OTHER,PRG-1801,biological,China,East Asia,2024-07-11,False,https://clinicaltrials.gov/study/NCT06497387
NCT06503224,An Exploratory Clinical Study of SCAR02 Targeting BCMA and CD19 for the Treatment of Refractory Autoimmune Diseases,RECRUITING,N/A,The First Affiliated Hospital of University of Science and Technology of China,OTHER,Anti-BCMA and CD19 CART cells will be injected intravenously on a one-time basis.,drug,China,East Asia,2025-04-24,False,https://clinicaltrials.gov/study/NCT06503224
NCT06513429,IM19 CAR-T Cell Therapy in Refractory Systemic Lupus Erythematosus (SLE),RECRUITING,N/A,Peking University Third Hospital,OTHER,IM19 CAR-T cells,biological,China,East Asia,2025-08-17,False,https://clinicaltrials.gov/study/NCT06513429
NCT06518668,"A Study of NKX019, a CD19 CAR NK Cell Therapy, in Subjects With Systemic Lupus Erythematosus",SUSPENDED,Phase 1,Columbia University,OTHER,Cyclophosphamide LD; NKX019,biological; drug,United States,North America,2026-04-21,False,https://clinicaltrials.gov/study/NCT06518668
NCT06520670,Urinary G3BP as a Novel Biomarker in Lupus Nephritis,NOT_YET_RECRUITING,N/A,Assiut University,OTHER,Urinary galectin-3 binding protein,diagnostic_test,,,2024-07-26,False,https://clinicaltrials.gov/study/NCT06520670
NCT06527872,Study to Assess Real-world Effectiveness of Belimumab for Treatment of Adults With LN,RECRUITING,N/A,GlaxoSmithKline,INDUSTRY,None (Observational study),other,Japan; United States,East Asia; North America,2026-03-27,False,https://clinicaltrials.gov/study/NCT06527872
NCT06530849,A Study of GC012F Injection in Subjects With Refractory Systemic Lupus Erythematosus,RECRUITING,"Phase 1, Phase 2","Gracell Biotechnologies (Shanghai) Co., Ltd.",INDUSTRY,GC012F Injection,drug,China,East Asia,2026-04-08,False,https://clinicaltrials.gov/study/NCT06530849
NCT06535412,A Study of IMC-002 for the Treatment of Active Systemic Lupus Erythematosus,NOT_YET_RECRUITING,"Phase 1, Phase 2","ImmuneCare Biopharmaceuticals (Shanghai) Co., Ltd.",OTHER,IMC-002 + SOC; Placebo + SOC,drug,,,2024-08-02,False,https://clinicaltrials.gov/study/NCT06535412
NCT06544330,"A Phase 1 Study of SYNCAR-001 + STK-009 Without Conditioning Chemotherapy (Lymphodepletion) in Subjects With Severe, Refractory Systemic Autoimmune Rheumatic Disease",ACTIVE_NOT_RECRUITING,Phase 1,Synthekine,INDUSTRY,STK-009; SYNCAR-001,drug,United States,North America,2025-11-04,False,https://clinicaltrials.gov/study/NCT06544330
NCT06544343,Integration of Remote Monitoring in the Management of Chronic Immunosuppressive Therapy,RECRUITING,N/A,University Of Perugia,OTHER,On site monitoring; Remote Monitoring,other,Italy,Europe,2024-08-09,False,https://clinicaltrials.gov/study/NCT06544343
NCT06548607,Clinical Study on Targeted CD19 or CD19-BCMA CAR-T Therapy for Autoimmune Diseases,RECRUITING,Early Phase 1,"Nanjing Bioheng Biotech Co., Ltd.",INDUSTRY,CD19 or CD19-BCMA CAR-T,drug,China,East Asia,2026-03-06,False,https://clinicaltrials.gov/study/NCT06548607
NCT06549296,Clinical Study on Targeted CD19CAR-T Therapy for Autoimmune Diseases,SUSPENDED,Early Phase 1,"Nanjing Bioheng Biotech Co., Ltd.",INDUSTRY,RD06-04 CART Cell Injection,drug,China,East Asia,2026-02-03,False,https://clinicaltrials.gov/study/NCT06549296
NCT06551389,Follow-up of the Systemic Lupus Erythematosus Cohort as Part of the Multidisciplinary Consultation at Brest CHRU,RECRUITING,N/A,"University Hospital, Brest",OTHER,,,France,Europe,2024-08-13,False,https://clinicaltrials.gov/study/NCT06551389
NCT06556992,Fitness Integrative Training for Pediatric Rheumatology Disorders,COMPLETED,N/A,"Children's Hospital Medical Center, Cincinnati",OTHER,FIT Teens,behavioral,United States,North America,2025-08-28,False,https://clinicaltrials.gov/study/NCT06556992
NCT06557265,A Phase 1/2 Study of NKX019 in Subjects With Autoimmune Disease (Ntrust-1),RECRUITING,"Phase 1, Phase 2","Nkarta, Inc.",INDUSTRY,"Fludarabine, Cyclophosphamide; NKX019",drug,Puerto Rico; United States,North America; Other / Global,2026-05-14,False,https://clinicaltrials.gov/study/NCT06557265
NCT06559163,A Study of Obexelimab in Patients With Systemic Lupus Erythematosus,RECRUITING,Phase 2,"Zenas BioPharma (USA), LLC",INDUSTRY,Obexelimab; Placebo,drug,Belgium; Bulgaria; Canada; China; Denmark; Germany; Greece; Italy; Japan; Mexico; Poland; Portugal; Puerto Rico; Romania; South Africa; Spain; Taiwan; United States,Africa; East Asia; Europe; North America; Other / Global,2025-07-30,False,https://clinicaltrials.gov/study/NCT06559163
NCT06560775,Effects of Nigella Sativa on T Cells and Cytokine Profile in Pediatric SLE Patients,COMPLETED,N/A,University of Brawijaya,OTHER,Standard Treatment for SLE,combination_product,Indonesia,Southeast Asia,2024-08-20,False,https://clinicaltrials.gov/study/NCT06560775
NCT06564181,The Relation Between Serum Zinc and Lupus Nephritis,NOT_YET_RECRUITING,N/A,Assiut University,OTHER,,,,,2026-01-02,False,https://clinicaltrials.gov/study/NCT06564181
NCT06567080,JWCAR201 for the Treatment of Hematology Malignancy and Autoimmune Diseases,NOT_YET_RECRUITING,Phase 1,RenJi Hospital,OTHER,JWCAR201,biological,China,East Asia,2024-08-22,False,https://clinicaltrials.gov/study/NCT06567080
NCT06570434,Phase 1b/2a in SLE With Budoputug,WITHDRAWN,"Phase 1, Phase 2",Tenet Medicines,INDUSTRY,budoprutug,drug,,,2024-10-16,False,https://clinicaltrials.gov/study/NCT06570434
NCT06570798,A Phase 2 Master Protocol Assessing Inebilizumab and Blinatumomab in Autoimmune Diseases,RECRUITING,Phase 2,Amgen,INDUSTRY,Blinatumomab; Inebilizumab,drug,Australia; Belgium; France; Germany; Italy; Portugal; Spain; United Arab Emirates; United Kingdom; United States,Europe; Middle East; North America; Oceania,2026-05-07,False,https://clinicaltrials.gov/study/NCT06570798
NCT06576271,"A Study of GSK4527363 in Healthy Participants, Systemic Lupus Erythematosus (SLE) Participants, Healthy Chinese, and Japanese Participants and CTD-ILD Participants",RECRUITING,Phase 1,GlaxoSmithKline,INDUSTRY,Belimumab; GSK4527363; Placebo matching GSK4527363,drug,Argentina; Brazil; Poland; Spain; United Kingdom; United States,Europe; Latin America; North America,2026-04-29,False,https://clinicaltrials.gov/study/NCT06576271
NCT06581198,"A Study of Rapcabtagene Autoleucel in Active, Refractory Systemic Lupus Erythematosus (SLE) or Lupus Nephritis (LN) Patients (AUTOGRAPH - SLE/LN)",RECRUITING,Phase 2,Novartis Pharmaceuticals,INDUSTRY,rapcabtagene autoleucel,biological,Australia; Austria; Brazil; Czechia; Denmark; France; Germany; Hungary; Israel; Italy; Japan; Netherlands; Norway; Romania; Saudi Arabia; Singapore; South Korea; Spain; Sweden; Switzerland; Taiwan; United Kingdom; United States,East Asia; Europe; Latin America; Middle East; North America; Oceania; Other / Global; Southeast Asia,2026-02-20,False,https://clinicaltrials.gov/study/NCT06581198
NCT06581562,Open-label Single-Center Study to Evaluate the Safety and Efficacy of Combining Rituximab and AB-101 in B-cell Associated Autoimmune Diseases.,RECRUITING,Phase 1,"IRIS Research and Development, LLC",OTHER,AB-101; Cyclophosphamide; Fludarabine; Rituximab,drug,United States,North America,2024-09-03,False,https://clinicaltrials.gov/study/NCT06581562
NCT06585514,Anti-CD19 Chimeric Antigen Receptor T Cells for Refractory Systemic Lupus Erythematosus,RECRUITING,"Phase 1, Phase 2",Beijing GoBroad Hospital,OTHER,CD19 CAR-T cells,drug,China,East Asia,2026-03-10,False,https://clinicaltrials.gov/study/NCT06585514
NCT06586567,H-pylori Infection With Disease Activity in Systemic Lupus Erythematosus and Rheumatoid Arthritis,NOT_YET_RECRUITING,N/A,Assiut University,OTHER,"Full history , clinical examination, assesment of disease activity ,Laboratory investigations ( CBC , ESR, CRP Serum creatinine and blood urea, Random plas",other,,,2024-09-19,False,https://clinicaltrials.gov/study/NCT06586567
NCT06586710,Interferon Pathway Activation in Monogenic and Nonmonogenic Forms of Pediatric SLE,RECRUITING,N/A,Meyer Children's Hospital IRCCS,OTHER,Assessment activation of interferon pathway,other,Italy,Europe,2024-09-19,False,https://clinicaltrials.gov/study/NCT06586710
NCT06588192,Renal Survival in Patients with Lupus Nephritis,NOT_YET_RECRUITING,N/A,Assiut University,OTHER,,,,,2024-09-19,False,https://clinicaltrials.gov/study/NCT06588192
NCT06593041,ROLE of PLATELETS in the PATHOPHYSIOLOGY of SYSTEMIC LUPUS,RECRUITING,N/A,"University Hospital, Strasbourg, France",OTHER,,,France,Europe,2024-09-19,False,https://clinicaltrials.gov/study/NCT06593041
NCT06594068,"Prospective Registry Investigating Maternal, Infant, and Lactation Outcomes in Anifrolumab Users",RECRUITING,Phase 4,AstraZeneca,INDUSTRY,Anifrolumab,drug,United States,North America,2026-05-12,False,https://clinicaltrials.gov/study/NCT06594068
NCT06601361,Studying Non Alcoholic Fatty Liver Disease and Liver Fibrosis Among Systemic Lupus Erythematosus Patients at Assiut University Hospital,NOT_YET_RECRUITING,N/A,Assiut University,OTHER,Fibroscan,device,,,2024-09-19,False,https://clinicaltrials.gov/study/NCT06601361
NCT06610409,Assessment of CXCL5 Level in SLE Patients and Its Correlation with Disease Activity,NOT_YET_RECRUITING,N/A,Assiut University,OTHER,blood sampling,diagnostic_test,Egypt,Middle East / Africa,2024-09-24,False,https://clinicaltrials.gov/study/NCT06610409
NCT06610422,Association Between Neuropathy and Some Autoantibodies in Systemic Lupus Erythematosus (SLE) Patients,NOT_YET_RECRUITING,N/A,Assiut University,OTHER,,,,,2024-09-24,False,https://clinicaltrials.gov/study/NCT06610422
NCT06613360,"A Study of CLN-978, a Subcutaneously Administered CD19-directed T Cell Engager, in Subjects With Systemic Lupus Erythematosus",RECRUITING,Phase 1,Cullinan Therapeutics Inc.,INDUSTRY,CLN-978,drug,Australia; Bulgaria; Georgia; Moldova; United States,Europe; North America; Oceania; Other / Global,2026-03-19,False,https://clinicaltrials.gov/study/NCT06613360
NCT06614270,Anti-CD19 IL-10/IL15 CAR-NK Cells in Refractory/Relapsed Autoimmune Diseases,RECRUITING,N/A,"Second Affiliated Hospital, School of Medicine, Zhejiang University",OTHER,Anti-CD19 IL-10/IL15 CAR-NK,drug,China,East Asia,2025-12-29,False,https://clinicaltrials.gov/study/NCT06614270
NCT06617325,A Study to Evaluate the Efficacy and Safety of Dapirolizumab Pegol in Study Participants With Moderately to Severely Active Systemic Lupus Erythematosus,RECRUITING,Phase 3,UCB Biopharma SRL,INDUSTRY,DZP; Placebo,drug; other,Argentina; Belgium; Canada; Chile; China; Denmark; France; Germany; Greece; Italy; Japan; Mexico; Netherlands; Peru; Poland; Puerto Rico; Serbia; South Korea; Spain; Taiwan; United Kingdom; United States,East Asia; Europe; Latin America; North America; Other / Global,2026-05-01,False,https://clinicaltrials.gov/study/NCT06617325
NCT06618573,Safety of Administering Isoniazid to SLE Patients to Prevent TB,RECRUITING,"Phase 2, Phase 3",Universitas Padjadjaran,OTHER,Isoniazid/Pyridoxine; Saccharum Lactis,drug,Indonesia,Southeast Asia,2024-10-01,False,https://clinicaltrials.gov/study/NCT06618573
NCT06625671,A Phase 1/2a Study of DB-2304 in Healthy Adults and SLE Participants,RECRUITING,"Phase 1, Phase 2",DualityBio Inc.,INDUSTRY,DB-2304; Placebo; Prednisone,drug,Australia; United States,North America; Oceania,2025-12-18,False,https://clinicaltrials.gov/study/NCT06625671
NCT06626945,AZAHAR Study To Describe Anifrolumab in a Real-World Setting,COMPLETED,N/A,AstraZeneca,INDUSTRY,,,Spain,Europe,2025-06-24,False,https://clinicaltrials.gov/study/NCT06626945
NCT06631404,Renal Arterial Resistive Index as a Noninvasive Biomarker of Disease Activity in Lupus Nephritis Patients,RECRUITING,N/A,Sohag University,OTHER,renal doppler,diagnostic_test,Egypt,Middle East / Africa,2024-10-08,False,https://clinicaltrials.gov/study/NCT06631404
NCT06641427,Different Aspects and Etiologies of Gastointestinal Bleeding in Patients With Systemic Lupus Erythematosus,NOT_YET_RECRUITING,N/A,Assiut University,OTHER,,,,,2024-10-15,False,https://clinicaltrials.gov/study/NCT06641427
NCT06642402,Monitoring Lupus Nephritis Through Urinary Extracellular Vesicles,RECRUITING,N/A,Kolding Sygehus,OTHER,Autoimmunity in plasma; Kidney biopsy; Urinary extracellular vesicle testing,diagnostic_test,Denmark,Europe,2025-09-09,False,https://clinicaltrials.gov/study/NCT06642402
NCT06647069,A Study to Evaluate the Safety and Activity of SAR448501/DR-0201 in Patients With Autoimmune Rheumatic Diseases,RECRUITING,Phase 1,Sanofi,INDUSTRY,SAR448501,drug,Australia; Bosnia and Herzegovina; New Zealand; South Africa,Africa; Oceania; Other / Global,2026-03-20,False,https://clinicaltrials.gov/study/NCT06647069
NCT06652256,Fatigue in Systemic Lupus Erythematosus,COMPLETED,N/A,Pamukkale University,OTHER,,,Turkey (Türkiye),Other / Global,2024-12-17,False,https://clinicaltrials.gov/study/NCT06652256
NCT06653556,A Study of LCAR-AIO in Subjects With Relapsed/Refractory Systemic Lupus Erythematosus,RECRUITING,Early Phase 1,"Union Hospital, Tongji Medical College, Huazhong University of Science and Technology",OTHER,LCAR-AIO T cells,biological,China,East Asia,2025-01-10,False,https://clinicaltrials.gov/study/NCT06653556
NCT06654024,Urinary Congophilia as an Indicator of Activity of Lupus Nephritis,NOT_YET_RECRUITING,N/A,Assiut University,OTHER,,,Egypt,Middle East / Africa,2024-12-16,False,https://clinicaltrials.gov/study/NCT06654024
NCT06657703,"Safety, Tolerability, and Pharmacokinetics of Single Doses of HC022 in Healthy Subjects.",RECRUITING,Phase 1,HC Biopharma Inc.,INDUSTRY,HC022; Placebo,drug,China,East Asia,2025-04-17,False,https://clinicaltrials.gov/study/NCT06657703
NCT06658457,Headache in Juvenile Onset Systemic Lupus Erythematosus,COMPLETED,N/A,Pamukkale University,OTHER,,,Turkey (Türkiye),Other / Global,2025-04-27,False,https://clinicaltrials.gov/study/NCT06658457
NCT06659029,Prospective Registry Investigating Maternal and Infant Outcomes in Anifrolumab Users,RECRUITING,N/A,AstraZeneca,INDUSTRY,Anifrolumab,drug,United States,North America,2026-04-17,False,https://clinicaltrials.gov/study/NCT06659029
NCT06659068,"Efficacy of Seluang Fish Oil (Rasbora Argyrotaenia) and Synbiotics Supplementation on CD4+CD25+ Foxp3+ T-regulator Cells, IL17/IL-10 Ratio, and Disease Activity in Systemic Lupus Erythematosus Patients",ACTIVE_NOT_RECRUITING,N/A,Universitas Sriwijaya,OTHER,Placebo; Seluang fish oil (Rasbora argyrotaenia) and synbiotic,dietary_supplement,Indonesia,Southeast Asia,2024-10-26,False,https://clinicaltrials.gov/study/NCT06659068
NCT06673043,Anifrolumab Real-world Treatment Outcomes in Systemic Lupus Erythematosus,RECRUITING,N/A,AstraZeneca,INDUSTRY,Anifrolumab,drug,Poland,Europe,2026-05-13,False,https://clinicaltrials.gov/study/NCT06673043
NCT06675422,JY231 Injection for the Treatment of Active Systemic Lupus Erythematosus (SLE),RECRUITING,"Phase 1, Phase 2",920th Hospital of Joint Logistics Support Force of People's Liberation Army of China,OTHER,JY231 injection,drug,China,East Asia,2024-11-05,False,https://clinicaltrials.gov/study/NCT06675422
NCT06676631,NK010 or NK042 in Combination With Rituximab for Refractory Systemic Lupus Erythematosus/Lupus Nephritis,RECRUITING,Phase 1,Guangdong Provincial People's Hospital,OTHER,NK 010 or NK042; Rituximab,biological; drug,China,East Asia,2025-05-29,False,https://clinicaltrials.gov/study/NCT06676631
NCT06677801,Immune Cell Subsets in SLE Patients Treated with Telitacicept,ACTIVE_NOT_RECRUITING,Phase 4,"Second Affiliated Hospital, School of Medicine, Zhejiang University",OTHER,Telitacicept 160mg,biological,China,East Asia,2024-11-07,False,https://clinicaltrials.gov/study/NCT06677801
NCT06681337,Universal CAR-T Cell Therapy for Refractory Lupus Nephritis,NOT_YET_RECRUITING,Early Phase 1,Bioray Laboratories,INDUSTRY,BCMA CART + CD19 CART,biological,,,2024-11-08,False,https://clinicaltrials.gov/study/NCT06681337
NCT06682507,High Quality Evidence of Guangzhou Lupus Nephritis Cohort (HOPE Cohort),RECRUITING,N/A,"First Affiliated Hospital, Sun Yat-Sen University",OTHER,No Intervention: Observational Cohort,other,China,East Asia,2024-11-12,False,https://clinicaltrials.gov/study/NCT06682507
NCT06685042,Anti-CD19 CAR T-Cell Therapy in Refractory Systemic Autoimmune Diseases,RECRUITING,"Phase 1, Phase 2",Fondazione Policlinico Universitario Agostino Gemelli IRCCS,OTHER,CAR T cell,biological,Italy,Europe,2025-04-11,False,https://clinicaltrials.gov/study/NCT06685042
NCT06691152,Efficacy and Safety of CD19 UCAR T Cells in Refractory Systemic Lupus Erythematosus,RECRUITING,Phase 1,The Children's Hospital of Zhejiang University School of Medicine,OTHER,CD19 Universal CAR-T cells,biological,China,East Asia,2024-11-15,False,https://clinicaltrials.gov/study/NCT06691152
NCT06694298,A Study of SYS6020 Injection in Refractory Active Systemic Lupus Erythematosus,NOT_YET_RECRUITING,Phase 1,"CSPC ZhongQi Pharmaceutical Technology Co., Ltd.",INDUSTRY,SYS6020,drug,,,2024-11-19,False,https://clinicaltrials.gov/study/NCT06694298
NCT06698900,This Project Aims to Understand the Needs of Rheumatologists and Other Specialties in the Care of Patients With SLE,COMPLETED,N/A,AstraZeneca,INDUSTRY,,,Brazil,Latin America,2025-12-16,False,https://clinicaltrials.gov/study/NCT06698900
NCT06708845,US Zamto-cel Autoimmune Diseases,NOT_YET_RECRUITING,Phase 1,Miltenyi Biomedicine GmbH,INDUSTRY,Cyclophosphamide; Fludarabine; zamtocabtagene autoleucel,biological; drug,,,2024-11-27,False,https://clinicaltrials.gov/study/NCT06708845
NCT06710717,Autologous CD19 Car T-Cell Therapy For Severe Refractory Systemic Lupus Erythematosus (SLE),RECRUITING,Phase 1,National University of Malaysia,OTHER,CD19 CAR-T cells,biological,Malaysia,Southeast Asia,2025-05-29,False,https://clinicaltrials.gov/study/NCT06710717
NCT06711146,Safety and Efficacy of Metabolically Armed CD19 CAR-T Cells (Meta10-19) in the Treatment of Moderate to Severe Active SLE Clinical Research,RECRUITING,Early Phase 1,Zhejiang University,OTHER,Metabolically Armed CD19 CAR-T cells,drug,China,East Asia,2026-03-13,False,https://clinicaltrials.gov/study/NCT06711146
NCT06711887,Phase III Extension Study of Efficacy and Safety of Ianalumab With or Without Study Treatment Withdrawal in Participants With Lupus Nephritis (SIRIUS-LN Extension),RECRUITING,Phase 3,Novartis Pharmaceuticals,INDUSTRY,Ianalumab,drug,Brazil; China; Colombia; Hungary; Mexico; Romania; Singapore; South Korea; Taiwan; Thailand,East Asia; Europe; Latin America; North America; Other / Global; Southeast Asia,2026-03-11,False,https://clinicaltrials.gov/study/NCT06711887
NCT06713187,Interleukin23 in Systemic Lupus,RECRUITING,N/A,Sohag University,OTHER,interleukin 23,biological,Egypt,Middle East / Africa,2024-12-03,False,https://clinicaltrials.gov/study/NCT06713187
NCT06717815,Phase IIa Study for IPG11406 in Patients With Lupus Nephritis,RECRUITING,"Phase 1, Phase 2","Nanjing Immunophage Biotech Co., Ltd",INDUSTRY,IPG11406,drug,China,East Asia,2026-01-13,False,https://clinicaltrials.gov/study/NCT06717815
NCT06718283,Assessment of Hematologic Indices in Juvenile Lupus Erythematosus Patients:Correlation With Disease Activity and Chronic Organ Damage in These Patients,RECRUITING,N/A,Sohag University,OTHER,,,Egypt,Middle East / Africa,2024-12-05,False,https://clinicaltrials.gov/study/NCT06718283
NCT06720584,Whole Health Empowerment for Endotypes of Lupus: Improving Quality of Life in SLE,COMPLETED,N/A,Duke University,OTHER,"Health coach-led, online support program for people living with lupus",behavioral,United States,North America,2026-02-05,False,https://clinicaltrials.gov/study/NCT06720584
NCT06737380,UC-MSC Cell Therapy Study for Systemic Lupus Erythematosus (SLE) Patients,RECRUITING,Phase 1,LiveKidney.Bio,INDUSTRY,Clinical laboratory evaluations - Biochemistry; Clinical laboratory evaluations - Hematology; Clinical laboratory evaluations - Serology; Cytokines and chemokine profiling; Electrocardiogram; PROMIS instruments; Physical examination; Pregnancy Test; SF-36 questionnaire; SLE activity evaluation; SLE biomarker profiling; Urinalysis; single dose of UC-MSCs,biological; diagnostic_test; other,United States,North America,2025-09-11,False,https://clinicaltrials.gov/study/NCT06737380
NCT06752876,"CRISPR-Edited Allogeneic Anti-CD19 CAR-T Cell Therapy, in Patients With Refractory Systemic Lupus Erythematosus (GALLOP)",WITHDRAWN,Phase 1,"Caribou Biosciences, Inc.",INDUSTRY,CB-010,drug,,,2025-09-19,False,https://clinicaltrials.gov/study/NCT06752876
NCT06757725,Renal Resistive Index as an Indicator of Lupus Nephritis Severity and Systemic Lupus Activity,COMPLETED,N/A,Kasr El Aini Hospital,OTHER,colour doppler of the renal artery and measurement of resistive index,diagnostic_test,Egypt,Middle East / Africa,2025-01-03,False,https://clinicaltrials.gov/study/NCT06757725
NCT06759519,Clinical and Demographic Features of Patients With Moderate to Severe Active Systemic Lupus Erythematosus in Russia,COMPLETED,N/A,AstraZeneca,INDUSTRY,,,Russia,Other / Global,2025-12-10,False,https://clinicaltrials.gov/study/NCT06759519
NCT06778343,Biomarkers in Inflammatory Rheumatic Diseases Diagnosis,RECRUITING,N/A,Universidade Nova de Lisboa,OTHER,,,Portugal,Europe,2025-01-20,False,https://clinicaltrials.gov/study/NCT06778343
NCT06784076,Establishing the Salience of Type 1 Interferon Pathway Blockade in the Central Mechanisms of SLE Related Fatigue,NOT_YET_RECRUITING,N/A,NHS Greater Glasgow and Clyde,OTHER,Anifrolumab,drug,,,2025-01-29,False,https://clinicaltrials.gov/study/NCT06784076
NCT06785519,CD19/BCMA CAR-T Cell Therapy for Refractory/Relapsed Lupus Nephritis,RECRUITING,Early Phase 1,He Huang,OTHER,CD19/BCMA Lupus Nephritis Targeted CAR T-cells injection,biological,China,East Asia,2025-01-21,False,https://clinicaltrials.gov/study/NCT06785519
NCT06789107,Blinatumomab in Refractory Active Childhood Systemic Lupus Erythematosus,RECRUITING,Phase 1,Mao Jianhua,OTHER,Blinatumomab 9ug,drug,China,East Asia,2025-11-28,False,https://clinicaltrials.gov/study/NCT06789107
NCT06791772,Study of CM313(SC) Injection in Systemic Lupus Erythematosus(SLE),NOT_YET_RECRUITING,Phase 2,Keymed Biosciences Co.Ltd,INDUSTRY,CM313 injection; Placebo,biological; drug,China,East Asia,2025-01-24,False,https://clinicaltrials.gov/study/NCT06791772
NCT06792799,Anti-CD19/BCMA CAR-NK Cells in Patients With B Cell Mediated Autoimmune Disease,RECRUITING,Early Phase 1,The Children's Hospital of Zhejiang University School of Medicine,OTHER,anti-CD19/BCMA CAR NK cells (KN5601),biological,China,East Asia,2025-12-01,False,https://clinicaltrials.gov/study/NCT06792799
NCT06794008,BCMA-CD19 CAR-T Therapy for Refractory Autoimmune Diseases,RECRUITING,Phase 2,Peking University People's Hospital,OTHER,BCMA-CD19 CAR-T therapy,drug,China,East Asia,2025-04-02,False,https://clinicaltrials.gov/study/NCT06794008
NCT06795893,The Anifrolumab PRIM Program,RECRUITING,N/A,AstraZeneca,INDUSTRY,Anifrolumab,drug,Sweden,Europe,2026-04-27,False,https://clinicaltrials.gov/study/NCT06795893
NCT06796569,Systemic Immune Inflammatory Index in Systemic Lupus Erythematosus,RECRUITING,N/A,Sohag University,OTHER,systemic immune inflammatory index,diagnostic_test,Egypt,Middle East / Africa,2025-01-28,False,https://clinicaltrials.gov/study/NCT06796569
NCT06799520,"A Phase 1 Trial to Evaluate the Safety, Tolerability, Pharmacodynamics, Pharmacokinetics, and Immunogenicity of VIS171 in Participants With Autoimmune Disease(s)",RECRUITING,Phase 1,"Otsuka Pharmaceutical Development & Commercialization, Inc.",INDUSTRY,VIS171,drug,Bulgaria; Moldova; Romania; Spain,Europe; Other / Global,2025-09-17,False,https://clinicaltrials.gov/study/NCT06799520
NCT06801119,Efficacy and Safety of HN2301 in Autoimmune Diseases（AIDs）,RECRUITING,Phase 1,"Shenzhen MagicRNA Biotechnology Co., Ltd",INDUSTRY,HN2301 injection,drug,China,East Asia,2026-04-28,False,https://clinicaltrials.gov/study/NCT06801119
NCT06804057,CorEvitas Systemic Lupus Erythematosus (SLE) Drug Safety and Effectiveness Registry,RECRUITING,N/A,CorEvitas,NETWORK,Blood Collection,other,United States,North America,2026-02-06,False,https://clinicaltrials.gov/study/NCT06804057
NCT06822881,CT1190B in the Treatment of Patients With Moderate to Severe Refractory Systemic Lupus Erythematosus (SLE) or Refractory/Progressive Systemic Sclerosis (SSc),RECRUITING,Phase 1,Beijing GoBroad Hospital,OTHER,CAR-T Therapy,drug,China,East Asia,2026-03-10,False,https://clinicaltrials.gov/study/NCT06822881
NCT06826430,Inaticabtagene Autoleucel Injection in the Treatment of Refractory Systemic Lupus Erythematosus-related Immune Thrombocytopenia,RECRUITING,Phase 1,Juventas Cell Therapy Ltd.,INDUSTRY,Inaticabtagene autoleucel Injection,drug,China,East Asia,2025-08-07,False,https://clinicaltrials.gov/study/NCT06826430
NCT06837558,Predictors of Bone Mineral Density in Lupus Nephritis Activity,NOT_YET_RECRUITING,N/A,Assiut University,OTHER,fibroblast growth factor 23,diagnostic_test,,,2025-02-20,False,https://clinicaltrials.gov/study/NCT06837558
NCT06839976,CD19-Directed Chimeric Antigen Receptor Autologous T Cells (CART19) for Lupus,RECRUITING,"Phase 1, Phase 2",Children's Hospital of Philadelphia,OTHER,CART19,biological,United States,North America,2026-02-23,False,https://clinicaltrials.gov/study/NCT06839976
NCT06841042,A Study of SCTB35 in Patients with Systemic Lupus Erythematosus,RECRUITING,"Phase 1, Phase 2",Sinocelltech Ltd.,INDUSTRY,SCTB35 injection,biological,China,East Asia,2025-02-21,False,https://clinicaltrials.gov/study/NCT06841042
NCT06842316,Effects of Phytocannabinoids on Immune Response and Autophagy During Chronic Immune-mediated Inflammatory Diseases,RECRUITING,N/A,Centre Hospitalier Régional d'Orléans,OTHER,"1 blood sample, 40 mL (collection during a blood test, part of the standard of care for this disease)",other,France,Europe,2025-12-30,False,https://clinicaltrials.gov/study/NCT06842316
NCT06842810,Fibroblast Growth Factor 21 in Systemic Lupus Erythematosus,NOT_YET_RECRUITING,N/A,Assiut University,OTHER,Serum FGF21 measurement by Enzyme- linked immunosorbent assay (ELISA),diagnostic_test,,,2025-02-25,False,https://clinicaltrials.gov/study/NCT06842810
NCT06852573,Clinical Study of ZM001 Injection in the Treatment of Refractory Systemic Lupus Erythematosus,NOT_YET_RECRUITING,Phase 1,"Beijing Immunochina Medical Science & Technology Co., Ltd.",INDUSTRY,ZM001 Injection,biological,,,2025-02-28,False,https://clinicaltrials.gov/study/NCT06852573
NCT06857214,A Study of GNC-038 Tetra-specific Antibody Injection in Patients With Systemic Lupus Erythematosus,RECRUITING,Phase 1,"Sichuan Baili Pharmaceutical Co., Ltd.",INDUSTRY,GNC-038; Placebo,drug,China,East Asia,2025-06-24,False,https://clinicaltrials.gov/study/NCT06857214
NCT06859931,Clinical Trial of TQB3702 Tablets in Subjects With Systemic Lupus Erythematosus (SLE),NOT_YET_RECRUITING,Phase 2,"Chia Tai Tianqing Pharmaceutical Group Co., Ltd.",INDUSTRY,TQB3702 Placebo; TQB3702 Tablets; TQB3702 Tablets+TQB3702 Placebo,drug,China,East Asia,2025-03-05,False,https://clinicaltrials.gov/study/NCT06859931
NCT06866080,A Study of LCAR-AIO in Subjects With Relapsed/Refractory Autoimmune Diseases,WITHDRAWN,Early Phase 1,Nanjing Legend Biotech Co.,INDUSTRY,LCAR-AIO T cells,biological,China,East Asia,2025-07-08,False,https://clinicaltrials.gov/study/NCT06866080
NCT06872086,Assessment of Blood Indices in Systemic Lupus Erythematosus,NOT_YET_RECRUITING,N/A,Assiut University,OTHER,,,,,2025-03-12,False,https://clinicaltrials.gov/study/NCT06872086
NCT06872138,S100A8 in Serum and Urine as a New Biomarker in Lupus Nephritis,COMPLETED,N/A,Theodor Bilharz Research Institute,OTHER,,,Egypt,Middle East / Africa,2025-05-21,False,https://clinicaltrials.gov/study/NCT06872138
NCT06875960,A Study to Continue the Administration of Deucravacitinib in Participants With Systemic Lupus Erythematosus (SLE) or Discoid and/or Subacute Cutaneous Lupus Erythematosus (DLE/SCLE) Who Have Completed Study IM011074 or Study IM011132,RECRUITING,Phase 4,Bristol-Myers Squibb,INDUSTRY,BMS-986165,drug,United States,North America,2026-03-30,False,https://clinicaltrials.gov/study/NCT06875960
NCT06880653,Dose Response of Exercise for Arthritis Management,RECRUITING,N/A,University of South Carolina,OTHER,DREAM Adaptive Intervention,behavioral,United States,North America,2026-04-03,False,https://clinicaltrials.gov/study/NCT06880653
NCT06881290,Vunakizumab for the Treatment of Mild to Moderate Systemic Lupus Erythematosus,RECRUITING,Phase 1,Chinese SLE Treatment And Research Group,OTHER,Vunakizumab (IL-17A inhibitor),drug,China,East Asia,2025-07-10,False,https://clinicaltrials.gov/study/NCT06881290
NCT06886919,Clinical Study Evaluating the Safety and Efficacy of IC19 CAR-T Cell Therapy for Refractory Systemic Lupus Erythematosus,NOT_YET_RECRUITING,Early Phase 1,"Beijing Immunochina Medical Science & Technology Co., Ltd.",INDUSTRY,Engineering of chimeric antigen receptors targeting CD19 in allogeneic T cells,biological,,,2025-03-24,False,https://clinicaltrials.gov/study/NCT06886919
NCT06887517,Chinese Rheumatism Biobank(CRB),RECRUITING,N/A,Chinese SLE Treatment And Research Group,OTHER,Antimalarial with or without oral glucocorticosteroid,drug,China,East Asia,2025-04-09,False,https://clinicaltrials.gov/study/NCT06887517
NCT06888960,Safety Study of CC312 in Autoimmune Disease Patients,RECRUITING,Early Phase 1,CytoCares Inc,INDUSTRY,CC312,biological,China,East Asia,2025-09-17,False,https://clinicaltrials.gov/study/NCT06888960
NCT06888973,Mesenchymal Stem Cells Infusion in Patients With Autoimmune Diseases,ENROLLING_BY_INVITATION,"Phase 1, Phase 2","National Institute of Blood and Marrow Transplant (NIBMT), Pakistan",OTHER_GOV,Mesenchymal Stem Cells; Placebo,biological; other,Pakistan,South Asia,2025-03-21,False,https://clinicaltrials.gov/study/NCT06888973
NCT06892145,Clinical Trial of CD19 Targeted CAR-T Cell in Refractory Adult SLE,RECRUITING,Phase 1,"Chongqing Precision Biotech Co., Ltd",INDUSTRY,MC-1-50,biological,China,East Asia,2025-12-22,False,https://clinicaltrials.gov/study/NCT06892145
NCT06897930,"A Study to Investigate the Safety, Tolerability, and Efficacy of AZD0120 in Adults With Refractory SLE",RECRUITING,"Phase 1, Phase 2",AstraZeneca,INDUSTRY,AZD0120; Cyclophosphamide; Fludarabine,biological; drug,Australia; Canada; United States,North America; Oceania,2026-05-12,False,https://clinicaltrials.gov/study/NCT06897930
NCT06898489,Adjunctive Yu-Tone Music Therapy for Systemic Lupus Erythematosus: a Prospective Cohort Study,ACTIVE_NOT_RECRUITING,N/A,Yijun Luo,OTHER_GOV,Conventional pharmacotherapy; Yu-Tone Music Intervention,combination_product; drug,China,East Asia,2025-03-27,False,https://clinicaltrials.gov/study/NCT06898489
NCT06900764,A Study of CAR-T Cells in Subjects With Systemic Lupus Erythematosus,NOT_YET_RECRUITING,N/A,"Union Hospital, Tongji Medical College, Huazhong University of Science and Technology",OTHER,CAR-T cell,drug,China,East Asia,2025-07-17,False,https://clinicaltrials.gov/study/NCT06900764
NCT06902844,Equecabtagene Autoleucel Injection (Eque-cel) for Relapsed/Refractory Systemic Lupus Erythematosus (SLE),RECRUITING,N/A,Tongji Hospital,OTHER,Equecabtagene Autoleucel Injection,drug,China,East Asia,2025-03-30,False,https://clinicaltrials.gov/study/NCT06902844
NCT06904729,Chimeric Antigen Receptors T Cells for Refractory/Recurrent Lupus Nephritis in Children,RECRUITING,Phase 3,Guangzhou Women and Children's Medical Center,OTHER,High-dose CAR-T cells group; Low-dose CAR-T cells group,biological,China,East Asia,2025-04-01,False,https://clinicaltrials.gov/study/NCT06904729
NCT06913608,A Study to Assess CLBR001+SWI019 in Subjects With Autoimmune Diseases,WITHDRAWN,Phase 1,"Calibr, a division of Scripps Research",OTHER,CLBR001 + SWI019,combination_product,,,2026-03-05,False,https://clinicaltrials.gov/study/NCT06913608
NCT06916806,"A Study to Investigate Safety, Tolerability, Pharmacokinetics, and Pharmacodynamics of AZD5492 in Adult Participants With Systemic Lupus Erythematosus or Idiopathic Inflammatory Myopathies or Rheumatoid Arthritis.",RECRUITING,Phase 1,AstraZeneca,INDUSTRY,AZD5492,drug,Canada; China; France; Germany; Japan; Netherlands; Spain; United Kingdom; United States,East Asia; Europe; North America,2026-04-27,False,https://clinicaltrials.gov/study/NCT06916806
NCT06917742,A Study of Intravenous CPTX2309 in Healthy Participants and Participants With Moderate to Severe Rheumatoid Arthritis (RA) or Systemic Lupus Erythematosus (SLE),RECRUITING,Phase 1,Capstan Therapeutics,INDUSTRY,CPTX2309,drug,Australia,Oceania,2026-04-01,False,https://clinicaltrials.gov/study/NCT06917742
NCT06919250,Physical Activity in Patients With Systemic Lupus Erythematosus,NOT_YET_RECRUITING,N/A,University of Oviedo,OTHER,Patients with systemic lupus erythematosus,other,Spain,Europe,2025-04-09,False,https://clinicaltrials.gov/study/NCT06919250
NCT06920433,UCAR T-cell Therapy Targeting CD19/BCMA in Patients With r/r Systemic Lupus Erythematosus,RECRUITING,Early Phase 1,Zhejiang University,OTHER,UCAR T-cell group,biological,China,East Asia,2025-05-01,False,https://clinicaltrials.gov/study/NCT06920433
NCT06921239,HLA Antibodies in Systemic Lupus Erythematosus,RECRUITING,N/A,"Centre Hospitalier Universitaire, Amiens",OTHER,,,France,Europe,2026-01-16,False,https://clinicaltrials.gov/study/NCT06921239
NCT06925542,A Safety and Efficacy Study Evaluating CTX112 in Adult Subjects With Refractory Autoimmune Disease,RECRUITING,Phase 1,CRISPR Therapeutics,INDUSTRY,CTX112,biological,Germany; United States,Europe; North America,2025-12-17,False,https://clinicaltrials.gov/study/NCT06925542
NCT06927219,Research Accelerated by You Lupus Registry,RECRUITING,N/A,Lupus Foundation of America,OTHER,,,United States,North America,2026-01-23,False,https://clinicaltrials.gov/study/NCT06927219
NCT06934447,Study of BCMA/CD70 CAR-T Therapy for Refractory cSLE,RECRUITING,Phase 1,The Children's Hospital of Zhejiang University School of Medicine,OTHER,anti-BCMA/CD70-CAR-T cells,biological,China,East Asia,2025-04-25,False,https://clinicaltrials.gov/study/NCT06934447
NCT06935474,C-CAR168 CAR T Cell Therapy for Refractory Autoimmune Disease,NOT_YET_RECRUITING,"Phase 1, Phase 2",AbelZeta Inc.,INDUSTRY,C-CAR168,biological,United States,North America,2026-02-03,False,https://clinicaltrials.gov/study/NCT06935474
NCT06936007,Hematological Manifestations in Systemic Lupus Erythematosus Patients,COMPLETED,N/A,Patan Academy of Health Sciences,OTHER,,,Nepal,Other / Global,2025-04-20,False,https://clinicaltrials.gov/study/NCT06936007
NCT06941129,CAR T-cell Therapy Targeting CD19 and BCMA in Patients With Relapse/Refractory Autoimmune Diseases,RECRUITING,Phase 1,"Institute of Hematology & Blood Diseases Hospital, China",OTHER,UCAR T-cell,biological,China,East Asia,2025-09-29,False,https://clinicaltrials.gov/study/NCT06941129
NCT06943937,A Clinical Study of YTS109 Cell in R/R Systemic Lupus Erythematosus,RECRUITING,Phase 1,"China Immunotech (Beijing) Biotechnology Co., Ltd.",INDUSTRY,YTS109 cell injection,drug,China,East Asia,2025-05-13,False,https://clinicaltrials.gov/study/NCT06943937
NCT06945068,An Open-label Study of GB261 in Refractory Seropositive Systemic Lupus Erythematosus,NOT_YET_RECRUITING,Phase 1,"Union Hospital, Tongji Medical College, Huazhong University of Science and Technology",OTHER,GB261,biological,China,East Asia,2025-04-25,False,https://clinicaltrials.gov/study/NCT06945068
NCT06946485,Universal Anti-CD70 CAR-T (CHT101) Cell Therapy for Relapsed Refractory Systemic Lupus Erythematosus,RECRUITING,Early Phase 1,The Affiliated Nanjing Drum Tower Hospital of Nanjing University Medical School,OTHER,Universal anti-CD70 CAR-T (CHT101),biological,China,East Asia,2026-04-07,False,https://clinicaltrials.gov/study/NCT06946485
NCT06947460,"CD19-BCMA CART Cell Therapy for Refractory SLE-LN, SSc, and pSS-PAH",RECRUITING,"Phase 1, Phase 2",Beijing GoBroad Hospital,OTHER,CD19-BCMA CAR-T cells infusion,drug,China,East Asia,2026-03-03,False,https://clinicaltrials.gov/study/NCT06947460
NCT06947473,"Umbilical Cord Blood CD19-BCMA CART Cell Therapy for SLE-LN, SSc, andpSS PAH.",RECRUITING,"Phase 1, Phase 2",Beijing GoBroad Hospital,OTHER,umbilical cord blood CD19-BCMA CAR-T cells infusion,drug,China,East Asia,2026-03-03,False,https://clinicaltrials.gov/study/NCT06947473
NCT06948110,Deciphering the Genetic Architecture of Autoimmune Diseases,RECRUITING,N/A,National Human Genome Research Institute (NHGRI),NIH,,,Peru; United States,Latin America; North America,2026-05-14,False,https://clinicaltrials.gov/study/NCT06948110
NCT06955598,"A Phase I Clinical Study to Evaluate the Safety, Tolerability, Pharmacokinetics, and Pharmacodynamics of Multiple Subcutaneous Injections of SHR-2173 in Patients With Systemic Lupus Erythematosus",COMPLETED,Phase 1,"Guangdong Hengrui Pharmaceutical Co., Ltd",INDUSTRY,SHR-2173,drug,China,East Asia,2025-12-15,False,https://clinicaltrials.gov/study/NCT06955598
NCT06965244,Lenalidomide vs Methotrexate in Difficult-to-treat Cutaneous Lupus Erythematosus,NOT_YET_RECRUITING,Phase 3,Assistance Publique - Hôpitaux de Paris,OTHER,Lenalidomide; Methotrexate (MTX),drug,,,2025-05-11,False,https://clinicaltrials.gov/study/NCT06965244
NCT06970951,Early Clinical Study of UTAA91 Injection for the Treatment of Relapsed/Refractory Autoimmune Diseases,NOT_YET_RECRUITING,Early Phase 1,"PersonGen BioTherapeutics (Suzhou) Co., Ltd.",INDUSTRY,UTAA91 injection,biological,China,East Asia,2025-05-14,False,https://clinicaltrials.gov/study/NCT06970951
NCT06971913,Efficacy and Safety of Low-dose IL-2 in SLE Patients With CMV Viremia,NOT_YET_RECRUITING,Phase 2,Peking University People's Hospital,OTHER,Ganciclovir (GCV); Interleukin-2 (IL-2),drug,China,East Asia,2025-05-14,False,https://clinicaltrials.gov/study/NCT06971913
NCT06975787,Dose Escalation Study With Bispecific Antibodies in Adult Patients With Lupus Nephritis,RECRUITING,Phase 1,Regeneron Pharmaceuticals,INDUSTRY,Odronextamab; Vonsetamig,drug,Germany; South Korea; Spain; Taiwan; United States,East Asia; Europe; North America; Other / Global,2026-04-13,False,https://clinicaltrials.gov/study/NCT06975787
NCT06977724,"A Study to Assess Adverse Events, How the Drug Moves Through the Body and Effectiveness of Intravenous Infusions of ABBV-319 in Adult Participants With Systemic Lupus Erythematosus (SLE) and Sjogren's Disease (SjD)",RECRUITING,Phase 1,AbbVie,INDUSTRY,ABBV-319,drug,Netherlands; United States,Europe; North America,2026-05-12,False,https://clinicaltrials.gov/study/NCT06977724
NCT06978647,A Clinical Study of YTS109 Cell in R/R Autoimmune Diseases,RECRUITING,Phase 1,"China Immunotech (Beijing) Biotechnology Co., Ltd.",INDUSTRY,YTS109 cell,drug,China,East Asia,2025-07-14,False,https://clinicaltrials.gov/study/NCT06978647
NCT06978738,UCAR T-cell Therapy Targeting CD19/ BCMA in Patients With Relapse/ Refractory Autoimmune Diseases,NOT_YET_RECRUITING,Phase 1,Changzhou No.2 People's Hospital,OTHER,universal allogeneic anti-CD19/BCMA CAR T-cells,biological,China,East Asia,2025-05-18,False,https://clinicaltrials.gov/study/NCT06978738
NCT06980597,A Study of OL-108 in Relapsed/Refractory Autoimmune Diseases,RECRUITING,Phase 1,Beijing GoBroad Hospital,OTHER,OL-108,biological,China,East Asia,2025-05-20,False,https://clinicaltrials.gov/study/NCT06980597
NCT06980805,"A Study to Assess the Safety, Tolerability, and Efficacy of IMVT-1402 in Participants With Cutaneous Lupus Erythematosus (CLE)",RECRUITING,Phase 2,Immunovant Sciences GmbH,INDUSTRY,IMVT-1402; Placebo,drug,Argentina; Bulgaria; Canada; Chile; Georgia; Germany; Greece; Poland; Puerto Rico; Serbia; Spain; United Kingdom; United States,Europe; Latin America; North America; Other / Global,2026-04-21,False,https://clinicaltrials.gov/study/NCT06980805
NCT06984341,"A Study to Evaluate the Safety, Tolerability, Cellular Kinetics, Pharmacodynamics, and Efficacy of P-CD19CD20-ALLO1 in Participants With Severe, Treatment-refractory Systemic Lupus Erythematosus (SLE)",NOT_YET_RECRUITING,Phase 1,"Genentech, Inc.",INDUSTRY,Cyclophosphamide; Fludarabine; P-CD19CD20-ALLO1 Cells; Rimiducid,biological; drug,United States,North America,2026-04-23,False,https://clinicaltrials.gov/study/NCT06984341
NCT06987565,Transcutaneous Vagus Nerve Stimulation in SLE,NOT_YET_RECRUITING,Phase 2,Northwell Health,OTHER,Active vagus nerve stimulation; Sham vagus nerve stimulation,device,,,2025-05-23,False,https://clinicaltrials.gov/study/NCT06987565
NCT06999109,Teams Engaged in Accessible Mental Health Interventions for Lupus Erythematosus and Dermatomyositis Stress,NOT_YET_RECRUITING,N/A,Duke University,OTHER,TEAM-LEADS,behavioral,United States,North America,2025-06-05,False,https://clinicaltrials.gov/study/NCT06999109
NCT07000110,Anifrolumab Malignancy and Serious Infections Study,RECRUITING,N/A,AstraZeneca,INDUSTRY,Anifrolumab,drug,Denmark; France; Germany; Spain,Europe,2026-04-23,False,https://clinicaltrials.gov/study/NCT07000110
NCT07000292,MSC303 Subcutaneous Injection for the Treatment of Immunologic Glomerular Disease.,NOT_YET_RECRUITING,"Phase 1, Phase 2",Shanghai Changzheng Hospital,OTHER,Injection of MSC303,drug,China,East Asia,2025-06-11,False,https://clinicaltrials.gov/study/NCT07000292
NCT07000903,Occupational and Environmental Causes of Autoimmune Diseases,COMPLETED,N/A,Université Catholique de Louvain,OTHER,Exposure and immune profiles,other,Belgium,Europe,2025-06-03,False,https://clinicaltrials.gov/study/NCT07000903
NCT07000916,Medical Follow-up of New Cases of Polyarthritis in Children and Young Adults,RECRUITING,N/A,Université Catholique de Louvain,OTHER,,,Belgium,Europe,2025-06-03,False,https://clinicaltrials.gov/study/NCT07000916
NCT07001839,A Phase Ib Study of QLS4131 in Subjects With Systemic Lupus Erythematosus,NOT_YET_RECRUITING,Phase 1,"Qilu Pharmaceutical Co., Ltd.",INDUSTRY,QLS4131 for Injection.,drug,,,2025-06-03,False,https://clinicaltrials.gov/study/NCT07001839
NCT07005479,Long-Term Outcomes in SLE at Peking University People's Hospital,RECRUITING,N/A,Peking University People's Hospital,OTHER,,,China,East Asia,2025-06-05,False,https://clinicaltrials.gov/study/NCT07005479
NCT07010835,Study of YK012 in Moderate to Severe Systemic Lupus Erythematosus,RECRUITING,"Phase 1, Phase 2",Excyte Biopharma Ltd,INDUSTRY,YK012,drug,China,East Asia,2026-02-05,False,https://clinicaltrials.gov/study/NCT07010835
NCT07011043,A Phase 1b Study of Budoprutug in Systemic Lupus Erythematosus (SLE),RECRUITING,Phase 1,"Climb Bio, Inc.",INDUSTRY,Budoprutug,drug,Bulgaria; Georgia; Greece; Puerto Rico; Romania; Spain; Ukraine; United States,Europe; North America; Other / Global,2026-03-27,False,https://clinicaltrials.gov/study/NCT07011043
NCT07012239,The Frequency of Thiopurine Methyltransferase Polymorphism in Systemic Lupus Erythematosus SLE,COMPLETED,N/A,Bangladesh Medical University,OTHER,Azathioprine (AZA); TPMT,drug,Bangladesh,South Asia,2025-06-10,False,https://clinicaltrials.gov/study/NCT07012239
NCT07015983,"A Study of CC-97540 (BMS-986353 or Zola-cel), CD19-Targeted NEX-T CAR T Cells, in Participants With Active SLE Despite Immunosuppressants (Breakfree-SLE)",RECRUITING,Phase 2,"Juno Therapeutics, Inc., a Bristol-Myers Squibb Company",INDUSTRY,CC-97540; Cyclophosphamide; Fludarabine,drug,Argentina; Austria; Belgium; Brazil; Canada; Denmark; France; Germany; Israel; Italy; Japan; Poland; Portugal; Spain; United Kingdom; United States,East Asia; Europe; Latin America; Middle East; North America,2026-05-08,False,https://clinicaltrials.gov/study/NCT07015983
NCT07017868,"Correlation Between Serum Uric Acid, Serum Homocysteine Level and Interleukin- 17 in Lupus Nephritis Patients",RECRUITING,N/A,Sohag University,OTHER,interleukin- 17,diagnostic_test,Egypt,Middle East / Africa,2025-06-12,False,https://clinicaltrials.gov/study/NCT07017868
NCT07024082,Water-based Liuzijue Exercise on Childhood-onset Systemic Lupus Erythematosus,COMPLETED,N/A,MTI University,OTHER,Land-based Liuzijue exercise; Water-based Liuzijue exercise,other,Egypt,Middle East / Africa,2025-12-02,False,https://clinicaltrials.gov/study/NCT07024082
NCT07031674,Comparing Efficacy and Safety of Telitacicept and Belimumab in Lupus Nephritis: A Retrospective Multicenter Cohort Study.,COMPLETED,N/A,Yipeng Liu,OTHER,,,China,East Asia,2026-02-02,False,https://clinicaltrials.gov/study/NCT07031674
NCT07031713,"Safety, Efficacy and Cellular Metabolic Dynamics of ct1192 in Patients With Moderate to Severe Refractory SLE",RECRUITING,Phase 1,"Union Hospital, Tongji Medical College, Huazhong University of Science and Technology",OTHER,CAR-T Therapy,biological,China,East Asia,2025-11-24,False,https://clinicaltrials.gov/study/NCT07031713
NCT07035834,SGLT-2 Inhibitors on Albuminuria in Chronic Kidney Disease Patients With Lupus Nephritis and ANCA- Associated Vasculitis,NOT_YET_RECRUITING,Phase 4,Federico II University,OTHER,Gliflozin,drug,,,2025-06-25,False,https://clinicaltrials.gov/study/NCT07035834
NCT07038382,"A Study to Evaluate the Efficacy, Safety, and Tolerability of Human Sialidase Fusion Protein (HLX79) in Combination With Rituximab Injection Versus Placebo in Patients With Active Glomerulonephritis",RECRUITING,Phase 2,Shanghai Henlius Biotech,INDUSTRY,HLX79 10mg/kg/Placebo+HLX01; HLX79 20mg/kg/Placebo + HLX01; HLX79 30mg/kg/placebo+HLX01,drug,China,East Asia,2025-11-18,False,https://clinicaltrials.gov/study/NCT07038382
NCT07038447,A Study of KITE-363 in Participants With Refractory Autoimmune Diseases,ENROLLING_BY_INVITATION,Phase 1,"Kite, A Gilead Company",INDUSTRY,Cyclophosphamide; Fludarabine; KITE-363,biological; drug,Australia; Canada; United States,North America; Oceania,2026-04-06,False,https://clinicaltrials.gov/study/NCT07038447
NCT07041801,Treatment of Systemic Lupus Erythematosus With Human Umbilical Cord Mesenchymal Stem Cells,RECRUITING,"Phase 1, Phase 2","Shenzhen Beike Bio-Technology Co., Ltd.",INDUSTRY,Placebo; hUC-MSCs treatment (high dose); hUC-MSCs treatment (low dose); hUC-MSCs treatment (medium dose); hUC-MSCs treatment （Double dose）,biological; drug,China,East Asia,2025-06-27,False,https://clinicaltrials.gov/study/NCT07041801
NCT07043153,AGR+PNI as Predictors of Systemic Lupus Erythematosus Disease Activity,RECRUITING,N/A,Sohag University,OTHER,Albumin to globulin ratio and prognostic nutritional index model,diagnostic_test,Egypt,Middle East / Africa,2026-05-13,False,https://clinicaltrials.gov/study/NCT07043153
NCT07044115,"Evaluation of the Tolerance, Safety, Pharmacokinetics, Pharmacodynamics, and Efficacy of MIL62 Injection for Treating Lupus Nephritis",ACTIVE_NOT_RECRUITING,"Phase 1, Phase 2","Beijing Mabworks Biotech Co., Ltd.",INDUSTRY,Recombinant Humanized Monoclonal Antibody MIL62 Injection; placebo,drug,China,East Asia,2025-07-02,False,https://clinicaltrials.gov/study/NCT07044115
NCT07048470,"Efficacy of Synbiotic Supplementation on IL-10, TGF-B and Disease Activity in Systemic Lupus Erythematosus Patients",COMPLETED,N/A,Universitas Sriwijaya,OTHER,Placebo; Synbiotic,dietary_supplement,Indonesia,Southeast Asia,2025-07-02,False,https://clinicaltrials.gov/study/NCT07048470
NCT07049653,Anifrolumab Pregnancy Study,NOT_YET_RECRUITING,N/A,AstraZeneca,INDUSTRY,,,,,2025-08-15,False,https://clinicaltrials.gov/study/NCT07049653
NCT07052565,CAR-T Cells Therapy for Patients With Autoimmune Diseases,RECRUITING,N/A,Anhui Provincial Hospital,OTHER_GOV,Anti-BCMA and CD19 CART cells will be injected intravenously on a one-time basis,drug,China,East Asia,2025-07-08,False,https://clinicaltrials.gov/study/NCT07052565
NCT07053137,"A Comparative Study of the Efficacy and Safety of Telitacicept and Belimumab in the Treatment of Systemic Lupus Erythematosus Involving Multiple Units, Based on Previous Data.",ACTIVE_NOT_RECRUITING,N/A,Yipeng Liu,OTHER,,,China,East Asia,2026-02-02,False,https://clinicaltrials.gov/study/NCT07053137
NCT07053800,"Obe-cel in Severe, Refractory Systemic Lupus Erythematosus With Active Lupus Nephritis",RECRUITING,Phase 2,Autolus Limited,INDUSTRY,Obecabtagene autoleucel,biological,Brazil; United Kingdom; United States,Europe; Latin America; North America,2026-04-27,False,https://clinicaltrials.gov/study/NCT07053800
NCT07053891,LUPKYNIS Drug-use Results Survey,RECRUITING,N/A,"Otsuka Pharmaceutical Co., Ltd.",INDUSTRY,Voclosporin (LUPKYNIS),drug,Japan,East Asia,2025-09-19,False,https://clinicaltrials.gov/study/NCT07053891
NCT07056621,"Does Belimumab Modify the Natural History of SLE? A Propensity Score-matched, Real-world Study",RECRUITING,N/A,"Biomedical Research Foundation, Academy of Athens",OTHER,,,Greece,Europe,2025-09-08,False,https://clinicaltrials.gov/study/NCT07056621
NCT07069348,SLE Severity Linked to Vitamin D Via Treg Cells in Pediatric Patients,COMPLETED,N/A,Wisnu Barlianto,OTHER,No intervention,other,Indonesia,Southeast Asia,2025-07-18,False,https://clinicaltrials.gov/study/NCT07069348
NCT07069972,A Prospective Comparative Study Involving Multiple Units to Evaluate the Efficacy and Safety of Telitacicept and Belimumab in the Treatment of Systemic Lupus Erythematosus.,NOT_YET_RECRUITING,N/A,Yipeng Liu,OTHER,,,China,East Asia,2026-02-02,False,https://clinicaltrials.gov/study/NCT07069972
NCT07071220,Efficacy of Vitamin C Supplementation on Serum IL-6 Levels and Disease Activity in Systemic Lupus Erythematosus Patients,COMPLETED,N/A,Universitas Sriwijaya,OTHER,Placebo; Vitamin C,dietary_supplement,Indonesia,Southeast Asia,2025-07-17,False,https://clinicaltrials.gov/study/NCT07071220
NCT07071233,Efficacy of Vitamin C Supplementation on Serum TNF-α Levels and Disease Activity in SLE Patients,COMPLETED,N/A,Universitas Sriwijaya,OTHER,Placebo; Vitamin C,dietary_supplement,Indonesia,Southeast Asia,2025-07-17,False,https://clinicaltrials.gov/study/NCT07071233
NCT07077304,EACVI Study on Multimodality Cardiovascular Imaging of Inflammatory Cardiovascular Diseases,NOT_YET_RECRUITING,N/A,Assistance Publique - Hôpitaux de Paris,OTHER,observational study,other,,,2025-07-22,False,https://clinicaltrials.gov/study/NCT07077304
NCT07077486,Effects of Telitacicept vs Cyclophosphamide on Lupus Related Interstitial Lung Disease,RECRUITING,Phase 4,Tongji Hospital,OTHER,Cyclophosphamide (CYC); Immunosuppressant other than CYC; Methylprednisolone (Corticosteroid); Telitacicept Freeze-dried powder Injection 80mg,drug,China,East Asia,2026-01-27,False,https://clinicaltrials.gov/study/NCT07077486
NCT07083349,NK510 Cell Therapy for Refractory Systemic Lupus Erythematosus,NOT_YET_RECRUITING,N/A,"Base Therapeutics (Shanghai) Co., Ltd.",INDUSTRY,NK510 : allogeneic genetic modified NK,drug,,,2025-07-28,False,https://clinicaltrials.gov/study/NCT07083349
NCT07083622,Efficacy of Vitamin C Supplementation on Malondialdehid Levels and Disease Activity in SLE Patients,COMPLETED,N/A,Universitas Sriwijaya,OTHER,Placebo; Vitamin C,dietary_supplement,Indonesia,Southeast Asia,2025-07-24,False,https://clinicaltrials.gov/study/NCT07083622
NCT07085104,"A Study to Investigate the Safety and Preliminary Efficacy of ALLO-329, an Allogeneic CAR T-cell Therapy, in Adults With Autoimmune Disease",RECRUITING,Phase 1,Allogene Therapeutics,INDUSTRY,ALLO-329; Cyclophosphamide,drug; genetic,Canada; United States,North America,2026-04-07,False,https://clinicaltrials.gov/study/NCT07085104
NCT07085676,Phase 1 Study of HBI0101 CAR-T in Refractory B-Cell Autoimmune Diseases,RECRUITING,Phase 1,Polina Stepensky,OTHER,HBI0101 CART,biological,Israel,Middle East,2026-05-06,False,https://clinicaltrials.gov/study/NCT07085676
NCT07087912,Safety and Immunogenicity of the Live Attenuated Tetravalent Butantan-Dengue Vaccine in Autoimmune Rheumatic Diseases,RECRUITING,Phase 4,University of Sao Paulo General Hospital,OTHER,"Dengue 1,2,3,4 (attenuated) vaccine",biological,Brazil,Latin America,2026-04-15,False,https://clinicaltrials.gov/study/NCT07087912
NCT07089121,"Descartes-08 for Children, Adolescents, and Young Adults With Autoimmune Disorders",RECRUITING,"Phase 1, Phase 2",Cartesian Therapeutics,INDUSTRY,Descartes-08,drug,United States,North America,2026-04-08,False,https://clinicaltrials.gov/study/NCT07089121
NCT07096557,The Effect of Co-enzyme Q10 on the Clinical Outcome of Pediatric Patients With Systemic Lupus Erythematosus,COMPLETED,Phase 2,Ain Shams University,OTHER,Coenzyme Q10,drug,Egypt,Middle East / Africa,2026-03-12,False,https://clinicaltrials.gov/study/NCT07096557
NCT07102030,Subgrouping SLE - a New Approach to Understand the Pathogenesis and Improve Treatment,RECRUITING,N/A,Region Stockholm,OTHER_GOV,,,Sweden,Europe,2025-08-03,False,https://clinicaltrials.gov/study/NCT07102030
NCT07102238,Lupus Arthritis: Muscoloskeletal Ultrasound as Clinical Outcome of Peripheral Blood and Synovial Deep Phenotyping,ACTIVE_NOT_RECRUITING,N/A,Fondazione Policlinico Universitario Agostino Gemelli IRCCS,OTHER,muscoloskeletal ultrasound and synovial biopsy,procedure,Italy,Europe,2025-08-03,False,https://clinicaltrials.gov/study/NCT07102238
NCT07104344,Study of CM355 in Patients With Systemic Lupus Erythematosus,NOT_YET_RECRUITING,N/A,Second Xiangya Hospital of Central South University,OTHER,CM355,biological,China,East Asia,2025-08-05,False,https://clinicaltrials.gov/study/NCT07104344
NCT07104721,A Clinical Study of YTS109 Cell for R/R Autoimmune Diseases,RECRUITING,Phase 1,"China Immunotech (Beijing) Biotechnology Co., Ltd.",INDUSTRY,YTS109 cell,drug,China,East Asia,2026-03-02,False,https://clinicaltrials.gov/study/NCT07104721
NCT07107659,Safety and Efficacy of ONT01 in Lupus,RECRUITING,Early Phase 1,"Hospital for Special Surgery, New York",OTHER,ONT01 is a small molecule CD11b modulator.,drug,United States,North America,2025-11-20,False,https://clinicaltrials.gov/study/NCT07107659
NCT07109986,UB-VV410 in Subjects With Active Refractory Systemic Lupus Erythematosus or Lupus Nephritis,RECRUITING,Phase 1,"Nanjing IASO Biotechnology Co., Ltd.",INDUSTRY,UB-VV410,drug,China,East Asia,2026-01-23,False,https://clinicaltrials.gov/study/NCT07109986
NCT07115745,"A Study of Healthy Donor CD19-targeted Allogeneic CAR T Cells in Participants With Severe, Refractory Autoimmune Diseases",RECRUITING,Phase 1,"Juno Therapeutics, Inc., a Bristol-Myers Squibb Company",INDUSTRY,BMS-986515; Cyclophosphamide; Fludarabine; Tocilizumab,drug; genetic,Australia; Brazil; Czechia; France; Germany; Israel; Poland; Romania; Spain; United States,Europe; Latin America; Middle East; North America; Oceania,2026-04-30,False,https://clinicaltrials.gov/study/NCT07115745
NCT07121777,Anti CD19/BCMA CAR Gene Therapy for Autoimmune Diseases,RECRUITING,N/A,Anhui Provincial Hospital,OTHER_GOV,Anti-CD19/BCMA CAR gene vector injection will be injected intravenously on a one-time basis,drug,China,East Asia,2025-08-13,False,https://clinicaltrials.gov/study/NCT07121777
NCT07123220,Prognostic Factors for Fatigue in Patients With Systemic Lupus Erythematosus,COMPLETED,N/A,Investigación en Hemofilia y Fisioterapia,NETWORK,,,Spain,Europe,2026-02-13,False,https://clinicaltrials.gov/study/NCT07123220
NCT07123519,A Clinical Study of YTS109 Cells for the Treatment of R/R Autoimmune Diseases,RECRUITING,Phase 1,"China Immunotech (Beijing) Biotechnology Co., Ltd.",INDUSTRY,YTS109 cell,drug,China,East Asia,2026-03-02,False,https://clinicaltrials.gov/study/NCT07123519
NCT07130448,The Relation of Albumin/Globulin Ratio and Platelet/Albumin Ratio to Lupus Nephritis,NOT_YET_RECRUITING,N/A,Assiut University,OTHER,,,,,2025-08-19,False,https://clinicaltrials.gov/study/NCT07130448
NCT07134166,Cardiac Imaging in Systemic Disorders: the ORACLES Registry,NOT_YET_RECRUITING,N/A,Assistance Publique - Hôpitaux de Paris,OTHER,data collection,other,,,2026-02-13,False,https://clinicaltrials.gov/study/NCT07134166
NCT07136090,OMERACT SLE Delphi,NOT_YET_RECRUITING,N/A,"University Health Network, Toronto",OTHER,,,,,2025-08-22,False,https://clinicaltrials.gov/study/NCT07136090
NCT07136337,The Diagnostic Utility of T Immunoglobulin G and T Immunoglobulin M Biomarkers in Patients With Systemic Lupus Erythematosus Disease : Associations With Disease Activity and Damage,NOT_YET_RECRUITING,N/A,Assiut University,OTHER,4 ml. of fresh venous blood will be collected from each patient on EDTA tube and will be used for detection of the following : T cell immunoglobulin G ( TIgG) and T cell immunoglobulin M (TIgM) by,diagnostic_test,Egypt,Middle East / Africa,2025-08-22,False,https://clinicaltrials.gov/study/NCT07136337
NCT07136389,"Safety, Pharmacokinetics, Immunogenicity BCD-256-1 and Divozilimab in Subjects With Systemic Lupus Erythematosus",RECRUITING,Phase 1,Biocad,INDUSTRY,BCD-256; Divozilimab,drug,Russia,Other / Global,2025-08-22,False,https://clinicaltrials.gov/study/NCT07136389
NCT07138898,Immunosuppressant Management in Rheumatology Patients Undergoing Elective Total Shoulder Arthroplasty,NOT_YET_RECRUITING,Phase 2,NYU Langone Health,OTHER,Abatacept; Adalimumab; Anakinra; Azathioprine; Belimumab; Bimekizumab; Canakinumab; Certolizumab; Cyclosporine; Etanercept; Golimumab; Guselkumab; Hydroxychloroquine; Infliximab; Ixekizumab; Leflunomide; Methotrexate; Mycophenolate; Risankizumab; Rituximab; Secukinumab; Sulfasalazine; Tacrolimus; Tocilizumab; Tofacitinib; Upadacitinib; Ustekinumab,biological; drug,United States,North America,2025-08-24,False,https://clinicaltrials.gov/study/NCT07138898
NCT07144514,Observational Study Investigating Demographic and Clinical Characteristics of SLE Patients in Egypt,NOT_YET_RECRUITING,N/A,AstraZeneca,INDUSTRY,,,,,2025-08-27,False,https://clinicaltrials.gov/study/NCT07144514
NCT07148115,Pregnancies Before the Diagnosis of Systemic Lupus Erythematosus,RECRUITING,N/A,University of Algiers,OTHER,Collect data on all pregnancies before and after diagnosis of SLE.,other,Algeria,Other / Global,2025-12-31,False,https://clinicaltrials.gov/study/NCT07148115
NCT07149402,Association of Serum Interleukin-33 Levels With Clinical Manifestations in Systemic Lupus Erythematosus,NOT_YET_RECRUITING,N/A,Assiut University,OTHER,,,,,2025-09-02,False,https://clinicaltrials.gov/study/NCT07149402
NCT07155369,UCAR T-cell Therapy Targeting CD19/ BCMA in Patients With Relapse/ Refractory Autoimmune Diseases,ACTIVE_NOT_RECRUITING,N/A,The Affiliated Hospital of Xuzhou Medical University,OTHER,Cyclophosphamide; Fludarabine; UCAR-T cells,biological; drug,China,East Asia,2025-09-04,False,https://clinicaltrials.gov/study/NCT07155369
NCT07157202,Associating Gastric Infection With Autoimmune Flare Severity in an Egyptians,NOT_YET_RECRUITING,N/A,Assiut University,OTHER,,,,,2025-09-05,False,https://clinicaltrials.gov/study/NCT07157202
NCT07174843,An Exploratory Study of CD19/CD22/BCMA CAR-T Cells (BZE2204) in Subjects With Relapsed or Refractory Autoimmune Diseases,RECRUITING,Early Phase 1,"Shanghai Cell Therapy Group Co.,Ltd",INDUSTRY,CD19/CD22/BCMA CAR-T cells(BZE2204),biological,China,East Asia,2025-09-16,False,https://clinicaltrials.gov/study/NCT07174843
NCT07175285,A Study in Participants With Active Systemic Lupus Erythematosus With Inadequate Response to Glucocorticoids and ≥2 Immunosuppressants,RECRUITING,N/A,Bristol-Myers Squibb,INDUSTRY,Current standard of care treatment options,drug,Argentina; Brazil; Canada; France; Germany; Israel; Italy; Japan; Puerto Rico; Spain; United Kingdom; United States,East Asia; Europe; Latin America; Middle East; North America; Other / Global,2026-04-29,False,https://clinicaltrials.gov/study/NCT07175285
NCT07175610,LUpus Eritematoso Sistemico NETwork and Registry,NOT_YET_RECRUITING,N/A,"Società Italiana di Allergologia, Asma e Immunologia Clinica",OTHER,,,Italy,Europe,2025-09-16,False,https://clinicaltrials.gov/study/NCT07175610
NCT07177911,Safety and Efficacy Study of CC312 for Moderate to Severe SLE,RECRUITING,Phase 1,CytoCares Inc,INDUSTRY,CC312; Placebo,drug,China,East Asia,2025-09-17,False,https://clinicaltrials.gov/study/NCT07177911
NCT07180537,Creating Health Course Study for People With Rheumatological Conditions,RECRUITING,N/A,Terry L. Wahls,OTHER,Creating Health Online Course; Delayed access to Creating Health Online Course,behavioral,United States,North America,2026-01-08,False,https://clinicaltrials.gov/study/NCT07180537
NCT07183007,Development of a Dietary Intervention Model Based on Genetic Data as an Implementation of a Healthy Lifestyle in the Management of Systemic Lupus Erythematosus Patients,NOT_YET_RECRUITING,N/A,Indonesia University,OTHER,Low gluten diet,other,Indonesia,Southeast Asia,2025-09-19,False,https://clinicaltrials.gov/study/NCT07183007
NCT07185269,The Purpose of This Study is to Evaluate the Efficacy and Safety of 626 in the Treatment of SLE,RECRUITING,"Phase 1, Phase 2","Sunshine Guojian Pharmaceutical (Shanghai) Co., Ltd.",INDUSTRY,626; Placebo,drug,China,East Asia,2025-11-26,False,https://clinicaltrials.gov/study/NCT07185269
NCT07193745,"Respiratory Function, Physical Activity and Fatigue in SLE",COMPLETED,N/A,Melis Usul,OTHER,,,Turkey (Türkiye),Other / Global,2026-03-24,False,https://clinicaltrials.gov/study/NCT07193745
NCT07193810,A Study of CC312 for Relapsed/Refractory Autoimmune Diseases,RECRUITING,Early Phase 1,CytoCares Inc,INDUSTRY,CC312,biological,China,East Asia,2026-04-14,False,https://clinicaltrials.gov/study/NCT07193810
NCT07196072,"A Multi-component, Person-centered, and Yoga-based Coaching Program for Lupus Chronic Pain",ACTIVE_NOT_RECRUITING,N/A,University of Michigan,OTHER,MiPAL,behavioral,United States,North America,2026-02-03,False,https://clinicaltrials.gov/study/NCT07196072
NCT07201129,A Research Trial to Assess if Cenerimod is Efficacious and Safe to Treat Active Lupus Nephritis on Top of Regular Treatment,RECRUITING,Phase 3,Viatris Innovation GmbH,INDUSTRY,Cenerimod; Placebo,drug,United States,North America,2026-04-28,False,https://clinicaltrials.gov/study/NCT07201129
NCT07201558,"Study Evaluating Safety, Tolerability, PK/PD of Surovatamig in Adult RA or SLE Participants",RECRUITING,Phase 1,AstraZeneca,INDUSTRY,Surovatamig,biological,Australia; Belgium; Brazil; China; Germany; Spain; Taiwan; Ukraine; United States,East Asia; Europe; Latin America; North America; Oceania,2026-02-17,False,https://clinicaltrials.gov/study/NCT07201558
NCT07203157,HEAL-SLE: Holistic Energy for Alleviating Lupus Symptoms,NOT_YET_RECRUITING,N/A,NYU Langone Health,OTHER,Virtual Reiki Therapy,other,United States,North America,2025-10-02,False,https://clinicaltrials.gov/study/NCT07203157
NCT07209540,European LUpuS Inception-Cohort Developing initiATivE,NOT_YET_RECRUITING,N/A,University of Aarhus,OTHER,,,,,2025-10-07,False,https://clinicaltrials.gov/study/NCT07209540
NCT07212322,A Study of CD19 UCAR-T Cells in Subjects With Autoimmune Diseases,NOT_YET_RECRUITING,N/A,"Institute of Hematology & Blood Diseases Hospital, China",OTHER,CD19 UCAR-T cells,drug,China,East Asia,2025-12-19,False,https://clinicaltrials.gov/study/NCT07212322
NCT07215663,Clinical Study of Cizutamig in Systemic Lupus Erythematosus,RECRUITING,Phase 1,Candid Therapeutics,INDUSTRY,Cizutamig,drug,China,East Asia,2025-11-17,False,https://clinicaltrials.gov/study/NCT07215663
NCT07215754,"Real World Evidence of Anifrolumab in Systemic Lupus Erythematosus: Investigator Initiated, Observational, Multicenter Study Evaluating Effectiveness and Safety of Anifrolumab in Active SLE Patients",RECRUITING,N/A,University of Pisa,OTHER,,,Italy,Europe,2025-10-10,False,https://clinicaltrials.gov/study/NCT07215754
NCT07219563,Alnuctamab for Refractory SLE (LATTE Study),RECRUITING,Phase 1,Icahn School of Medicine at Mount Sinai,OTHER,Alnuctamab,drug,United States,North America,2026-04-21,False,https://clinicaltrials.gov/study/NCT07219563
NCT07221565,Quantum-Synaptic Immunotherapy Mapping Using Low-Frequency Electromagnetic Resonance and Machine Learning-Based Cytokine Forecasting,ENROLLING_BY_INVITATION,"Phase 1, Phase 2","Truway Health, Inc.",INDUSTRY,Low-Dose Naltrexone (LDN); Low-Frequency Electromagnetic Resonance Therapy (LF-EMR); Sham Resonance Device (Inactive Control),device; drug,United States,North America,2025-10-29,False,https://clinicaltrials.gov/study/NCT07221565
NCT07225387,Safety and Efficacy of Combination Belimumab and Voclosporin in the Treatment of Proliferative Forms of Lupus Glomerulopathy: Synergy Trial,RECRUITING,Phase 4,"NephroNet, Inc.",OTHER,Voclosporin,drug,United States,North America,2025-11-06,False,https://clinicaltrials.gov/study/NCT07225387
NCT07225543,2-HOBA in Systemic Lupus Erythematosus,NOT_YET_RECRUITING,Phase 2,Vanderbilt University Medical Center,OTHER,2-HOBA acetate (2-Hydroxybenzlamine acetate); Placebo,drug,United States,North America,2025-11-10,False,https://clinicaltrials.gov/study/NCT07225543
NCT07229742,A Phase II Clinical Study on the Efficacy and Safety of SHR-2173 Injection in the Treatment of Patients With Active Lupus Nephritis,RECRUITING,Phase 2,"Guangdong Hengrui Pharmaceutical Co., Ltd",INDUSTRY,SHR-2173 Injection; SHR-2173 Injection Blank Preparation,drug,China,East Asia,2025-12-01,False,https://clinicaltrials.gov/study/NCT07229742
NCT07233642,Study of Ultra-Fast CD19 CAR-T Therapy for Refractory SLE,RECRUITING,Phase 1,The Children's Hospital of Zhejiang University School of Medicine,OTHER,CD19 CAR-T cells,biological,China,East Asia,2025-11-18,False,https://clinicaltrials.gov/study/NCT07233642
NCT07236762,An Exploratory Clinical Study of YTS109 Cell for R/R Autoimmune Diseases,RECRUITING,Phase 1,"China Immunotech (Beijing) Biotechnology Co., Ltd.",INDUSTRY,YTS109 cell,drug,China,East Asia,2026-03-04,False,https://clinicaltrials.gov/study/NCT07236762
NCT07236801,Exploratory Clinical Study on YTS109 Cell Therapy for Autoimmune Diseases,RECRUITING,Phase 1,"China Immunotech (Beijing) Biotechnology Co., Ltd.",INDUSTRY,YTS109 cell,drug,China,East Asia,2026-03-02,False,https://clinicaltrials.gov/study/NCT07236801
NCT07237659,Phase 1a/b Tolerability of NTR-1011 in Healthy Adults and Adult Patients With SLE and RA,COMPLETED,Phase 1,Neutrolis,INDUSTRY,NTR1011,drug,United States,North America,2026-04-13,False,https://clinicaltrials.gov/study/NCT07237659
NCT07246096,Exploratory Clinical Study on the Safety and Efficacy of Anti- CD19/BCMA U CAR-T Cell Injection for the Treatment of Relapsed/Refractory Autoimmune Diseases,RECRUITING,Early Phase 1,Changhai Hospital,OTHER,anti-CD19/BCMA U CAR T cells,biological,China,East Asia,2026-02-25,False,https://clinicaltrials.gov/study/NCT07246096
NCT07249060,Interferon Signature in Anti-CTLA-4 and Anti-PD-1/PD-L1-Treated Cancer Patients Compared With Systemic Autoimmune Disease Patients,RECRUITING,N/A,Hospital Universitario Araba,OTHER,Immune Checkpoint Inhibitors,drug,Spain,Europe,2025-12-03,False,https://clinicaltrials.gov/study/NCT07249060
NCT07251179,Characterization of Autoreactive b Lymphocytes in Autoimmune Diseases and Immune Deficiencies,NOT_YET_RECRUITING,N/A,"University Hospital, Strasbourg, France",OTHER,blood draw,biological,France,Europe,2025-12-04,False,https://clinicaltrials.gov/study/NCT07251179
NCT07252141,miR-101-3p and Autotaxin in SLE Patients,NOT_YET_RECRUITING,N/A,Eman Mohamed Shawky,OTHER,,,,,2025-11-26,False,https://clinicaltrials.gov/study/NCT07252141
NCT07256067,Vagus Nerve Stimulation for Fatigue in Systemic Lupus,COMPLETED,N/A,Cairo University,OTHER,sham transcutaneous vagus nerve stimulation (tVNS) plus aerobic exercise; transcutaneous vagus nerve stimulation (tVNS),device; other,Egypt,Middle East / Africa,2025-12-01,False,https://clinicaltrials.gov/study/NCT07256067
NCT07260877,"A Multicenter, Randomized, Double-Blind, Placebo-Controlled, Phase 2a Study With an Open-Label Extension Evaluating the Efficacy and Safety of VENT-03 in Adult Participants With Active Cutaneous Lupus Erythematosus With or Without Systemic Lupus Erythematosus",RECRUITING,Phase 2,"Ventus Therapeutics U.S., Inc.",INDUSTRY,Placebo; VENT-03,drug,Bulgaria; France; Georgia; Hungary; Poland; South Africa; Spain; United States,Africa; Europe; North America; Other / Global,2026-04-06,False,https://clinicaltrials.gov/study/NCT07260877
NCT07260942,Ferroptosis Role in the Pathophysiology of Systemic Lupus Erythematosus,NOT_YET_RECRUITING,N/A,"University Hospital, Bordeaux",OTHER,blood sample,biological,France,Europe,2025-12-03,False,https://clinicaltrials.gov/study/NCT07260942
NCT07266090,"A Study to Evaluate the Safety,Tolerability,Pharmacokinetics and Pharmacodynamics of Cenerimod in Adult Chinese Participants With Moderate-to-severe Systemic Lupus Erythematosus (SLE)",ENROLLING_BY_INVITATION,Phase 2,"Viatris Pharmaceuticals Co., Ltd.",INDUSTRY,cenerimod 4 mg,drug,China,East Asia,2026-04-17,False,https://clinicaltrials.gov/study/NCT07266090
NCT07266337,CD19/BCMA CAR-T for SLE,NOT_YET_RECRUITING,Early Phase 1,"Chengdu Ucello Biotechnology Co., Ltd.",INDUSTRY,CD19/BCMA CAR T-cells,drug,China,East Asia,2025-12-05,False,https://clinicaltrials.gov/study/NCT07266337
NCT07267091,The Burden of Lupus in Canada From a Patient Perspective: A Canadian Real-World PROxy Study,COMPLETED,N/A,PeriPharm,OTHER,No Intervention: Observational Cohort,other,Canada,North America,2026-01-29,False,https://clinicaltrials.gov/study/NCT07267091
NCT07274059,Allogeneic UCB-derived CAR-T for SLE,RECRUITING,Early Phase 1,"Chengdu Ucello Biotechnology Co., Ltd.",INDUSTRY,allogeneic umbilical cord blood-derived CAR-T targeting CD19 and BCMA,drug,China,East Asia,2025-12-10,False,https://clinicaltrials.gov/study/NCT07274059
NCT07276958,A Study of LY4298445 in Healthy Participants and Participants With Systemic Lupus Erythematosus (SLE) or Rheumatoid Arthritis (RA),RECRUITING,Phase 1,Eli Lilly and Company,INDUSTRY,LY4298445,drug,Australia; China,East Asia; Oceania,2026-04-17,False,https://clinicaltrials.gov/study/NCT07276958
NCT07281105,EG-501 for Cognitive Impairment in Neuropsychiatric SLE (NPSLE): Efficacy and Safety Study,COMPLETED,Phase 2,"Evergreen Therapeutics, Inc.",INDUSTRY,EG-501; Placebo,drug,United States,North America,2025-12-15,False,https://clinicaltrials.gov/study/NCT07281105
NCT07282392,Helping Lupus Patients Manage Fibromyalgia Symptoms Through Emotional Awareness and Expression Therapy (EAET),RECRUITING,N/A,University of Utah,OTHER,Emotional Awareness and Expression Therapy (EAET),behavioral,United States,North America,2025-12-29,False,https://clinicaltrials.gov/study/NCT07282392
NCT07298733,The Value of Interleukin-1β and Interleukin-33 Genetic Expression in the Pathogenesis and Differentiation of Primary ITP and SLE-Related Thrombocytopenia,NOT_YET_RECRUITING,N/A,Sohag University,OTHER,measuring gene expression,diagnostic_test,,,2025-12-23,False,https://clinicaltrials.gov/study/NCT07298733
NCT07299422,A Study of SHR-2173 in Participants With Systemic Lupus Erythematosus,RECRUITING,Phase 2,"Guangdong Hengrui Pharmaceutical Co., Ltd",INDUSTRY,SHR-2173 Injection; SHR-2173 Injection Placebo,drug,China,East Asia,2026-05-11,False,https://clinicaltrials.gov/study/NCT07299422
NCT07301164,Clinical Study of BCT301 Cell Injection Therapy for Refractory Autoimmune Diseases,NOT_YET_RECRUITING,Early Phase 1,Peking University Third Hospital,OTHER,BCT301,biological,,,2025-12-24,False,https://clinicaltrials.gov/study/NCT07301164
NCT07305116,CAR T-cell Therapy Targeting CD19 and BCMA in Patients With B Cell Mediated Autoimmune Disease,RECRUITING,Phase 1,The Children's Hospital of Zhejiang University School of Medicine,OTHER,UCAR T-cell,biological,China,East Asia,2026-02-03,False,https://clinicaltrials.gov/study/NCT07305116
NCT07306585,"The Safety, Tolerability, Pharmacokinetics, Immunogenicity and Preliminary Efficacy of HC022 Injection in Subjects With SLE/CLE",NOT_YET_RECRUITING,Phase 1,HC Biopharma Inc.,INDUSTRY,HC022; Placebo,drug,China,East Asia,2026-01-28,False,https://clinicaltrials.gov/study/NCT07306585
NCT07311200,A Study of D-2570 in Patients With Active Systemic Lupus Erythematosus (SLE),RECRUITING,Phase 2,"InventisBio Co., Ltd",INDUSTRY,D-2570; D-2570 Placebo,drug,China,East Asia,2026-04-24,False,https://clinicaltrials.gov/study/NCT07311200
NCT07314567,ACE1831 in Adult Subjects With Relapsed/Refractory Systemic Lupus Erythematosus （SLE）,NOT_YET_RECRUITING,N/A,Tongji Hospital,OTHER,ACE1831; Lymphodepleting chemotherapy,drug,China,East Asia,2026-01-02,False,https://clinicaltrials.gov/study/NCT07314567
NCT07315087,CAR T-cell Therapy Targeting CD19 and BCMA(QT-019C) in Patients With Relapse/Refractory Autoimmune Diseases,RECRUITING,Phase 1,"Institute of Hematology & Blood Diseases Hospital, China",OTHER,QT-019C,biological,China,East Asia,2026-01-20,False,https://clinicaltrials.gov/study/NCT07315087
NCT07318259,Study of Ultra-Fast BCMA/CD70 CAR-T Therapy for Refractory SLE,RECRUITING,Phase 1,"Chongqing Precision Biotech Co., Ltd",INDUSTRY,BCMA/CD70 CAR-T cells,biological,China,East Asia,2026-02-03,False,https://clinicaltrials.gov/study/NCT07318259
NCT07323173,A Phase I Study to Assess LBL-047 in Healthy Adults and Patients With Systemic Lupus Erythematosus,RECRUITING,Phase 1,"Nanjing Leads Biolabs Co.,Ltd",INDUSTRY,LBL-047 for Injection; LBL-047 placebo for injection,drug,China,East Asia,2026-04-14,False,https://clinicaltrials.gov/study/NCT07323173
NCT07323524,Dapagliflozin in Active Lupus Nephritis,NOT_YET_RECRUITING,Phase 4,Brigham and Women's Hospital,OTHER,Dapagliflozin (10Mg Tab) along with standard medical therapy; Placebo,drug,United States,North America,2026-04-29,False,https://clinicaltrials.gov/study/NCT07323524
NCT07328581,BCMA-CD19 cCAR T for the Treatment of Refractory Lupus,NOT_YET_RECRUITING,"Phase 1, Phase 2",iCell Gene Therapeutics,INDUSTRY,"ICG318, BCMA-CD19-IL-15/IL-15 sushi Compound CAR T following cyclophosphamide-only lymphodepletion",biological,,,2026-01-09,False,https://clinicaltrials.gov/study/NCT07328581
NCT07330245,Achievement of LLDAS5 in Patients With Systemic Lupus Erythematosus Treated With Anifrolumab.,RECRUITING,N/A,AstraZeneca,INDUSTRY,Anifrolumab,biological,Italy,Europe,2026-04-29,False,https://clinicaltrials.gov/study/NCT07330245
NCT07331272,A Study of LUCAR-G79D in Subjects With Relapsed/Refractory Systemic Lupus Erythematosus (r/r SLE) and Idiopathic Inflammatory Myopathies (r/r IIM),RECRUITING,Phase 1,Nanjing Legend Biotech Co.,INDUSTRY,LUCAR-G79D T cells,biological,China,East Asia,2026-02-02,False,https://clinicaltrials.gov/study/NCT07331272
NCT07331467,Study of Ultra-Fast CD19 CAR-T Therapy for Refractory SLE,RECRUITING,Phase 1,"Chongqing Precision Biotech Co., Ltd",INDUSTRY,CD19 CAR-T cells,biological,China,East Asia,2026-01-12,False,https://clinicaltrials.gov/study/NCT07331467
NCT07332481,A Study of Enpatoran in Participants With Cutaneous Manifestations of Lupus With or Without Systemic Disease,RECRUITING,Phase 3,"EMD Serono Research & Development Institute, Inc.",INDUSTRY,Enpatoran; Placebo; Standard of care (SoC),drug,United States,North America,2026-05-08,False,https://clinicaltrials.gov/study/NCT07332481
NCT07339332,"A Clinical Study Exploring the Safety, Efficacy and Cell Metabolic Dynamics of Universal CD19 / 20 Car-t Cell Injection in Moderate to Severe Refractory Systemic Lupus Erythematosus",RECRUITING,Early Phase 1,"Union Hospital, Tongji Medical College, Huazhong University of Science and Technology",OTHER,CAR-T Therapy,other,China,East Asia,2026-01-14,False,https://clinicaltrials.gov/study/NCT07339332
NCT07339540,the Safety and Efficacy of Targeted BCMA In Vivo LV Injection for Recurrent or Refractory Autoimmune Diseases,RECRUITING,Early Phase 1,Tongji Hospital,OTHER,V001-BCMA,drug,China,East Asia,2026-01-14,False,https://clinicaltrials.gov/study/NCT07339540
NCT07340463,The Efficacy and Safety of Biologics (Belimumab/ Telitacicept) Induction Therapy in Proliferative Lupus Nephritis Patients for 6 Months Compared With Mycophenolate Mofetil Treatment,RECRUITING,Phase 2,Nanjing University School of Medicine,OTHER,Glucocorticoids; Mycophenolate mofetil (MMF); Telitacicept; belimumab,biological; drug,China,East Asia,2026-03-12,False,https://clinicaltrials.gov/study/NCT07340463
NCT07348055,A Study of GR1803 in Systemic Lupus Erythematosus,RECRUITING,"Phase 1, Phase 2","Genrix (Shanghai) Biopharmaceutical Co., Ltd.",INDUSTRY,GR1803 injection,biological,China,East Asia,2026-03-10,False,https://clinicaltrials.gov/study/NCT07348055
NCT07349667,Hypnotherapy for Needle-related Procedural Pain and Anxiety Management in a Pediatric Setting,NOT_YET_RECRUITING,N/A,Aarhus University Hospital,OTHER,Hypnotherapy,other,Denmark,Europe,2026-01-20,False,https://clinicaltrials.gov/study/NCT07349667
NCT07350772,It is an Observational Study That Compare Prognosis of Typical and Atypical Systemic Lupus Erythematosus Presentation,NOT_YET_RECRUITING,N/A,Sohag University,OTHER,,,Egypt,Middle East / Africa,2026-01-20,False,https://clinicaltrials.gov/study/NCT07350772
NCT07352332,Immune Profiling of Refractory cSLE Exposed to CD3×CD19 BiTE,RECRUITING,N/A,The Children's Hospital of Zhejiang University School of Medicine,OTHER,,,China,East Asia,2026-01-20,False,https://clinicaltrials.gov/study/NCT07352332
NCT07355218,A Study of Enpatoran in Participants With Cutaneous Manifestations of Lupus With or Without Systemic Disease (ELOWEN-2),RECRUITING,Phase 3,"EMD Serono Research & Development Institute, Inc.",INDUSTRY,Enpatoran; Placebo; Standard of care (SoC),drug,United States,North America,2026-05-11,False,https://clinicaltrials.gov/study/NCT07355218
NCT07358988,KN5501 Cell Injection for Refractory SLE(CLEAR),NOT_YET_RECRUITING,Phase 1,"Ruitherapeutics Co., LTD",INDUSTRY,KN5501 cell injection,drug,China,East Asia,2026-01-22,False,https://clinicaltrials.gov/study/NCT07358988
NCT07361094,Autologous CD19/BCMA Dual-Target CAR-T for Relapsed/Refractory Autoimmune Diseases,RECRUITING,Phase 1,Beijing Boren Hospital,OTHER,Autologous CD19-BCMA Dual-Target CAR T-Cell Therapy,drug,China,East Asia,2026-01-22,False,https://clinicaltrials.gov/study/NCT07361094
NCT07363460,Study to Assess Efficacy and Safety of HSK39297 Tablets in Patients With LN,RECRUITING,Phase 2,"Haisco Pharmaceutical Group Co., Ltd.",INDUSTRY,HSK39297 200mgQD; HSK39297 300mgQD; Placebo,drug,China,East Asia,2026-01-23,False,https://clinicaltrials.gov/study/NCT07363460
NCT07363590,A Clinical Study of MK-1045 in People With Lupus or Rheumatoid Arthritis (MK-1045-004),RECRUITING,Phase 1,Merck Sharp & Dohme LLC,INDUSTRY,MK-1045,biological,Belgium; Georgia; Italy; Japan; Moldova; Romania,East Asia; Europe; Other / Global,2026-05-04,False,https://clinicaltrials.gov/study/NCT07363590
NCT07364396,"Efficacy and Safety of CRC01 in Participants With Severe, Refractory Systemic Lupus Erythematosus",NOT_YET_RECRUITING,"Phase 1, Phase 2",Curocell Inc.,INDUSTRY,CRC01,biological,,,2026-01-23,False,https://clinicaltrials.gov/study/NCT07364396
NCT07371468,A Study of GSK5926371 in Participants With B-cell Driven Autoimmune Rheumatic Diseases (ARD),RECRUITING,Phase 1,GlaxoSmithKline,INDUSTRY,GSK5926371,biological,Japan,East Asia,2026-03-17,False,https://clinicaltrials.gov/study/NCT07371468
NCT07381465,Efficacy and Safety of IL-1 Inhibitors in Mild to Moderate Systemic Lupus Erythematosus,NOT_YET_RECRUITING,Phase 4,Chinese SLE Treatment And Research Group,OTHER,Firsekibart,drug,,,2026-02-02,False,https://clinicaltrials.gov/study/NCT07381465
NCT07393399,Omega-3 Supplementation in Systemic Lupus Erythematosus,NOT_YET_RECRUITING,N/A,University of Sao Paulo,OTHER,Omega-3 Fatty Acids (EPA plus DHA); Placebo,dietary_supplement,,,2026-02-06,False,https://clinicaltrials.gov/study/NCT07393399
NCT07393451,A Multicenter Phase 2a Clinical Study to Evaluate SIM0278 in Subjects With Active Lupus Nephritis,NOT_YET_RECRUITING,Phase 2,"Simcere Pharmaceutical Co., Ltd",OTHER,SIM0278 injection,drug,China,East Asia,2026-02-06,False,https://clinicaltrials.gov/study/NCT07393451
NCT07394361,"The Effect of Clinical Pilates Training on Fatigue, Emotional State, Functional Capacity, Sleep and Quality of Life in Women With Systemic Lupus Erythematosus",ENROLLING_BY_INVITATION,N/A,Emir İbrahim IŞIK,OTHER,Clinical Pilates Training; Home exercise program,other,Turkey (Türkiye),Other / Global,2026-02-06,False,https://clinicaltrials.gov/study/NCT07394361
NCT07397728,""" TREX1 Gene Mutations and Their Role in Systemic Lupus Erythematosus",RECRUITING,N/A,South Valley University,OTHER,TREX1 gene polymorphisms,diagnostic_test,Egypt,Middle East / Africa,2026-02-09,False,https://clinicaltrials.gov/study/NCT07397728
NCT07398885,Assessing the Impact of Herbal Supplement on Fatigue and Disease Activity in SLE: Results From an 8-Week Randomized Trial,COMPLETED,N/A,University Tunis El Manar,OTHER,EVACUR; PLACEBO,dietary_supplement; other,Tunisia,Other / Global,2026-02-10,False,https://clinicaltrials.gov/study/NCT07398885
NCT07403097,Study of CD19 CAR-T Therapy for Refractory SLE,RECRUITING,Phase 1,"Chongqing Precision Biotech Co., Ltd",INDUSTRY,PTOC1,biological,China,East Asia,2026-02-11,False,https://clinicaltrials.gov/study/NCT07403097
NCT07403188,A Long-Term Follow-Up Study for Participants Previously Treated With KYV-101,RECRUITING,N/A,Kyverna Therapeutics,INDUSTRY,KYV-101,drug,United States,North America,2026-02-11,False,https://clinicaltrials.gov/study/NCT07403188
NCT07405970,A Phase 3 Clinical Study of MIL62 in Systemic Lupus Erythematosus,RECRUITING,Phase 3,"Beijing Mabworks Biotech Co., Ltd.",INDUSTRY,MIL62; Placebo,drug,China,East Asia,2026-05-05,False,https://clinicaltrials.gov/study/NCT07405970
NCT07408908,"Safety, Tolerability, and Pharmacokinetic/Pharmacodynamic (PK/PD) Profile of ACT100 in Healthy Participants..",NOT_YET_RECRUITING,Phase 1,"Xiamen Amoytop Biotech Co., Ltd.",INDUSTRY,ACT100 Injection; Placebo for ACT100,drug,,,2026-02-13,False,https://clinicaltrials.gov/study/NCT07408908
NCT07409181,A Study to Test Whether Different Doses of BI 3000202 Help People With Systemic Lupus Erythematosus (SLE),RECRUITING,Phase 2,Boehringer Ingelheim,INDUSTRY,BI 3000202; Placebo,drug,Argentina; Australia; Brazil; Bulgaria; China; Colombia; Croatia; Germany; Hungary; India; Japan; Mexico; Netherlands; Poland; Romania; Serbia; South Africa; Spain; Taiwan; United Kingdom; United States,Africa; East Asia; Europe; Latin America; North America; Oceania; South Asia,2026-05-14,False,https://clinicaltrials.gov/study/NCT07409181
NCT07410377,UCAR T-cell Therapy Targeting CD19/ BCMA(QT-019C) in Patients With Relapse/ Refractory Autoimmune Diseases,NOT_YET_RECRUITING,Early Phase 1,The Affiliated Hospital of Xuzhou Medical University,OTHER,UCAR-T cells,biological,China,East Asia,2026-02-13,False,https://clinicaltrials.gov/study/NCT07410377
NCT07412210,Safety and Efficacy of ES-NK Cell Injection in the Treatment of Refractory Lupus Nephritis: an Early Clinical Study,NOT_YET_RECRUITING,Early Phase 1,Shanghai Jiao Tong University School of Medicine,OTHER,AXA-NK02,biological,,,2026-03-02,False,https://clinicaltrials.gov/study/NCT07412210
NCT07413341,A Clinical Study of TI-0032-III Injection in Patients With Relapsed and Refractory Autoimmune Diseases,RECRUITING,Phase 1,Therorna,INDUSTRY,TI-0032-III injection,biological,China,East Asia,2026-02-17,False,https://clinicaltrials.gov/study/NCT07413341
NCT07424261,NIS to Examine Disease Activity in SLE Patients Treated With Subcutaneous Anifrolumab in Routine Care,RECRUITING,N/A,AstraZeneca,INDUSTRY,,,Germany,Europe,2026-05-12,False,https://clinicaltrials.gov/study/NCT07424261
NCT07425730,Early Myocardial Dysfunction Helps Identify Severe Refractory Pediatric Lupus,RECRUITING,N/A,Shanghai Jiao Tong University School of Medicine,OTHER,,,China,East Asia,2026-04-28,False,https://clinicaltrials.gov/study/NCT07425730
NCT07430306,A Study to Evaluate the Treatment Outcomes of Subcutaneous Anifrolumab in Immunosuppressant-naïve and Biologic-naïve Systemic Lupus Erythematosus,RECRUITING,Phase 3,AstraZeneca,INDUSTRY,Anifrolumab,drug,Canada; France; Germany; Italy; Mexico; Poland; Spain; Taiwan; United States,East Asia; Europe; North America,2026-05-05,False,https://clinicaltrials.gov/study/NCT07430306
NCT07431775,Saphnelo Use in Females of Child-bearing Potential,NOT_YET_RECRUITING,N/A,AstraZeneca,INDUSTRY,Anifrolumab,drug,,,2026-02-25,False,https://clinicaltrials.gov/study/NCT07431775
NCT07432334,CD19 CAR T-Cell Therapy for Refractory Systemic Lupus Erythematosus,NOT_YET_RECRUITING,Phase 1,Vinmec Research Institute of Stem Cell and Gene Technology,OTHER,Autologous CD19-Targeted CAR-T Cells,biological,Vietnam,Southeast Asia,2026-02-25,False,https://clinicaltrials.gov/study/NCT07432334
NCT07438496,A Study of Nipocalimab in Adults With Moderate to Severe Systemic Lupus Erythematosus,RECRUITING,Phase 3,"Janssen Research & Development, LLC",INDUSTRY,Nipocalimab; Placebo; Standard of care treatment,drug,Argentina; Brazil; China; Israel; Japan; Malaysia; Taiwan; Turkey (Türkiye); United Kingdom; United States,East Asia; Europe; Latin America; Middle East; North America; Other / Global; Southeast Asia,2026-05-08,False,https://clinicaltrials.gov/study/NCT07438496
NCT07439029,YTS109 in Pediatric Relapsed/Refractory Autoimmune Diseases,NOT_YET_RECRUITING,Phase 1,Children's Hospital of Fudan University,OTHER,YTS109 cell,biological; other,China,East Asia,2026-02-27,False,https://clinicaltrials.gov/study/NCT07439029
NCT07444307,"A Clinical Study of Dual-Target, Universal CAR-T Cell Therapy for Refractory Systemic Lupus Erythematosus",RECRUITING,Phase 1,"Hangzhou Qihan Biotech Co., Ltd.",INDUSTRY,QT-019B Cell Injection,drug,China,East Asia,2026-03-02,False,https://clinicaltrials.gov/study/NCT07444307
NCT07447986,To Evaluate the Efficacy and Safety of SG301 SC Injection in Systemic Lupus Erythematosus,RECRUITING,Phase 2,"Hangzhou Sumgen Biotech Co., Ltd.",INDUSTRY,SG301 SC Injection; SG301 SC placebo,drug,China,East Asia,2026-04-02,False,https://clinicaltrials.gov/study/NCT07447986
NCT07470151,Clinical Study of EVM18001 in the Treatment of Refractory Autoimmune Diseases,RECRUITING,N/A,"Union Hospital, Tongji Medical College, Huazhong University of Science and Technology",OTHER,EVM18001 Injection,biological,China,East Asia,2026-03-13,False,https://clinicaltrials.gov/study/NCT07470151
NCT07481214,Lupus Walking Intervention to Address Fatigue/Quality of Life,COMPLETED,N/A,"University of California, San Francisco",OTHER,guided increases in daily walking,behavioral,United States,North America,2026-04-13,False,https://clinicaltrials.gov/study/NCT07481214
NCT07483346,IASO-782 in Systemic Lupus Erythematosus,NOT_YET_RECRUITING,Phase 1,"Shanghai IASO Biotechnology Co., Ltd",INDUSTRY,IASO-782 injection; Placebo,drug,,,2026-03-19,False,https://clinicaltrials.gov/study/NCT07483346
NCT07483541,Identification of Modifiable Sleep-related Factors in Patients With Systemic Lupus Erythematosus.,NOT_YET_RECRUITING,N/A,Investigación en Hemofilia y Fisioterapia,NETWORK,Adults with systemic lupus erythematosus,other,Spain,Europe,2026-05-04,False,https://clinicaltrials.gov/study/NCT07483541
NCT07490041,Exploratory Clinical Study on the Safety and Efficacy of Anti- CD19/BCMA CAR-NK Cell Injection for the Treatment of Refractory Pediatric Rheumatic Diseases,RECRUITING,Early Phase 1,The Children's Hospital of Zhejiang University School of Medicine,OTHER,KN5601,biological,China,East Asia,2026-03-24,False,https://clinicaltrials.gov/study/NCT07490041
NCT07490275,Allogeneic CD19/BCMA-Targeted CAR-γδT Cell Therapy: Safety and Preliminary Pharmacodynamics in Relapsed/Refractory Autoimmune Diseases,NOT_YET_RECRUITING,Phase 1,"Institute of Hematology & Blood Diseases Hospital, China",OTHER,Allogeneic CD19/BCMA-targeted CAR-γδT cell injection; Cyclophosphamide; Fludarabine,biological; drug,,,2026-03-24,False,https://clinicaltrials.gov/study/NCT07490275
NCT07491900,A Phase 1 Study of HB2198 in Participants With Moderately to Severely Active Systemic Lupus Erythematosus (SLE),RECRUITING,Phase 1,Hinge Bio,INDUSTRY,HB2198,drug,Australia,Oceania,2026-03-25,False,https://clinicaltrials.gov/study/NCT07491900
NCT07493655,Therapeutic Drug Monitoring of Mycophenolate Mofetil in Lupus Nephritis,NOT_YET_RECRUITING,N/A,Federal University of Maranhao,OTHER,Standard clinical care; Therapeutic Drug Monitoring,other,Brazil,Latin America,2026-03-25,False,https://clinicaltrials.gov/study/NCT07493655
NCT07505576,Anti-alpha-actinin Antibodies and Lupus Nephritis Activity,NOT_YET_RECRUITING,N/A,Assiut University,OTHER,"CBC, serum creatinine and urea, estimated GFR, ESR, CRP, urine analysis, ANA, anti dsDNA, C3 & C4, serum albumin, 24-hrs urinary protein, and U. ACR; renal biopsy; serum anti-alpha-actinin antibodies",diagnostic_test; other,,,2026-04-01,False,https://clinicaltrials.gov/study/NCT07505576
NCT07507201,Allogeneic CD19/BCMA CAR-T for B Cell-Related Autoimmune Disease,RECRUITING,Early Phase 1,The Children's Hospital of Zhejiang University School of Medicine,OTHER,UCAR T-cell,biological,China,East Asia,2026-04-02,False,https://clinicaltrials.gov/study/NCT07507201
NCT07509892,A Clinical Trial on the Efficacy and Safety of TQH3906 in the Treatment of Systemic Lupus Erythematosus,NOT_YET_RECRUITING,Phase 2,"Chia Tai Tianqing Pharmaceutical Group Co., Ltd.",INDUSTRY,TQH3906 capsule; TQH3906 placebo,drug,China,East Asia,2026-05-12,False,https://clinicaltrials.gov/study/NCT07509892
NCT07512947,Study of YKST02 Alone or in Combination With YK012 in Patients With Active or Refractory Systemic Lupus Erythematosus,NOT_YET_RECRUITING,Phase 1,"Union Hospital, Tongji Medical College, Huazhong University of Science and Technology",OTHER,YK012; YKST02,drug,China,East Asia,2026-04-06,False,https://clinicaltrials.gov/study/NCT07512947
NCT07515014,A Study of E6742 in Participants With Systemic Lupus Erythematosus,RECRUITING,Phase 2,"Eisai Co., Ltd.",INDUSTRY,E6742; Placebo,drug; other,China; Japan,East Asia,2026-04-28,False,https://clinicaltrials.gov/study/NCT07515014
NCT07515638,Immun4Cure Cohort of Autoimmune Diseases,NOT_YET_RECRUITING,N/A,"University Hospital, Montpellier",OTHER,Blood test and principal collection; Examination; Optional collection; Patient questionnaires,biological; other,,,2026-04-15,False,https://clinicaltrials.gov/study/NCT07515638
NCT07516639,"First-in-Human Study of ISH0613: Safety, Tolerability, Pharmacokinetics, and Pharmacodynamics",NOT_YET_RECRUITING,Phase 1,"SUNHO（China）BioPharmaceutical CO., Ltd.",INDUSTRY,ISH0613 for injection; Placebo,drug,China,East Asia,2026-04-13,False,https://clinicaltrials.gov/study/NCT07516639
NCT07517536,CHT105 for the Treatment of Refractory Lupus Nephritis,NOT_YET_RECRUITING,N/A,The Affiliated Nanjing Drum Tower Hospital of Nanjing University Medical School,OTHER,anti-CD19/70 CAR T cells (CHT105),biological,China,East Asia,2026-04-08,False,https://clinicaltrials.gov/study/NCT07517536
NCT07523282,Safety and Preliminary Efficacy of HN2302 in Patients With Autoimmune Diseases,NOT_YET_RECRUITING,Phase 1,"Shenzhen MagicRNA Biotechnology Co., Ltd",INDUSTRY,HN2302 Injection,drug,China,East Asia,2026-04-14,False,https://clinicaltrials.gov/study/NCT07523282
NCT07523542,SELECT-SLE: Biomarker-Guided CAR-T Target Selection for Refractory Lupus,RECRUITING,"Phase 1, Phase 2",Beijing Biotech,INDUSTRY,"Autologous anti-CD19 CAR-T cells, intravenous single infusion at protocol-defined dose level (1 x 10^6 or 3 x 10^6 CAR-positive viable T cells/kg).; Cyclophosphamide; Fludarabine",biological; drug,China,East Asia,2026-04-13,False,https://clinicaltrials.gov/study/NCT07523542
NCT07526350,MTS109 in Patients With Refractory Autoimmune Diseases,RECRUITING,Early Phase 1,Shanghai Changzheng Hospital,OTHER,MTS109,drug,China,East Asia,2026-04-16,False,https://clinicaltrials.gov/study/NCT07526350
NCT07535138,Efficacy and Safety of CD19 CAR-γδ T Cells in the Treatment of Relapsed/Refractory Autoimmune Nephropathy,NOT_YET_RECRUITING,Early Phase 1,"Air Force Military Medical University, China",OTHER,CD19 CAR-γδ T cell,biological,China,East Asia,2026-04-16,False,https://clinicaltrials.gov/study/NCT07535138
NCT07538154,A Clinica Study of SCTC21C in Participants With Systemic Lupus Erythematosus,NOT_YET_RECRUITING,"Phase 1, Phase 2",Sinocelltech Ltd.,INDUSTRY,SCTC21C,biological,,,2026-04-20,False,https://clinicaltrials.gov/study/NCT07538154
NCT07544225,Study Investigating the Safety of Anti-CD19 CAR-T Cells Therapy Produced at Gustave Roussy for Adults With Severe and Refractory Systemic Autoimmune Rheumatic Diseases,NOT_YET_RECRUITING,Phase 1,"Gustave Roussy, Cancer Campus, Grand Paris",OTHER,anti-CD19 CAR-T cells,biological,France,Europe,2026-04-22,False,https://clinicaltrials.gov/study/NCT07544225
NCT07545408,Subclinical Atherosclerosis in Juvenile Systemic Lupus Erythematosus,NOT_YET_RECRUITING,N/A,Assiut University,OTHER,,,,,2026-04-22,False,https://clinicaltrials.gov/study/NCT07545408
NCT07555626,Mediterranean Diet and Gut Microbiota in Children With Systemic Lupus Erythematosus,NOT_YET_RECRUITING,N/A,TC Erciyes University,OTHER,Mediterranean Diet-Based Individual Nutrition Counseling,behavioral,Turkey (Türkiye),Other / Global,2026-04-29,False,https://clinicaltrials.gov/study/NCT07555626
NCT07558850,Exploratory Clinical Study of Anti-CD19/BCMA Universal CAR-T Cell Injection for the Treatment of Refractory Autoimmune Diseases,RECRUITING,N/A,The First Affiliated Hospital with Nanjing Medical University,OTHER,anti-CD19/BCMA-UCAR-T cells,biological,China,East Asia,2026-04-30,False,https://clinicaltrials.gov/study/NCT07558850
NCT07564596,A Phase 1b/2a Study of Budoprutug in Systemic Lupus Erythematosus (SLE),NOT_YET_RECRUITING,"Phase 1, Phase 2","Climb Bio, Inc.",INDUSTRY,Budoprutug,drug,China,East Asia,2026-05-04,False,https://clinicaltrials.gov/study/NCT07564596
NCT07570862,"A Phase 2, Open-Label, Single-Arm Trial of FT819 in Participants With Lupus Nephritis",NOT_YET_RECRUITING,Phase 2,Fate Therapeutics,INDUSTRY,FT819,biological,,,2026-05-11,False,https://clinicaltrials.gov/study/NCT07570862
NCT07575347,Periodontal Disease in Rare Renal Disorders (PERIO-RA-RE),NOT_YET_RECRUITING,N/A,Stefan Lujinschi,OTHER,Observational assessment,other,Romania,Europe,2026-05-08,False,https://clinicaltrials.gov/study/NCT07575347
NCT07583030,A Clinical Study to Evaluate LVIVO-TaVec400 for the Treatment of Relapsed/Refractory Autoimmune Diseases,NOT_YET_RECRUITING,Early Phase 1,"Union Hospital, Tongji Medical College, Huazhong University of Science and Technology",OTHER,LVIVO-TaVec400 product,biological,China,East Asia,2026-05-13,False,https://clinicaltrials.gov/study/NCT07583030
NCT07586267,CD19/BCMA UCAR-T for B Cell-Related Autoimmune Disease,RECRUITING,Early Phase 1,The Children's Hospital of Zhejiang University School of Medicine,OTHER,QT-219CX,biological,China,East Asia,2026-05-14,False,https://clinicaltrials.gov/study/NCT07586267
